ann_id,image,cls,img_w,img_h,bbox_x,bbox_y,bbox_w_px,bbox_h_px,bbox_area_px2,w_ratio,h_ratio,area_ratio,fov_w_mm,fov_h_mm,px_per_mm,bbox_w_mm,bbox_h_mm,bbox_area_mm2,diag_px,min_side_px,min_side_mm
1,categories/Component Crack/Cheack.jpg,Component Crack,1280,720,839.5,320.1,139.7,185.3,25886.41,0.10914062499999999,0.25736111111111115,0.02808855251736111,15.0,8.4375,85.33333333333333,1.6371093749999999,2.1714843750000004,3.5549574279785157,232.06072481141655,139.7,1.6371093749999999
2,categories/Component Crack/Crack 1.jpg,Component Crack,1280,720,849.5,320.1,126.8,188.15,23857.420000000002,0.0990625,0.26131944444444444,0.02588695746527778,15.0,8.4375,85.33333333333333,1.4859375000000001,2.2048828125,3.276318054199219,226.88909735815866,126.8,1.4859375000000001
3,categories/Component Crack/Crack.jpg,Component Crack,1280,720,527.7,277.9,69.2,88.0,6089.6,0.0540625,0.12222222222222222,0.0066076388888888895,8.5,4.78125,150.58823529411765,0.45953125,0.584375,0.26853857421875,111.94927422721418,69.2,0.45953125
4,categories/Component Crack/Creack.jpg,Component Crack,1280,720,606.0,281.61,78.4,127.59,10003.056,0.061250000000000006,0.17720833333333333,0.010854010416666667,7.0,3.9375,182.85714285714286,0.42875,0.6977578125,0.299163662109375,149.75235590801236,78.4,0.42875
5,categories/Component Crack/R36 COMPONENT CRACK.jpg,Component Crack,1280,720,694.8,206.07,56.2,75.93,4267.2660000000005,0.04390625,0.10545833333333335,0.004630279947916667,8.5,4.78125,150.58823529411765,0.373203125,0.5042226562500001,0.1881774710083008,94.46589278676194,56.2,0.373203125
6,categories/Component Crack/component cracked.jpg,Component Crack,1280,720,606.6,287.31,81.9,119.49,9786.231,0.06398437500000001,0.16595833333333332,0.010618740234375,7.0,3.9375,182.85714285714286,0.44789062500000004,0.6534609375,0.2926790277099609,144.8636258692982,81.9,0.44789062500000004
7,categories/Component Damage/BD1 DAMAGE.jpg,Component Damage,1280,720,463.21,392.79,614.34,215.24,132230.54160000003,0.47995312500000004,0.29894444444444446,0.14347932031250002,35.0,19.6875,36.57142857142857,16.798359375,5.88546875,98.86621915283206,650.9546014892284,215.24,5.88546875
8,categories/Component Damage/Component Damage (2).jpg,Component Damage,1280,720,438.0,331.79,297.93,118.01,35158.719300000004,0.2327578125,0.16390277777777779,0.038149652018229174,8.0,4.5,160.0,1.8620625,0.7375625,1.3733874726562503,320.45069043458153,118.01,0.7375625
9,categories/Component Damage/Component Damage.jpg,Component Damage,1280,720,358.84,110.14,174.56,192.86,33665.6416,0.136375,0.2678611111111111,0.03652955902777778,5.0,2.8125,256.0,0.681875,0.753359375,0.513696923828125,260.1272250265243,174.56,0.681875
10,categories/Component Damage/Damage.jpg,Component Damage,1280,720,552.1,301.5,176.5,229.4,40489.1,0.137890625,0.3186111111111111,0.043933485243055556,5.0,2.8125,256.0,0.689453125,0.89609375,0.6178146362304687,289.44189399601436,176.5,0.689453125
11,categories/Component Damage/R13 Damage.jpg,Component Damage,1280,720,449.9,395.3,209.4,94.6,19809.239999999998,0.16359375,0.1313888888888889,0.021494401041666663,6.5,3.65625,196.92307692307693,1.0633593749999999,0.48039062499999996,0.5108278747558593,229.77710939081814,94.6,0.48039062499999996
12,categories/Component Damage/R27 DAMAGE.jpg,Component Damage,1280,720,459.59,296.9,240.36,78.06,18762.501600000003,0.18778125,0.10841666666666668,0.020358617187500004,9.0,5.0625,142.22222222222223,1.69003125,0.548859375,0.9275894956054688,252.71781338085373,78.06,0.548859375
13,categories/Component Damage/R28 COMPONENT DAMAGE.jpg,Component Crack,1280,720,696.4,228.4,129.6,238.0,30844.8,0.10124999999999999,0.33055555555555555,0.03346875,15.0,8.4375,85.33333333333333,1.51875,2.7890625,4.235888671875,270.9984501800702,129.6,1.51875
14,categories/Component Damage/R31 COMPONENT DAMAGE.jpg,Component Damage,1280,720,600.64,218.9,261.86,160.38,41997.1068,0.204578125,0.22275,0.04556977734375,7.0,3.9375,182.85714285714286,1.432046875,0.8770781249999999,1.2560169880371095,307.0706824169315,160.38,0.8770781249999999
15,categories/Component Damage/R36 COMPONENT CRACK.jpg,Component Crack,1280,720,695.7,195.0,74.4,96.7,7194.4800000000005,0.058125,0.13430555555555557,0.007806510416666667,8.5,4.78125,150.58823529411765,0.4940625,0.6421484375,0.31726146240234376,122.00922096300755,74.4,0.4940625
16,categories/Component Damage/R36 Damage.jpg,Component Damage,1280,720,430.81,304.44,118.79,105.36,12515.7144,0.09280468750000001,0.14633333333333334,0.013580419270833335,8.0,4.5,160.0,0.7424375000000001,0.6585,0.48889509375,158.78222098207343,105.36,0.6585
17,categories/Component Damage/R43 DAMAGE.jpg,Component Damage,1280,720,600.7,370.6,253.25,205.6,52068.2,0.1978515625,0.28555555555555556,0.05649761284722222,7.5,4.21875,170.66666666666666,1.48388671875,1.2046875000000001,1.7876197814941406,326.2007395761083,205.6,1.2046875000000001
18,categories/Component Liftup/CON2 lift up.jpg,Component Liftup,1280,720,284.5,545.5,636.0,151.85,96576.59999999999,0.496875,0.21090277777777777,0.10479231770833332,25.0,14.0625,51.2,12.421875,2.9658203124999996,36.84104919433593,653.8764581325742,151.85,2.9658203124999996
19,categories/Component Liftup/CON3 lift-up.jpg,Component Liftup,1280,720,452.4,487.7,620.31,173.67,107729.23769999998,0.48461718749999994,0.2412083333333333,0.11689370410156248,20.0,11.25,64.0,9.69234375,2.71359375,26.30108342285156,644.1628404371056,173.67,2.71359375
20,categories/Component Liftup/Component Liftup.jpg,Component Liftup,1280,720,344.45,35.3,630.39,515.25,324808.4475,0.4924921875,0.715625,0.3524397216796875,20.0,11.25,64.0,9.84984375,8.05078125,79.29893737792969,814.1708141416026,515.25,8.05078125
21,categories/Component Liftup/Connecter Lift-up.jpg,Component Liftup,1280,720,466.79,552.1,518.13,126.54,65564.17020000001,0.4047890625,0.17575000000000002,0.071141677734375,35.0,19.6875,36.57142857142857,14.167617187500001,3.4600781250000003,49.02106231384278,533.3582928013776,126.54,3.4600781250000003
22,categories/Component Liftup/Connecter Liftup (2).jpg,Component Liftup,1280,720,466.79,374.96,574.26,169.84,97532.3184,0.448640625,0.2358888888888889,0.10582933854166666,20.0,11.25,64.0,8.9728125,2.65375,23.811601171875,598.8490404100185,169.84,2.65375
23,categories/Component Liftup/Connecter Liftup (3).jpg,Component Liftup,1280,720,499.89,449.8,533.96,146.81,78390.6676,0.41715625,0.2039027777777778,0.08505931814236112,20.0,11.25,64.0,8.343125,2.29390625,19.13834658203125,553.774735519778,146.81,2.29390625
24,categories/Component Liftup/Connecter Liftup (4).jpg,Component Liftup,1280,720,371.8,558.1,577.3,149.3,86190.89,0.451015625,0.20736111111111113,0.09352310112847222,30.0,16.875,42.666666666666664,13.530468749999999,3.4992187500000003,47.34606994628906,596.2933673956134,149.3,3.4992187500000003
25,categories/Component Liftup/Connecter Liftup.jpg,Component Liftup,1280,720,366.04,409.51,833.16,205.89,171539.3124,0.65090625,0.2859583333333333,0.18613206640625,18.0,10.125,71.11111111111111,11.716312499999999,2.895328125,33.92256910253906,858.2227436394353,205.89,2.895328125
26,categories/Component Liftup/D58 lift-up.jpg,Component Liftup,1280,720,368.92,239.67,495.1,270.58,133964.158,0.38679687500000004,0.37580555555555556,0.14536041449652778,8.5,4.78125,150.58823529411765,3.2877734375,1.7968203124999997,5.907538095397949,564.2140962436157,270.58,1.7968203124999997
27,categories/Component Liftup/J2 CONNECTOR LIFT-UP.jpg,Component Liftup,1280,720,482.62,590.85,401.55,125.22,50282.091,0.3137109375,0.17391666666666666,0.054559560546875004,30.0,16.875,42.666666666666664,9.411328125,2.93484375,27.62077752685547,420.62150551297304,125.22,2.93484375
28,categories/Component Liftup/J2 connector lift up (1).jpg,Component Liftup,1280,720,547.39,567.82,385.71,110.18,42497.5278,0.3013359375,0.1530277777777778,0.046112768880208335,35.0,19.6875,36.57142857142857,10.5467578125,3.0127343750000004,31.77457980651856,401.13817631833547,110.18,3.0127343750000004
29,categories/Component Liftup/J2 connector lift up.jpg,Component Liftup,1280,720,554.58,573.58,375.65,99.92,37534.948,0.2934765625,0.13877777777777778,0.040728025173611106,35.0,19.6875,36.57142857142857,10.2716796875,2.7321875,28.064154846191407,388.7118841764424,99.92,2.7321875
30,categories/Component Liftup/J2 coonnector lift up (2).jpg,Component Liftup,1280,720,440.9,547.67,273.44,150.03,41024.2032,0.213625,0.208375,0.044514109375000006,40.0,22.5,32.0,8.545,4.6884375,40.0626984375,311.8949093845554,150.03,4.6884375
31,categories/Component Liftup/J2 coonnector lift up.jpg,Component Liftup,1280,720,515.4,530.4,365.1,169.83,62004.93300000001,0.28523437500000004,0.23587500000000003,0.06727965820312501,35.0,19.6875,36.57142857142857,9.983203125000001,4.643789062500001,46.35988948059083,402.6664114375571,169.83,4.643789062500001
32,categories/Component Liftup/Liftup (2).jpg,Component Liftup,1280,720,377.55,163.0,634.71,508.45,322718.2995,0.49586718750000003,0.7061805555555556,0.35017176595052085,20.0,11.25,64.0,9.91734375,7.94453125,78.7886473388672,813.2516133399306,508.45,7.94453125
33,categories/Component Liftup/Liftup (3).jpg,Component Liftup,1280,720,340.62,37.7,644.28,523.1,337022.868,0.50334375,0.7265277777777778,0.36569321614583333,20.0,11.25,64.0,10.066875,8.1734375,82.2809736328125,829.8977818984697,523.1,8.1734375
34,categories/Component Liftup/Liftup.jpg,Component Liftup,1280,720,411.89,516.8,735.5,142.54,104838.17,0.574609375,0.19797222222222222,0.11375669487847222,20.0,11.25,64.0,11.4921875,2.2271875,25.59525634765625,749.184824726182,142.54,2.2271875
35,categories/Component Liftup/R6 Lift-up.jpg,Component Liftup,1280,720,658.49,126.25,203.31,555.9,113020.029,0.1588359375,0.7720833333333333,0.122634580078125,35.0,19.6875,36.57142857142857,5.5592578125,15.200390625,84.50289033508301,591.9119580647108,203.31,5.5592578125
36,categories/Component Liftup/U5 LIFT-UP.jpg,Component Liftup,1280,720,247.97,209.4,507.44,424.28,215296.6432,0.3964375,0.5892777777777778,0.23361180902777776,25.0,14.0625,51.2,9.9109375,8.286718749999999,82.12915161132811,661.4445343337565,424.28,8.286718749999999
37,categories/Component Liftup/U5 Lift-up (2).jpg,Component Liftup,1280,720,450.38,114.84,591.54,483.21,285838.04339999997,0.46214062499999997,0.671125,0.31015412695312494,20.0,11.25,64.0,9.2428125,7.55015625,69.78467856445312,763.8137703000647,483.21,7.55015625
38,categories/Component Liftup/U5 Liftup.jpg,Component Liftup,1280,720,344.9,55.7,638.57,508.14,324482.9598,0.49888281250000005,0.70575,0.352086544921875,20.0,11.25,64.0,9.97765625,7.9396875,79.21947260742188,816.074692966275,508.14,7.9396875
39,categories/Component Liftup/component missing.jpg,Component Missing,1280,720,403.34,308.69,356.35,159.65,56891.277500000004,0.27839843750000004,0.2217361111111111,0.061730986870659726,18.0,10.125,71.11111111111111,5.0111718750000005,2.245078125,11.250472357177733,390.4784821216145,159.65,2.245078125
40,categories/Component Missing/C37 Missing.jpg,Component Missing,1280,720,545.88,304.42,386.28,178.17,68823.5076,0.30178125,0.2474583333333333,0.07467828515625,15.0,8.4375,85.33333333333333,4.52671875,2.0879296875,9.45147046508789,425.39015891296776,178.17,2.0879296875
41,categories/Component Missing/D10 MISSING (1).jpg,Component Missing,1280,720,326.37,164.73,671.36,265.12,177990.9632,0.5245,0.36822222222222223,0.19313255555555556,8.5,4.78125,150.58823529411765,4.45825,1.7605625,7.849027765624999,721.8122082647259,265.12,1.7605625
42,categories/Component Missing/D10 missing (2).jpg,Component Missing,1280,720,515.95,291.59,315.01,185.3,58371.353,0.24610156249999998,0.25736111111111115,0.06333697157118055,18.0,10.125,71.11111111111111,4.429828124999999,2.60578125,11.543163068847655,365.4687265690458,185.3,2.60578125
43,categories/Component Missing/D10 missing (3).jpg,Component Missing,1280,720,377.68,223.17,461.83,191.0,88209.53,0.3608046875,0.2652777777777778,0.09571346571180556,12.0,6.75,106.66666666666667,4.329656249999999,1.790625,7.752790722656249,499.7678950272816,191.0,1.790625
44,categories/Component Missing/D10 missing.jpg,Component Missing,1280,720,414.74,275.91,414.79,163.92,67992.3768,0.3240546875,0.22766666666666666,0.07377645052083333,14.0,7.875,91.42857142857143,4.536765625,1.7928749999999998,8.133853669921875,446.00505658568494,163.92,1.7928749999999998
45,categories/Component Missing/D11 led missing (1).jpg,Component Missing,1280,720,615.72,271.63,343.52,191.01,65615.7552,0.268375,0.26529166666666665,0.07119765104166667,18.0,10.125,71.11111111111111,4.830749999999999,2.686078125,12.975771902343748,393.0531904208386,191.01,2.686078125
46,categories/Component Missing/D11 led missing.jpg,Component Missing,1280,720,618.57,278.76,327.84,200.98,65889.28319999999,0.256125,0.2791388888888889,0.07149444791666666,18.0,10.125,71.11111111111111,4.61025,2.8262812499999996,13.029863132812496,384.5413189762577,200.98,2.8262812499999996
47,categories/Component Missing/D12 MISSING.jpg,Component Missing,1280,720,585.79,408.47,225.21,98.35,22149.4035,0.1759453125,0.1365972222222222,0.024033640950520834,30.0,16.875,42.666666666666664,5.278359375000001,2.305078125,12.167030731201173,245.74838066607887,98.35,2.305078125
48,categories/Component Missing/D12 Missing (2).jpg,Component Missing,1280,720,339.2,327.22,504.59,182.45,92062.44549999999,0.39421093749999997,0.25340277777777775,0.09989414659288193,12.0,6.75,106.66666666666667,4.730531249999999,1.7104687499999998,8.091425874023436,536.5622709434572,182.45,1.7104687499999998
49,categories/Component Missing/D13 LED missing.jpg,Component Missing,1280,720,471.76,312.97,364.9,165.35,60336.215,0.28507812499999996,0.22965277777777776,0.06546898328993055,18.0,10.125,71.11111111111111,5.1314062499999995,2.325234375,11.93172220458984,400.6153173556897,165.35,2.325234375
50,categories/Component Missing/D13 missing (1).jpg,Component Missing,1280,720,557.28,332.93,319.29,125.43,40048.544700000006,0.24944531250000002,0.17420833333333335,0.043455452148437504,20.0,11.25,64.0,4.98890625,1.95984375,9.777476733398439,343.0434214498217,125.43,1.95984375
51,categories/Component Missing/D13 missing.jpg,Component Missing,1280,720,483.16,74.93,260.85,230.91,60232.8735,0.2037890625,0.3207083333333333,0.0653568505859375,25.0,14.0625,51.2,5.0947265625,4.5099609375,22.977017784118647,348.3707085849785,230.91,4.5099609375
52,categories/Component Missing/D14 missing.jpg,Component Missing,1280,720,431.85,332.93,414.79,151.09,62670.621100000004,0.3240546875,0.20984722222222224,0.06800197601996529,14.0,7.875,91.42857142857143,4.536765625,1.652546875,7.497217856201172,441.4509397430252,151.09,1.652546875
53,categories/Component Missing/D3 MISSING.jpg,Component Missing,1280,720,383.38,317.25,330.7,196.7,65048.689999999995,0.258359375,0.2731944444444444,0.07058234592013889,20.0,11.25,64.0,5.1671875,3.0734375,15.881027832031249,384.77705233030724,196.7,3.0734375
54,categories/Component Missing/D49 LED MISSING (1).jpg,Component Missing,1280,720,495.99,322.95,324.99,153.94,50028.9606,0.2538984375,0.21380555555555555,0.054284896484375,18.0,10.125,71.11111111111111,4.570171875,2.16478125,9.893422384277342,359.605372179004,153.94,2.16478125
55,categories/Component Missing/D49 LED MISSING.jpg,Component Missing,1280,720,500.27,308.69,342.09,196.71,67292.5239,0.26725781249999997,0.27320833333333333,0.0730170615234375,18.0,10.125,71.11111111111111,4.810640625,2.766234375,13.307359462646483,394.61423213057077,196.71,2.766234375
56,categories/Component Missing/D6 missing.jpg,Component Missing,1280,720,461.78,397.07,262.27,182.45,47851.161499999995,0.20489843749999997,0.25340277777777775,0.05192183322482638,9.5,5.34375,134.73684210526315,1.94653515625,1.35412109375,2.635844314804077,319.4895231459085,182.45,1.35412109375
57,categories/Component Missing/F1 MISSING.jpg,Component Missing,1280,720,409.04,220.32,630.02,297.91,187689.2582,0.49220312499999996,0.41376388888888893,0.2036558791232639,16.0,9.0,80.0,7.875249999999999,3.7238750000000005,29.326446593750003,696.9042749904753,297.91,3.7238750000000005
58,categories/Component Missing/J1 Connector MIssing (2).jpg,Component Missing,1280,720,292.16,3.66,746.9,384.86,287451.934,0.583515625,0.5345277777777778,0.31190531032986113,25.0,14.0625,51.2,14.587890624999998,7.516796875,109.65421066284178,840.2242733937172,384.86,7.516796875
59,categories/Component Missing/J1 connector missing.jpg,Component Missing,1280,720,304.99,3.66,725.52,302.18,219237.6336,0.5668124999999999,0.4196944444444445,0.23788805729166668,25.0,14.0625,51.2,14.1703125,5.9019531249999995,83.63252014160155,785.9338539597337,302.18,5.9019531249999995
60,categories/Component Missing/J10 Missing.jpg,Component Missing,1280,720,574.39,201.79,419.06,175.32,73469.5992,0.327390625,0.2435,0.0797196171875,30.0,16.875,42.666666666666664,9.82171875,4.1090625,40.35805620117188,454.25585962098495,175.32,4.1090625
61,categories/Component Missing/J10 connector missing (1).jpg,Component Missing,1280,720,625.7,154.75,165.35,362.05,59864.9675,0.1291796875,0.5028472222222222,0.06495764702690972,30.0,16.875,42.666666666666664,3.875390625,8.485546875,32.88480880737305,398.02113637343433,165.35,3.875390625
62,categories/Component Missing/J2 connector missing (1).jpg,Component Missing,1280,720,416.17,59.25,543.07,551.63,299573.70410000003,0.4242734375,0.7661527777777778,0.3250582726779514,30.0,16.875,42.666666666666664,12.728203125000002,12.928828125,164.56075054321292,774.0934580527083,543.07,12.728203125000002
63,categories/Component Missing/J2 connector missing (2) (1).jpg,Component Missing,1280,720,434.7,157.6,427.62,389.13,166399.7706,0.334078125,0.5404583333333334,0.180555306640625,35.0,19.6875,36.57142857142857,11.692734375,10.640273437500001,124.41389098205566,578.1704085302188,389.13,10.640273437500001
64,categories/Component Missing/J2 connector missing.jpg,Component Missing,1280,720,434.7,156.18,434.74,389.13,169170.3762,0.33964062500000003,0.5404583333333334,0.18356160611979166,35.0,19.6875,36.57142857142857,11.887421875000001,10.640273437500001,126.48541921691896,583.4561033188359,389.13,10.640273437500001
65,categories/Component Missing/J4 connector pin missing.jpg,Component Missing,1280,720,283.61,139.07,570.15,303.61,173103.2415,0.4454296875,0.42168055555555556,0.1878290380859375,20.0,11.25,64.0,8.90859375,4.74390625,42.26153356933594,645.948956652149,303.61,4.74390625
66,categories/Component Missing/J4 missing.jpg,Component Missing,1280,720,118.26,196.09,885.17,369.17,326778.2089,0.6915390625,0.5127361111111112,0.35457704958767366,13.0,7.3125,98.46153846153847,8.990007812499998,3.7493828125,33.706980776428225,959.06851569635,369.17,3.7493828125
67,categories/Component Missing/J6 connector missing.jpg,Component Missing,1280,720,352.03,355.73,550.2,232.34,127833.46800000001,0.42984375,0.32269444444444445,0.13870819010416668,20.0,11.25,64.0,8.596875,3.6303125,31.209342773437502,597.245272563961,232.34,3.6303125
68,categories/Component Missing/J6 missing.jpg,Component Missing,1280,720,369.13,280.19,573.01,245.16,140479.1316,0.4476640625,0.34049999999999997,0.15242961328125,20.0,11.25,64.0,8.95328125,3.830625,34.29666298828125,623.2526660191676,245.16,3.830625
69,categories/Component Missing/J8 missing.jpg,Component Missing,1280,720,322.09,277.34,547.35,235.19,128731.24650000001,0.4276171875,0.3266527777777778,0.13968234212239583,20.0,11.25,64.0,8.55234375,3.67484375,31.428526977539065,595.7401770906508,235.19,3.67484375
70,categories/Component Missing/L1 missing.jpg,Component Missing,1280,720,510.24,218.9,349.23,339.24,118472.78520000001,0.2728359375,0.4711666666666667,0.12855119921875002,30.0,16.875,42.666666666666664,8.185078125,7.9509375,65.0790446044922,486.8730537830164,339.24,7.9509375
71,categories/Component Missing/L3 Missing.jpg,Component Missing,1280,720,426.15,251.68,320.71,283.65,90969.39149999998,0.2505546875,0.3939583333333333,0.09870810709635415,35.0,19.6875,36.57142857142857,8.7694140625,7.7560546875,68.01605504608153,428.1497712249768,283.65,7.7560546875
72,categories/Component Missing/LED MISSING.jpg,Component Missing,1280,720,547.3,161.88,367.76,354.92,130525.3792,0.28731249999999997,0.49294444444444446,0.14162910069444443,20.0,11.25,64.0,5.74625,5.545625,31.86654765625,511.0925786978324,354.92,5.545625
73,categories/Component Missing/Missing (2).jpg,Component Missing,1280,720,507.39,221.75,349.22,332.11,115979.45420000001,0.27282812500000003,0.4612638888888889,0.12584576193576388,30.0,16.875,42.666666666666664,8.18484375,7.783828125,63.709416979980475,481.9249531825469,332.11,7.783828125
74,categories/Component Missing/Missing.jpg,Component Missing,1280,720,440.4,265.93,558.75,219.51,122651.2125,0.4365234375,0.304875,0.1330850830078125,20.0,11.25,64.0,8.73046875,3.42984375,29.94414367675781,600.3217492311935,219.51,3.42984375
75,categories/Component Missing/R16 component missing.jpg,Component Missing,1280,720,716.93,311.55,293.63,138.26,40597.2838,0.2293984375,0.19202777777777777,0.04405087217881944,10.0,5.625,128.0,2.293984375,1.08015625,2.4778615600585936,324.5526220815355,138.26,1.08015625
76,categories/Component Missing/R18 misssing.jpg,Component Missing,1280,720,210.91,291.59,684.19,305.03,208698.4757,0.5345234375000001,0.42365277777777777,0.2264523390842014,20.0,11.25,64.0,10.69046875,4.76609375,50.951776293945315,749.1056380778348,305.03,4.76609375
77,categories/Component Missing/R25 missing.jpg,Component Missing,1280,720,257.95,288.74,393.41,202.4,79626.18400000001,0.3073515625,0.28111111111111114,0.08639993923611113,7.5,4.21875,170.66666666666666,2.3051367187500005,1.1859375,2.7337480773925784,442.42195707265705,202.4,1.1859375
78,categories/Component Missing/R47 component missing.jpg,Component Missing,720,1280,280.74,590.93,215.22,320.94,69072.7068,0.29891666666666666,0.250734375,0.07494868359375,9.0,16.0,80.0,2.69025,4.01175,10.7926104375,386.42221985802007,215.22,2.69025
79,categories/Component Missing/U4 IC missing.jpg,Component Missing,1280,720,486.01,83.48,403.39,461.83,186297.60369999998,0.3151484375,0.6414305555555555,0.20214583734809025,25.0,14.0625,51.2,7.878710937499999,9.020117187499999,71.06689594268796,613.1969023078965,403.39,7.878710937499999
80,categories/Component Missing/U5 Missing (1).jpg,Component Missing,1280,720,424.72,153.33,604.37,313.58,189518.34459999998,0.4721640625,0.43552777777777774,0.20564056488715277,20.0,11.25,64.0,9.44328125,4.8996875,46.26912709960937,680.8784864423313,313.58,4.8996875
81,categories/Component Missing/U7 MISSING.jpg,Component Missing,1280,720,508.82,159.03,366.32,411.94,150901.8608,0.2861875,0.5721388888888889,0.16373899826388888,25.0,14.0625,51.2,7.1546875,8.045703125,57.564491577148424,551.2575677485072,366.32,7.1546875
82,categories/Component Missing/component missing.jpg,Component Missing,1280,720,386.24,314.4,350.64,149.66,52476.7824,0.2739375,0.2078611111111111,0.056940953125,18.0,10.125,71.11111111111111,4.9308749999999995,2.10459375,10.377488707031247,381.24339364768014,149.66,2.10459375
83,categories/Component No Solder/BLACK  wire no solder.jpg,Component No Solder,1280,720,909.35,308.69,152.52,133.99,20436.154800000004,0.11915625,0.18609722222222225,0.02217464713541667,25.0,14.0625,51.2,2.97890625,2.6169921875,7.795774383544922,203.01642913813652,133.99,2.6169921875
84,categories/Component No Solder/BLACK wire no solder.jpg,Component No Solder,1280,720,562.98,268.78,235.19,316.44,74423.5236,0.1837421875,0.4395,0.08075469140625,13.0,7.3125,98.46153846153847,2.3886484374999997,3.2138437499999997,7.67674285180664,394.26971694513895,235.19,2.3886484374999997
85,categories/Component No Solder/C12 No Solder.jpg,Component No Solder,1280,720,557.28,236.0,159.65,280.8,44829.72,0.1247265625,0.39,0.048643359375,11.0,6.1875,116.36363636363636,1.3719921875,2.413125,3.310788647460938,323.01201603036384,159.65,1.3719921875
86,categories/Component No Solder/C12 component no solder.jpg,Component No Solder,1280,720,389.09,134.8,199.55,316.43,63143.6065,0.15589843750000001,0.43948611111111113,0.06851519802517361,8.5,4.78125,150.58823529411765,1.32513671875,2.10129296875,2.784500469741821,374.0964413089224,199.55,1.32513671875
87,categories/Component No Solder/C2  component no solder.jpg,Component No Solder,1280,720,520.22,468.34,182.45,188.15,34327.9675,0.14253906249999998,0.26131944444444444,0.03724822862413194,40.0,22.5,32.0,5.7015625,5.8796875,33.52340576171875,262.08476682172886,182.45,5.7015625
88,categories/Component No Solder/C29 NO SOLDER.jpg,Component No Solder,1280,720,705.52,352.88,175.33,173.9,30489.887000000002,0.1369765625,0.24152777777777779,0.03308364474826389,25.0,14.0625,51.2,3.4244140625,3.396484375,11.630968856811522,246.94497140051263,173.9,3.396484375
89,categories/Component No Solder/C44 No solder.jpg,Component No Solder,1280,720,505.97,320.1,132.56,179.6,23807.775999999998,0.1035625,0.24944444444444444,0.025833090277777776,20.0,11.25,64.0,2.07125,2.80625,5.8124453124999995,223.2225651675923,132.56,2.07125
90,categories/Component No Solder/D2 no solder.jpg,Component No Solder,1280,720,856.61,558.14,112.61,98.35,11075.1935,0.0879765625,0.1365972222222222,0.012017354058159721,20.0,11.25,64.0,1.75953125,1.53671875,2.7039046630859374,149.51165372639016,98.35,1.53671875
91,categories/Component No Solder/F1 NO SOLDER.jpg,Component No Solder,1280,720,287.88,399.92,220.94,239.46,52906.2924,0.172609375,0.33258333333333334,0.05740700130208333,20.0,11.25,64.0,3.4521875,3.7415625,12.91657529296875,325.81524703426635,220.94,3.4521875
92,categories/Component No Solder/F1 no solder (2).jpg,Component No Solder,1280,720,423.3,345.75,165.34,239.47,39593.9698,0.129171875,0.3325972222222222,0.04296220681423611,20.0,11.25,64.0,2.5834375,3.74171875,9.666496533203125,291.00377403050976,165.34,2.5834375
93,categories/Component No Solder/J1 Connector No solder.jpg,Component No Solder,1280,720,515.95,331.5,141.11,142.54,20113.8194,0.1102421875,0.19797222222222222,0.02182489084201389,18.0,10.125,71.11111111111111,1.9843593750000001,2.0044687499999996,3.977586355957031,200.57338731746043,141.11,1.9843593750000001
94,categories/Component No Solder/J1 lead no solder (1).jpg,Component No Solder,1280,720,1016.26,439.83,78.39,136.84,10726.8876,0.0612421875,0.19005555555555556,0.01163941796875,35.0,19.6875,36.57142857142857,2.1434765625,3.7417187500000004,8.020286444091797,157.7028144961275,78.39,2.1434765625
95,categories/Component No Solder/J1 lead no solder (2).jpg,Component No Solder,1280,720,876.57,482.59,88.37,88.38,7810.1406,0.0690390625,0.12275,0.008474544921875,30.0,16.875,42.666666666666664,2.071171875,2.07140625,4.290238366699219,124.98112377475248,88.37,2.071171875
96,categories/Component No Solder/J1 lead no solder (2).jpg,Component No Solder,1280,720,766.81,484.02,86.95,89.8,7808.11,0.0679296875,0.12472222222222222,0.00847234157986111,30.0,16.875,42.666666666666664,2.037890625,2.1046875000000003,4.289122924804688,124.99736997233182,86.95,2.037890625
97,categories/Component No Solder/J1 lead no solder (2).jpg,Component No Solder,1280,720,979.2,479.74,91.22,91.23,8322.0006,0.071265625,0.12670833333333334,0.009029948567708333,30.0,16.875,42.666666666666664,2.13796875,2.1382031250000004,4.571411462402343,129.01163242126657,91.22,2.13796875
98,categories/Component No Solder/J1 lead no solder.jpg,Component No Solder,1280,720,206.64,436.98,99.77,94.08,9386.3616,0.0779453125,0.13066666666666665,0.010184854166666667,25.0,14.0625,51.2,1.9486328124999999,1.8375,3.5806127929687492,137.13168598103064,94.08,1.8375
99,categories/Component No Solder/J1 no solder.jpg,Component No Solder,1280,720,503.12,482.59,165.34,125.44,20740.2496,0.129171875,0.17422222222222222,0.02250461111111111,18.0,10.125,71.11111111111111,2.3250937499999997,1.7639999999999998,4.101465374999999,207.5391750971368,125.44,1.7639999999999998
100,categories/Component No Solder/J10 connector lead no solder.jpg,Component No Solder,1280,720,675.59,374.26,136.84,114.03,15603.8652,0.10690625000000001,0.158375,0.01693127734375,30.0,16.875,42.666666666666664,3.2071875000000003,2.6725781250000002,8.571459155273438,178.12362701225237,114.03,2.6725781250000002
101,categories/Component No Solder/J10 connector no solder.jpg,Component No Solder,1280,720,447.53,351.46,136.83,148.24,20283.679200000002,0.10689843750000001,0.2058888888888889,0.022009200520833334,18.0,10.125,71.11111111111111,1.924171875,2.084625,4.011176794921875,201.73632915268388,136.83,1.924171875
102,categories/Component No Solder/J10 connector solder not proper.jpg,Component No Solder,1280,720,615.72,358.58,115.46,111.18,12836.8428,0.090203125,0.15441666666666667,0.013928865885416667,35.0,19.6875,36.57142857142857,3.157109375,3.0400781250000004,9.597859149169922,160.28725463991202,111.18,3.0400781250000004
103,categories/Component No Solder/J10 connector solder not proper.jpg,Component No Solder,1280,720,615.72,358.58,115.46,111.18,12836.8428,0.090203125,0.15441666666666667,0.013928865885416667,35.0,19.6875,36.57142857142857,3.157109375,3.0400781250000004,9.597859149169922,160.28725463991202,111.18,3.0400781250000004
104,categories/Component No Solder/J10 no solder (1).jpg,Component No Solder,1280,720,791.05,425.58,111.18,96.92,10775.565600000002,0.086859375,0.13461111111111113,0.011692236979166668,30.0,16.875,42.666666666666664,2.60578125,2.2715625000000004,5.919194970703126,147.493995809999,96.92,2.2715625000000004
105,categories/Component No Solder/J10 no solder.jpg,Component No Solder,1280,720,561.56,357.16,108.33,124.01,13434.0033,0.0846328125,0.17223611111111112,0.014576826497395834,30.0,16.875,42.666666666666664,2.538984375,2.9064843750000002,7.3795184143066415,164.66289503103,108.33,2.538984375
106,categories/Component No Solder/J2 connector no solder (1).jpg,Component No Solder,1280,720,719.78,415.6,88.37,96.93,8565.7041,0.0690390625,0.13462500000000002,0.009294383789062501,25.0,14.0625,51.2,1.7259765625,1.8931640625000001,3.267556800842285,131.16661846674253,88.37,1.7259765625
107,categories/Component No Solder/J2 connector no solder.jpg,Component No Solder,1280,720,109.71,243.13,223.79,326.41,73047.2939,0.17483593749999998,0.45334722222222223,0.07926138661024305,13.0,7.3125,98.46153846153847,2.2728671874999997,3.3151015625,7.5347855646362305,395.75933621331035,223.79,2.2728671874999997
108,categories/Component No Solder/J2 connector pin no solder (1).jpg,Component No Solder,1280,720,112.86,291.43,182.85,171.43,31345.9755,0.1428515625,0.23809722222222224,0.03401256022135417,18.0,10.125,71.11111111111111,2.571328125,2.410734375,6.198789100341796,250.64390557123068,171.43,2.410734375
109,categories/Component No Solder/J2 connector pin no solder.jpg,Component No Solder,1280,720,124.29,287.14,172.85,171.43,29631.6755,0.1350390625,0.23809722222222224,0.032152425672743054,18.0,10.125,71.11111111111111,2.430703125,2.410734375,5.859779578857421,243.44479333105483,171.43,2.410734375
110,categories/Component No Solder/J2 no solder (2).jpg,Component No Solder,1280,720,521.43,492.86,127.14,117.14,14893.1796,0.099328125,0.16269444444444445,0.016160134114583332,20.0,11.25,64.0,1.9865625,1.8303125,3.63603017578125,172.87671676660221,117.14,1.8303125
111,categories/Component No Solder/J2 no solder.jpg,Component No Solder,1280,720,657.14,227.14,138.57,154.29,21379.965299999996,0.1082578125,0.21429166666666666,0.023198747070312498,20.0,11.25,64.0,2.16515625,2.41078125,5.219718090820312,207.38140948503556,138.57,2.16515625
112,categories/Component No Solder/J2 no solder.jpg,Component No Solder,1280,720,1007.14,230.0,154.29,151.43,23364.1347,0.12053906249999999,0.21031944444444445,0.025351708658854166,20.0,11.25,64.0,2.41078125,2.36609375,5.704134448242187,216.18614432937187,151.43,2.36609375
113,categories/Component No Solder/J2 no solder.jpg,Component No Solder,1280,720,832.86,228.57,145.71,152.86,22273.230600000003,0.11383593750000001,0.21230555555555558,0.024168001953125004,20.0,11.25,64.0,2.27671875,2.3884375,5.437800439453126,211.18139998588893,145.71,2.27671875
114,categories/Component No Solder/J2 no solder.jpg,Component No Solder,1280,720,291.43,231.43,161.43,151.43,24445.344900000004,0.1261171875,0.21031944444444445,0.026524896809895837,20.0,11.25,64.0,2.52234375,2.36609375,5.968101782226563,221.3384056145702,151.43,2.36609375
115,categories/Component No Solder/J2 no solder.jpg,Component No Solder,1280,720,477.14,231.43,144.29,151.43,21849.8347,0.11272656249999999,0.21031944444444445,0.023708587999131944,20.0,11.25,64.0,2.25453125,2.36609375,5.334432299804687,209.16655803450035,144.29,2.25453125
116,categories/Component No Solder/J4 no solder (1).jpg,Component No Solder,1280,720,324.29,157.14,148.57,142.86,21224.7102,0.1160703125,0.19841666666666669,0.023030284505208335,30.0,16.875,42.666666666666664,3.482109375,3.3482812500000003,11.65908153076172,206.11167967876057,142.86,3.3482812500000003
117,categories/Component No Solder/J4 no solder (2).jpg,Component No Solder,1280,720,822.86,170.0,104.28,90.0,9385.2,0.08146875,0.125,0.01018359375,20.0,11.25,64.0,1.629375,1.40625,2.29130859375,137.7472990660797,90.0,1.40625
118,categories/Component No Solder/J4 no solder (2).jpg,Component No Solder,1280,720,570.0,171.43,114.29,88.57,10122.6653,0.0892890625,0.12301388888888888,0.010983794813368057,20.0,11.25,64.0,1.78578125,1.38390625,2.4713538330078126,144.59200876950288,88.57,1.38390625
119,categories/Component No Solder/J4 no solder (2).jpg,Component No Solder,1280,720,445.71,171.43,98.58,85.71,8449.291799999999,0.077015625,0.11904166666666666,0.009168068359374998,20.0,11.25,64.0,1.5403125,1.33921875,2.0628153808593748,130.63009033143933,85.71,1.33921875
120,categories/Component No Solder/J4 no solder (2).jpg,Component No Solder,1280,720,322.86,172.86,97.14,82.85,8048.048999999999,0.075890625,0.11506944444444443,0.008732692057291666,20.0,11.25,64.0,1.5178125,1.29453125,1.9648557128906248,127.67263645746492,82.85,1.29453125
121,categories/Component No Solder/J4 no solder (2).jpg,Component No Solder,1280,720,317.14,264.29,97.15,90.0,8743.5,0.0758984375,0.125,0.0094873046875,20.0,11.25,64.0,1.51796875,1.40625,2.1346435546875,132.431576672635,90.0,1.40625
122,categories/Component No Solder/MOV3 component no solder.jpg,Component No Solder,1280,720,595.71,477.14,74.29,141.43,10506.834700000001,0.0580390625,0.19643055555555555,0.011400645290798612,40.0,22.5,32.0,2.3215625,4.4196875,10.260580761718751,159.75433953417354,74.29,2.3215625
123,categories/Component No Solder/No Solder.jpg,Component No Solder,1280,720,760.0,185.71,121.43,140.0,17000.2,0.0948671875,0.19444444444444445,0.018446397569444446,30.0,16.875,42.666666666666664,2.846015625,3.28125,9.338488769531251,185.32470126780186,121.43,2.846015625
124,categories/Component No Solder/No solder (2).jpg,Component No Solder,1280,720,352.86,448.57,137.14,148.57,20374.889799999997,0.10714062499999999,0.2063472222222222,0.022108170355902776,35.0,19.6875,36.57142857142857,3.7499218749999996,4.0624609375,15.233911135864258,202.1890810602788,137.14,3.7499218749999996
125,categories/Component No Solder/Q1 component no solder.jpg,Component No Solder,1280,720,567.14,605.71,94.29,88.58,8352.208200000001,0.0736640625,0.12302777777777778,0.009062725911458335,40.0,22.5,32.0,2.9465625,2.768125,8.156453320312501,129.3716371543624,88.58,2.768125
126,categories/Component No Solder/Q1 component no solder.jpg,Component No Solder,1280,720,638.57,520.0,97.14,72.86,7077.6204,0.075890625,0.10119444444444445,0.007679709635416666,40.0,22.5,32.0,3.035625,2.276875,6.911738671875,121.42800006588266,72.86,2.276875
127,categories/Component No Solder/Q1 component no solder.jpg,Component No Solder,1280,720,498.57,520.0,64.29,71.43,4592.234700000001,0.0502265625,0.09920833333333334,0.004982893554687501,40.0,22.5,32.0,2.0090625,2.2321875,4.484604199218751,96.10124348831289,64.29,2.0090625
128,categories/Component No Solder/Q2 component lead no solder.jpg,Component No Solder,1280,720,487.14,457.14,145.72,200.0,29144.0,0.11384375,0.2777777777777778,0.03162326388888889,18.0,10.125,71.11111111111111,2.0491875,2.8125,5.763339843749999,247.45568977091636,145.72,2.0491875
129,categories/Component No Solder/R1 component no solder.jpg,Component No Solder,1280,720,415.71,451.43,100.0,64.28,6428.0,0.078125,0.08927777777777778,0.006974826388888889,40.0,22.5,32.0,3.125,2.00875,6.27734375,118.87774560446543,64.28,2.00875
130,categories/Component No Solder/R1 no solder.jpg,Component No Solder,1280,720,584.29,444.29,118.57,241.42,28625.169399999995,0.0926328125,0.3353055555555555,0.031060296657986104,40.0,22.5,32.0,3.7053125,7.544375,27.954266992187495,268.9655392424836,118.57,3.7053125
131,categories/Component No Solder/R2 component no solder (1).jpg,Component No Solder,1280,720,558.57,354.29,141.43,202.85,28689.0755,0.1104921875,0.2817361111111111,0.03112963921440972,16.0,9.0,80.0,1.767875,2.535625,4.482668046875,247.28640763293077,141.43,1.767875
132,categories/Component No Solder/R2 component no solder (2).jpg,Component No Solder,1280,720,841.43,225.71,174.28,240.0,41827.2,0.13615625,0.3333333333333333,0.045385416666666664,30.0,16.875,42.666666666666664,4.0846875,5.625,22.9763671875,296.60330139767495,174.28,4.0846875
133,categories/Component No Solder/R2 component no solder.jpg,Component No Solder,1280,720,544.29,362.86,157.14,205.71,32325.269399999997,0.12276562499999999,0.28570833333333334,0.035075162109374995,16.0,9.0,80.0,1.9642499999999998,2.571375,5.050823343749999,258.86209398055945,157.14,1.9642499999999998
134,categories/Component No Solder/R3 NO SOLDER.jpg,Component No Solder,1280,720,1035.71,235.71,168.58,174.29,29381.8082,0.131703125,0.24206944444444442,0.03188130230034722,20.0,11.25,64.0,2.6340625,2.72328125,7.173293017578125,242.4793197367561,168.58,2.6340625
135,categories/Component No Solder/R6 component no solder.jpg,Component No Solder,1280,720,715.71,527.14,127.15,140.0,17801.0,0.0993359375,0.19444444444444445,0.019315321180555556,40.0,22.5,32.0,3.9734375,4.375,17.3837890625,189.12197783441246,127.15,3.9734375
136,categories/Component No Solder/R8 NO SOLDER.jpg,Component No Solder,1280,720,518.57,414.29,155.72,98.57,15349.320399999999,0.12165625,0.13690277777777776,0.016655078559027776,40.0,22.5,32.0,4.86625,3.0803125,14.989570703124999,184.295315458641,98.57,3.0803125
137,categories/Component No Solder/R8 component no solder (2).jpg,Component No Solder,1280,720,545.71,384.29,92.86,195.71,18173.6306,0.072546875,0.27181944444444445,0.019719651258680557,35.0,19.6875,36.57142857142857,2.539140625,5.3514453125,13.588072195434572,216.62267586750932,92.86,2.539140625
138,categories/Component No Solder/R8 component no solder (3).jpg,Component No Solder,1280,720,708.57,447.14,204.29,137.15,28018.3735,0.1596015625,0.1904861111111111,0.030401880967881947,30.0,16.875,42.666666666666664,4.788046875,3.2144531250000004,15.390952239990236,246.05797406302443,137.15,3.2144531250000004
139,categories/Component No Solder/R8 component no solder (4).jpg,Component No Solder,1280,720,555.71,391.43,82.86,190.0,15743.4,0.064734375,0.2638888888888889,0.017082682291666665,35.0,19.6875,36.57142857142857,2.265703125,5.1953125,11.771035766601564,207.28188439899904,82.86,2.265703125
140,categories/Component No Solder/R8 component no solder.jpg,Component No Solder,1280,720,524.29,457.14,141.42,142.86,20203.2612,0.110484375,0.19841666666666669,0.02192194140625,35.0,19.6875,36.57142857142857,3.8669531249999998,3.9063281250000004,15.105587750244142,201.01889463431044,141.42,3.8669531249999998
141,categories/Component No Solder/R9 component no solder.jpg,Component No Solder,1280,720,207.14,317.14,100.0,130.0,13000.0,0.078125,0.18055555555555555,0.014105902777777778,20.0,11.25,64.0,1.5625,2.03125,3.173828125,164.01219466856725,100.0,1.5625
142,categories/Component No Solder/RED & GROUND wire no solder.jpg,Component No Solder,1280,720,384.29,257.14,130.0,161.43,20985.9,0.1015625,0.22420833333333334,0.022771158854166668,20.0,11.25,64.0,2.03125,2.52234375,5.1235107421875,207.267085906084,130.0,2.03125
143,categories/Component No Solder/RED & GROUND wire no solder.jpg,Component No Solder,1280,720,725.71,335.71,172.86,207.15,35807.949,0.135046875,0.28770833333333334,0.038854111328125,20.0,11.25,64.0,2.7009375,3.23671875,8.742175048828125,269.7993737946773,172.86,2.7009375
144,categories/Component No Solder/RV1  no solder.jpg,Component No Solder,1280,720,562.86,412.86,98.57,95.71,9434.134699999999,0.0770078125,0.13293055555555555,0.010236691297743053,35.0,19.6875,36.57142857142857,2.6952734375,2.6170703125,7.053720097351074,137.3915899900718,95.71,2.6170703125
145,categories/Component No Solder/RV1 LEAD no solder.jpg,Component No Solder,1280,720,607.14,505.71,128.57,105.72,13592.420399999999,0.1004453125,0.14683333333333334,0.014748720052083332,35.0,19.6875,36.57142857142857,3.5155859375,2.8907812500000003,10.162789910888671,166.454087663836,105.72,2.8907812500000003
146,categories/Component No Solder/RV1 no solder (1).jpg,Component No Solder,1280,720,681.43,500.0,117.14,85.71,10040.069399999998,0.091515625,0.11904166666666666,0.010894172526041666,35.0,19.6875,36.57142857142857,3.203046875,2.3436328125,7.506765756225586,145.1481439771105,85.71,2.3436328125
147,categories/Component No Solder/RV1 no solder (2).jpg,Component No Solder,1280,720,708.57,277.14,145.72,142.86,20817.559200000003,0.11384375,0.19841666666666669,0.022588497395833337,30.0,16.875,42.666666666666664,3.4153125,3.3482812500000003,11.435426806640628,204.0668958944591,142.86,3.3482812500000003
148,categories/Component No Solder/RV1 no solder.jpg,Component No Solder,1280,720,657.14,517.14,135.72,110.0,14929.2,0.10603125,0.1527777777777778,0.01619921875,30.0,16.875,42.666666666666664,3.1809375,2.578125,8.200854492187501,174.69950887166226,110.0,2.578125
149,categories/Component No Solder/U1 IC No Solder.jpg,Component No Solder,1280,720,498.57,568.57,44.29,35.72,1582.0387999999998,0.0346015625,0.04961111111111111,0.0017166219618055553,13.0,7.3125,98.46153846153847,0.4498203125,0.36278124999999994,0.1631863752441406,56.89923110201051,35.72,0.36278124999999994
150,categories/Component No Solder/U1 IC No Solder.jpg,Component No Solder,1280,720,552.86,570.0,35.71,40.0,1428.4,0.0278984375,0.05555555555555555,0.0015499131944444445,13.0,7.3125,98.46153846153847,0.3626796875,0.40625,0.147338623046875,53.62092968235444,35.71,0.3626796875
151,categories/Component No Solder/U1 IC No Solder.jpg,Component No Solder,1280,720,600.0,565.71,44.29,40.0,1771.6,0.0346015625,0.05555555555555555,0.0019223090277777778,13.0,7.3125,98.46153846153847,0.4498203125,0.40625,0.182739501953125,59.6791764353363,40.0,0.40625
152,categories/Component No Solder/U1 no solder.jpg,Component No Solder,1280,720,602.86,560.0,37.14,42.86,1591.8204,0.029015625,0.05952777777777778,0.0017272356770833333,13.0,7.3125,98.46153846153847,0.377203125,0.43529687499999997,0.16419534155273438,56.712954428419614,37.14,0.377203125
153,categories/Component No Solder/U1 no solder.jpg,Component No Solder,1280,720,504.29,562.86,35.71,40.0,1428.4,0.0278984375,0.05555555555555555,0.0015499131944444445,13.0,7.3125,98.46153846153847,0.3626796875,0.40625,0.147338623046875,53.62092968235444,35.71,0.3626796875
154,categories/Component No Solder/U1 no solder.jpg,Component No Solder,1280,720,555.71,562.86,32.86,38.57,1267.4102,0.025671875,0.05356944444444445,0.0013752280815972223,13.0,7.3125,98.46153846153847,0.33373437499999997,0.3917265625,0.13073261950683593,50.66975922579463,32.86,0.33373437499999997
155,categories/Component No Solder/U2 IC lead no solder.jpg,Component No Solder,1280,720,770.0,350.0,112.86,238.57,26925.0102,0.088171875,0.33134722222222224,0.029215505859375,7.5,4.21875,170.66666666666666,0.6612890625000001,1.39787109375,0.9243968650817872,263.91859445669985,112.86,0.6612890625000001
156,categories/Component No Solder/U2 Sensor pin not solder (1).jpg,Component No Solder,1280,720,311.43,425.71,170.0,125.72,21372.4,0.1328125,0.1746111111111111,0.023190538194444447,25.0,14.0625,51.2,3.3203125,2.4554687499999996,8.152923583984373,211.43679528407537,125.72,2.4554687499999996
157,categories/Component No Solder/U2 Sensor pin not solder.jpg,Component No Solder,1280,720,308.57,440.0,177.14,114.29,20245.3306,0.138390625,0.15873611111111113,0.021967589626736114,25.0,14.0625,51.2,3.4597656249999997,2.2322265625,7.722980728149413,210.80982828132088,114.29,2.2322265625
158,categories/Component No Solder/U2 sensor no solder (1).jpg,Component No Solder,1280,720,862.86,482.86,107.14,177.14,18978.779599999998,0.083703125,0.24602777777777776,0.020593293836805554,25.0,14.0625,51.2,2.0925781249999997,3.4597656249999997,7.239829864501951,207.02067336379716,107.14,2.0925781249999997
159,categories/Component No Solder/U2 sensor no solder (1).jpg,Component No Solder,1280,720,551.43,485.71,101.43,188.58,19127.669400000002,0.0792421875,0.2619166666666667,0.020754849609375004,25.0,14.0625,51.2,1.9810546875000001,3.683203125,7.296626815795898,214.12720821978698,101.43,1.9810546875000001
160,categories/Component No Solder/U2 sensor no solder.jpg,Component No Solder,1280,720,414.29,477.14,155.71,88.57,13791.234699999999,0.12164843750000001,0.12301388888888888,0.014964447374131943,25.0,14.0625,51.2,3.0412109375,1.7298828124999999,5.260938529968261,179.13751421743018,88.57,1.7298828124999999
161,categories/Component No Solder/U4 IC lead no solder (2).jpg,Component No Solder,1280,720,951.78,489.87,57.08,77.06,4398.5848,0.04459375,0.10702777777777778,0.0047727699652777775,11.0,6.1875,116.36363636363636,0.49053125,0.662234375,0.3248466557617188,95.89770591625224,57.08,0.49053125
162,categories/Component No Solder/U4 IC lead no solder (2).jpg,Component No Solder,1280,720,874.73,508.42,59.93,72.78,4361.7054,0.0468203125,0.10108333333333333,0.004732753255208333,11.0,6.1875,116.36363636363636,0.5150234375,0.625453125,0.3221230184326172,94.27901834448639,59.93,0.5150234375
163,categories/Component No Solder/U4 IC lead no solder (2).jpg,Component No Solder,1280,720,1034.55,489.87,51.37,82.77,4251.894899999999,0.0401328125,0.11495833333333333,0.004613601236979166,11.0,6.1875,116.36363636363636,0.4414609375,0.7113046875,0.31401323419189453,97.41534684021815,51.37,0.4414609375
164,categories/Component No Solder/U4 IC lead no solder.jpg,Component No Solder,1280,720,358.16,431.36,148.41,219.76,32614.581599999998,0.1159453125,0.30522222222222223,0.035389085937499995,18.0,10.125,71.11111111111111,2.087015625,3.090375,6.4496609121093735,265.17915774057354,148.41,2.087015625
165,categories/Component No Solder/U5 NO SOLDER.jpg,Component No Solder,1280,720,786.25,301.51,119.87,288.25,34552.527500000004,0.0936484375,0.40034722222222224,0.037491891818576394,30.0,16.875,42.666666666666664,2.809453125,6.755859375,18.9802702331543,312.1808440631808,119.87,2.809453125
166,categories/Component No Solder/U5 no solder (1).jpg,Component No Solder,1280,720,857.6,468.47,107.03,107.02,11454.3506,0.0836171875,0.14863888888888888,0.012428765842013889,20.0,11.25,64.0,1.67234375,1.6721875,2.796472314453125,151.35620667815377,107.02,1.6721875
167,categories/Component No Solder/U6 sensor no solder.jpg,Component No Solder,1280,720,623.58,261.55,134.13,238.31,31964.5203,0.1047890625,0.3309861111111111,0.03468372428385417,15.0,8.4375,85.33333333333333,1.5718359375,2.7926953125000002,4.389658854675293,273.4639153526476,134.13,1.5718359375
168,categories/Component No Solder/U7 leads no solder.jpg,Component No Solder,1280,720,502.29,499.86,109.87,146.98,16148.6926,0.0858359375,0.20413888888888887,0.01752245290798611,25.0,14.0625,51.2,2.1458984375,2.8707031249999995,6.160237350463866,183.50623231923214,109.87,2.1458984375
169,categories/Component No Solder/U7 leads no solder.jpg,Component No Solder,1280,720,646.41,509.85,105.6,136.99,14466.144,0.08249999999999999,0.1902638888888889,0.015696770833333335,25.0,14.0625,51.2,2.0624999999999996,2.6755859375,5.518395996093749,172.96710698858325,105.6,2.0624999999999996
170,categories/Component No Solder/j4 NO SOLDER.jpg,Component No Solder,1280,720,769.13,180.22,145.55,152.68,22222.574000000004,0.11371093750000001,0.21205555555555555,0.02411303602430556,25.0,14.0625,51.2,2.8427734375,2.98203125,8.477239227294922,210.94071418291918,145.55,2.8427734375
171,categories/Component Solder Dry/20260310084020.395_h30v16.875mm.jpg,Component Solder Dry,1280,720,779.64,248.83,71.27,136.84,9752.5868,0.0556796875,0.19005555555555556,0.010582233940972222,30.0,16.875,42.666666666666664,1.670390625,3.2071875000000003,5.357255932617187,154.2873893096905,71.27,1.670390625
172,categories/Component Solder Dry/C1 DRY SOLDER.jpg,Component Solder Dry,1280,720,408.14,285.48,209.04,173.54,36276.8016,0.1633125,0.24102777777777776,0.039362848958333335,12.0,6.75,106.66666666666667,1.9597499999999999,1.6269375,3.1883907656249995,271.68705011464937,173.54,1.6269375
173,categories/Component Solder Dry/C1 Dry Solder (2).jpg,Component Solder Dry,1280,720,444.95,175.05,117.01,249.79,29227.9279,0.0914140625,0.3469305555555555,0.031714331488715275,14.0,7.875,91.42857142857143,1.279796875,2.7320781249999997,3.496505046630859,275.83760476048224,117.01,1.279796875
174,categories/Component Solder Dry/C1 dry solder (1).jpg,Component Solder Dry,1280,720,397.63,319.66,130.15,193.26,25152.789,0.1016796875,0.26841666666666664,0.027292522786458336,14.0,7.875,91.42857142857143,1.423515625,2.1137812499999997,3.0090006372070315,232.99881995409334,130.15,1.423515625
175,categories/Component Solder Dry/C12  component dry solder.jpg,Component Solder Dry,1280,720,476.58,155.88,152.72,324.33,49531.677599999995,0.1193125,0.4504583333333333,0.05374530989583333,12.0,6.75,106.66666666666667,1.4317499999999999,3.0405937499999998,4.353370101562499,358.4875831880373,152.72,1.4317499999999999
176,categories/Component Solder Dry/C12 COMPONENT DRY SOLDER.jpg,Component Solder Dry,1280,720,767.05,232.9,206.41,239.27,49387.7207,0.1612578125,0.33231944444444445,0.053589106662326386,10.0,5.625,128.0,1.612578125,1.869296875,3.0143872497558593,315.9987674026593,206.41,1.612578125
177,categories/Component Solder Dry/C12 DRY (1).jpg,Component Solder Dry,1280,720,316.0,140.14,204.67,377.85,77334.5595,0.1598984375,0.5247916666666667,0.08391336751302084,9.5,5.34375,134.73684210526315,1.51903515625,2.8043554687500003,4.2599145476531985,429.72134156916155,204.67,1.51903515625
178,categories/Component Solder Dry/C12 DRY (1).jpg,Component Solder Dry,1280,720,617.18,148.76,237.95,333.93,79458.64349999999,0.18589843749999999,0.46379166666666666,0.08621814615885416,9.5,5.34375,134.73684210526315,1.76603515625,2.4783867187500004,4.376918076095581,410.035909890829,237.95,1.76603515625
179,categories/Component Solder Dry/C12 DRY (2).jpg,Component Solder Dry,1280,720,711.83,65.93,245.85,449.62,110539.077,0.1920703125,0.6244722222222222,0.11994257486979167,7.5,4.21875,170.66666666666666,1.4405273437500001,2.6344921875000002,3.7950580329895023,512.445477002188,245.85,1.4405273437500001
180,categories/Component Solder Dry/C12 DRY (3).jpg,Component Solder Dry,1280,720,627.69,249.99,123.58,195.88,24206.8504,0.096546875,0.27205555555555555,0.02626611371527778,15.0,8.4375,85.33333333333333,1.448203125,2.29546875,3.324305017089844,231.6052477816511,123.58,1.448203125
181,categories/Component Solder Dry/C12 DRY (4).jpg,Component Solder Dry,1280,720,310.86,159.27,379.94,420.7,159840.758,0.296828125,0.5843055555555555,0.17343832248263888,7.5,4.21875,170.66666666666666,2.2262109375000003,2.4650390625000003,5.487696922302247,566.8711437355054,379.94,2.2262109375000003
182,categories/Component Solder Dry/C12 DRY.jpg,Component Solder Dry,1280,720,915.61,288.11,209.03,248.48,51939.774399999995,0.1633046875,0.3451111111111111,0.05635826215277777,9.5,5.34375,134.73684210526315,1.5513945312500002,1.8441875,2.8610624020996096,324.70887160655155,209.03,1.5513945312500002
183,categories/Component Solder Dry/C12 Dry Solder (1).jpg,Component Solder Dry,1280,720,693.43,176.36,201.15,235.33,47336.6295,0.15714843750000002,0.32684722222222223,0.051363530273437506,10.0,5.625,128.0,1.571484375,1.838515625,2.8891985778808595,309.5828344724559,201.15,1.571484375
184,categories/Component Solder Dry/C12 Dry Solder (5).jpg,Component Solder Dry,1280,720,682.91,200.03,139.36,224.81,31329.521600000004,0.10887500000000001,0.3122361111111111,0.03399470659722223,15.0,8.4375,85.33333333333333,1.6331250000000002,2.6344921875000002,4.302455053710938,264.50093704937984,139.36,1.6331250000000002
185,categories/Component Solder Dry/C12 Dry Solder.jpg,Component Solder Dry,1280,720,454.16,177.68,222.18,349.7,77696.346,0.173578125,0.48569444444444443,0.08430593098958333,11.0,6.1875,116.36363636363636,1.9093593750000002,3.005234375,5.7380724279785165,414.3115282007007,222.18,1.9093593750000002
186,categories/Component Solder Dry/C12 component dry (1).jpg,Component Solder Dry,1280,720,459.42,228.95,178.79,276.08,49360.343199999996,0.13967968749999998,0.3834444444444444,0.053559400173611105,10.0,5.625,128.0,1.396796875,2.156875,3.0127162597656247,328.9164491174012,178.79,1.396796875
187,categories/Component Solder Dry/C12 component dry (2) (1).jpg,Component Solder Dry,1280,720,493.6,230.27,214.29,428.58,91840.40819999999,0.1674140625,0.59525,0.09965322070312499,8.5,4.78125,150.58823529411765,1.4230195312499998,2.8460390624999996,4.0499691726379385,479.1670068984299,214.29,1.4230195312499998
188,categories/Component Solder Dry/C12 component dry (2).jpg,Component Solder Dry,1280,720,676.34,171.11,203.77,333.92,68042.8784,0.15919531250000002,0.4637777777777778,0.07383124826388889,8.5,4.78125,150.58823529411765,1.35316015625,2.2174375,3.0005480739746093,391.1838177890287,203.77,1.35316015625
189,categories/Component Solder Dry/C12 component dry (3) (1).jpg,Component Solder Dry,1280,720,391.05,131.67,216.92,381.25,82700.75,0.16946875,0.5295138888888888,0.08973605685763889,11.0,6.1875,116.36363636363636,1.86415625,3.2763671875,6.107660369873048,438.6409111106715,216.92,1.86415625
190,categories/Component Solder Dry/C12 component dry (3).jpg,Component Solder Dry,1280,720,398.94,132.98,207.72,390.46,81106.35119999999,0.16228125,0.5423055555555555,0.08800602343749998,11.0,6.1875,116.36363636363636,1.7850937500000001,3.355515625,5.9899099702148435,442.27436055010014,207.72,1.7850937500000001
191,categories/Component Solder Dry/C12 component dry (4) (1).jpg,Component Solder Dry,1280,720,682.91,193.46,144.62,235.32,34031.9784,0.112984375,0.3268333333333333,0.036927059895833336,15.0,8.4375,85.33333333333333,1.694765625,2.75765625,4.673581018066407,276.2072533442958,144.62,1.694765625
192,categories/Component Solder Dry/C12 component dry (4).jpg,Component Solder Dry,1280,720,484.39,159.27,230.07,397.04,91346.9928,0.17974218749999998,0.5514444444444445,0.09911783072916668,9.5,5.34375,134.73684210526315,1.7075507812500001,2.9467812500000004,5.031778625610353,458.88230135842025,230.07,1.7075507812500001
193,categories/Component Solder Dry/C12 component dry (5).jpg,Component Solder Dry,1280,720,490.97,225.01,231.38,436.47,100990.4286,0.18076562499999999,0.6062083333333333,0.10958162825520833,8.5,4.78125,150.58823529411765,1.5365078125,2.89843359375,4.453465860809326,494.00684742217896,231.38,1.5365078125
194,categories/Component Solder Dry/C12 component dry solder (1).jpg,Component Solder Dry,1280,720,660.56,305.2,231.39,198.52,45935.5428,0.1807734375,0.27572222222222226,0.04984325390625,8.0,4.5,160.0,1.4461875,1.24075,1.794357140625,304.8795212866879,198.52,1.24075
195,categories/Component Solder Dry/C12 component dry solder (1).jpg,Component Solder Dry,1280,720,293.77,289.43,231.38,216.92,50190.94959999999,0.18076562499999999,0.30127777777777776,0.054460665798611106,8.0,4.5,160.0,1.4461249999999999,1.35575,1.9605839687499997,317.16082797218195,216.92,1.35575
196,categories/Component Solder Dry/C12 component dry solder (2) (1).jpg,Component Solder Dry,1280,720,323.87,281.83,223.56,236.16,52795.9296,0.17465625,0.328,0.057287250000000005,9.0,5.0625,142.22222222222223,1.5719062499999998,1.6604999999999999,2.610150328125,325.19320288099505,223.56,1.5719062499999998
197,categories/Component Solder Dry/C12 component dry solder (2) (1).jpg,Component Solder Dry,1280,720,680.28,306.52,197.2,216.92,42776.623999999996,0.1540625,0.30127777777777776,0.046415607638888884,9.0,5.0625,142.22222222222223,1.3865625,1.5252187499999998,2.1148111230468745,293.1588756971209,197.2,1.3865625
198,categories/Component Solder Dry/C12 component dry solder (2).jpg,Component Solder Dry,1280,720,622.44,156.64,181.42,273.46,49611.11319999999,0.141734375,0.3798055555555555,0.053831503038194436,10.0,5.625,128.0,1.41734375,2.13640625,3.028022045898437,328.16701235803697,181.42,1.41734375
199,categories/Component Solder Dry/C12 component dry solder (3) (1).jpg,Component Solder Dry,1280,720,421.29,96.17,207.72,428.59,89026.7148,0.16228125,0.5952638888888888,0.09660016796875,10.0,5.625,128.0,1.6228125,3.348359375,5.433759448242188,476.27406658351657,207.72,1.6228125
200,categories/Component Solder Dry/C12 component dry solder (3).jpg,Component Solder Dry,1280,720,714.46,223.69,155.14,312.9,48543.30599999999,0.121203125,0.4345833333333333,0.052672858072916655,11.0,6.1875,116.36363636363636,1.333234375,2.688984375,3.5850464025878903,349.24895075003445,155.14,1.333234375
201,categories/Component Solder Dry/C12 component dry solder (4) (1).jpg,Component Solder Dry,1280,720,709.2,221.06,157.77,311.58,49157.9766,0.12325781250000001,0.43274999999999997,0.053339818359375,11.0,6.1875,116.36363636363636,1.3558359375000002,2.677640625,3.6304413870849617,349.2470032799136,157.77,1.3558359375000002
202,categories/Component Solder Dry/C12 component dry solder (4).jpg,Component Solder Dry,1280,720,667.14,309.15,218.23,212.98,46478.6254,0.1704921875,0.29580555555555554,0.050432536241319444,9.0,5.0625,142.22222222222223,1.5344296874999999,1.497515625,2.2978324324951167,304.93411304739254,212.98,1.497515625
203,categories/Component Solder Dry/C12 component dry solder (5).jpg,Component Solder Dry,1280,720,409.46,189.51,252.42,425.96,107520.82319999998,0.19720312499999998,0.5916111111111111,0.11666755989583331,9.0,5.0625,142.22222222222223,1.7748281249999998,2.99503125,5.3156656977539045,495.1341010271864,252.42,1.7748281249999998
204,categories/Component Solder Dry/C12 component dry solder (6).jpg,Component Solder Dry,1280,720,601.4,159.27,212.98,277.4,59080.651999999995,0.166390625,0.3852777777777777,0.06410661024305556,10.0,5.625,128.0,1.66390625,2.1671875,3.6059968261718747,349.7302394703666,212.98,1.66390625
205,categories/Component Solder Dry/C12 component dry solder (7).jpg,Component Solder Dry,1280,720,289.23,289.7,237.74,217.27,51653.7698,0.185734375,0.3017638888888889,0.056047927300347224,8.0,4.5,160.0,1.485875,1.3579375,2.0177253828125,322.0660809523412,217.27,1.3579375
206,categories/Component Solder Dry/C12 component dry solder (7).jpg,Component Solder Dry,1280,720,656.62,302.57,236.64,207.72,49154.860799999995,0.18487499999999998,0.2885,0.05333643749999999,8.0,4.5,160.0,1.4789999999999999,1.29825,1.9201117499999998,314.8747179435021,207.72,1.29825
207,categories/Component Solder Dry/C12 component dry solder (8).jpg,Component Solder Dry,1280,720,576.42,294.69,199.83,332.61,66465.4563,0.1561171875,0.46195833333333336,0.07211963574218751,10.0,5.625,128.0,1.561171875,2.598515625,4.056729510498047,388.0224748645367,199.83,1.561171875
208,categories/Component Solder Dry/C12 component dry.jpg,Component Solder Dry,1280,720,693.43,72.5,260.31,465.4,121148.27399999999,0.2033671875,0.6463888888888889,0.1314542903645833,8.5,4.78125,150.58823529411765,1.72862109375,3.090546875,5.342384519348144,533.2527131670312,260.31,1.72862109375
209,categories/Component Solder Dry/C12 dry (2) (1).jpg,Component Solder Dry,1280,720,607.97,340.7,181.43,226.12,41024.9516,0.1417421875,0.3140555555555556,0.04451492144097222,13.0,7.3125,98.46153846153847,1.8426484375,2.29653125,4.231699719482422,289.90877754907666,181.43,1.8426484375
210,categories/Component Solder Dry/C12 dry solder (2).jpg,Component Solder Dry,1280,720,242.49,96.17,252.42,456.19,115151.4798,0.19720312499999998,0.6335972222222223,0.12494735221354167,8.5,4.78125,150.58823529411765,1.6762265625,3.02938671875,5.077938486053466,521.3685572606005,252.42,1.6762265625
211,categories/Component Solder Dry/C12 dry solder (3).jpg,Component Solder Dry,1280,720,580.37,314.41,134.09,165.65,22212.0085,0.1047578125,0.23006944444444447,0.024101571723090277,18.0,10.125,71.11111111111111,1.885640625,2.329453125,4.392511446533202,213.11980339705647,134.09,1.885640625
212,categories/Component Solder Dry/C12 dry solder (4).jpg,Component Solder Dry,1280,720,441.01,64.62,172.22,351.02,60452.664399999994,0.134546875,0.4875277777777777,0.06559533897569444,14.0,7.875,91.42857142857143,1.88365625,3.8392812499999995,7.2318861220703115,390.99203163235944,172.22,1.88365625
213,categories/Component Solder Dry/D1 DRY.jpg,Component Solder Dry,1280,720,789.4,255.25,199.83,245.84,49126.207200000004,0.1561171875,0.34144444444444444,0.05330534635416667,9.0,5.0625,142.22222222222223,1.4050546875,1.7285625,2.4287248432617186,316.811196929654,199.83,1.4050546875
214,categories/Component Solder Dry/D1 dry (2).jpg,Component Solder Dry,1280,720,487.02,130.35,239.28,301.06,72037.63680000001,0.1869375,0.4181388888888889,0.07816583854166667,1.6,0.9,800.0,0.2991,0.376325,0.11255880750000001,384.5673439074098,239.28,0.2991
215,categories/Component Solder Dry/D11 dry.jpg,Component Solder Dry,1280,720,669.76,511.61,228.76,147.24,33682.6224,0.17871874999999998,0.20450000000000002,0.036547984375,11.0,6.1875,116.36363636363636,1.96590625,1.2653437500000002,2.4875471865234378,272.0491779072306,147.24,1.2653437500000002
216,categories/Component Solder Dry/D14 dry solder.jpg,Component Solder Dry,1280,720,642.16,334.13,65.73,135.41,8900.4993,0.0513515625,0.18806944444444443,0.009657659830729167,18.0,10.125,71.11111111111111,0.9243281250000001,1.9042031249999998,1.7601085041503903,150.52010164758727,65.73,0.9243281250000001
217,categories/Component Solder Dry/D14 dry solder.jpg,Component Solder Dry,1280,720,368.7,330.18,77.57,141.99,11014.1643,0.0606015625,0.19720833333333335,0.011951133138020834,18.0,10.125,71.11111111111111,1.0908281249999998,1.996734375,2.1780940144042966,161.7969869929598,77.57,1.0908281249999998
218,categories/Component Solder Dry/D1dry.jpg,Component Solder Dry,1280,720,380.53,289.43,266.88,190.63,50875.3344,0.2085,0.2647638888888889,0.05520327083333333,18.0,10.125,71.11111111111111,3.7529999999999997,2.6807343749999997,10.060796109375,327.97062566638493,190.63,2.6807343749999997
219,categories/Component Solder Dry/D6 LED dry solder.jpg,Component Solder Dry,1280,720,534.35,427.47,219.55,82.82,18183.131,0.17152343750000001,0.11502777777777777,0.01972995985243056,12.0,6.75,106.66666666666667,2.05828125,0.7764374999999999,1.5981267480468748,234.6515606170136,82.82,0.7764374999999999
220,categories/Component Solder Dry/D6 led dry.jpg,Component Solder Dry,1280,720,291.14,522.13,249.79,65.73,16418.6967,0.1951484375,0.09129166666666667,0.017815426106770834,12.0,6.75,106.66666666666667,2.34178125,0.61621875,1.4430495146484374,258.29339325658333,65.73,0.61621875
221,categories/Component Solder Dry/DRY SOLDER (9).jpg,Component No Solder,1280,720,648.73,437.99,136.73,168.28,23008.9244,0.10682031249999999,0.23372222222222222,0.02496628081597222,18.0,10.125,71.11111111111111,1.9227656249999998,2.3664375,4.5501046787109365,216.82539357741288,136.73,1.9227656249999998
222,categories/Component Solder Dry/DRY SOLDER (9).jpg,Component No Solder,1280,720,442.32,535.27,95.98,92.03,8833.0394,0.074984375,0.12781944444444446,0.009584461154513889,18.0,10.125,71.11111111111111,1.34971875,1.294171875,1.746768045410156,132.97248324371475,92.03,1.294171875
223,categories/Component Solder Dry/Dry Sodler ...jpg,Component No Solder,1280,720,702.63,361.73,67.05,160.4,10754.82,0.0523828125,0.2227777777777778,0.0116697265625,2.0,1.125,640.0,0.104765625,0.250625,0.026256884765625,173.85011504166457,67.05,0.104765625
224,categories/Component Solder Dry/Dry Sodler ...jpg,Component No Solder,1280,720,517.26,363.05,61.79,161.71,9992.0609,0.0482734375,0.22459722222222223,0.010842079969618055,2.0,1.125,640.0,0.096546875,0.252671875,0.024394679931640625,173.1130503457206,61.79,0.096546875
225,categories/Component Solder Dry/Dry Sodler ...jpg,Component No Solder,1280,720,609.29,361.73,61.79,160.4,9911.116,0.0482734375,0.2227777777777778,0.010754249131944444,2.0,1.125,640.0,0.096546875,0.250625,0.024197060546875,171.88997672930205,61.79,0.096546875
226,categories/Component Solder Dry/Dry Sodler ...jpg,Component No Solder,1280,720,801.23,359.11,48.65,166.96,8122.604,0.0380078125,0.2318888888888889,0.008813589409722223,2.0,1.125,640.0,0.076015625,0.260875,0.019830576171875,173.90360577055324,48.65,0.076015625
227,categories/Component Solder Dry/Dry Solder (10).jpg,Component Solder Dry,1280,720,698.69,172.42,202.46,255.08,51643.49680000001,0.15817187500000002,0.3542777777777778,0.05603678038194446,10.0,5.625,128.0,1.58171875,1.9928125,3.1520688964843755,325.6621838654283,202.46,1.58171875
228,categories/Component Solder Dry/Dry Solder (11).jpg,Component Solder Dry,1280,720,409.46,198.71,433.84,393.09,170538.16559999998,0.3389375,0.5459583333333333,0.18504575260416664,7.5,4.21875,170.66666666666666,2.54203125,2.30326171875,5.85496326599121,585.4373524981131,393.09,2.30326171875
229,categories/Component Solder Dry/Dry Solder (2).jpg,Component No Solder,1280,720,543.56,248.67,163.02,226.13,36863.7126,0.127359375,0.31406944444444446,0.039999688151041664,15.0,8.4375,85.33333333333333,1.9103906250000002,2.6499609375,5.062460531616211,278.7656673623924,163.02,1.9103906250000002
230,categories/Component Solder Dry/Dry Solder (3).jpg,Component Solder Dry,1280,720,686.86,302.57,82.82,99.92,8275.374399999999,0.064703125,0.13877777777777778,0.008979355902777776,30.0,16.875,42.666666666666664,1.9410937499999998,2.3418750000000004,4.5457989257812494,129.78119586442406,82.82,1.9410937499999998
231,categories/Component Solder Dry/Dry Solder (4).jpg,Component Solder Dry,1280,720,364.76,61.99,400.98,369.42,148130.03160000002,0.313265625,0.5130833333333333,0.16073137109375002,11.0,6.1875,116.36363636363636,3.4459218750000002,3.174703125,10.939778945068362,545.2119741898558,369.42,3.174703125
232,categories/Component Solder Dry/Dry Solder (5).jpg,Component Solder Dry,1280,720,431.81,173.74,170.91,219.55,37523.2905,0.1335234375,0.3049305555555556,0.0407153759765625,11.0,6.1875,116.36363636363636,1.4687578125,1.8867578125000002,2.7711902774047856,278.23089440247287,170.91,1.4687578125
233,categories/Component Solder Dry/Dry Solder (6).jpg,Component Solder Dry,1280,720,441.01,213.18,228.75,364.16,83301.6,0.1787109375,0.5057777777777778,0.09038802083333335,9.0,5.0625,142.22222222222223,1.6083984375,2.5605,4.11830419921875,430.045425623852,228.75,1.6083984375
234,categories/Component Solder Dry/Dry Solder (7).jpg,Component Solder Dry,1280,720,325.32,104.06,291.86,521.93,152330.48979999998,0.228015625,0.7249027777777777,0.1652891599392361,8.0,4.5,160.0,1.824125,3.2620625,5.9504097578124995,597.9909568714229,291.86,1.824125
235,categories/Component Solder Dry/Dry Solder (8).jpg,Component Solder Dry,1280,720,446.27,194.77,243.21,341.82,83134.0422,0.1900078125,0.47475,0.090206208984375,11.0,6.1875,116.36363636363636,2.0900859375,2.937515625,6.139660098999024,419.5140241994301,243.21,2.0900859375
236,categories/Component Solder Dry/Dry Solder ..jpg,Component Solder Dry,1280,720,487.02,301.26,169.6,163.02,27648.192,0.1325,0.22641666666666668,0.030000208333333334,15.0,8.4375,85.33333333333333,1.9875,1.9103906250000002,3.7969013671875,235.2438743091943,163.02,1.9103906250000002
237,categories/Component Solder Dry/Dry Solder.jpg,Component Solder Dry,1280,720,333.21,230.27,194.57,356.28,69321.39959999999,0.1520078125,0.4948333333333333,0.07521853255208333,10.0,5.625,128.0,1.520078125,2.7834375,4.231042456054687,405.94694641048847,194.57,1.520078125
238,categories/Component Solder Dry/Dry Solder.jpg,Component Solder Dry,1280,720,623.75,238.15,247.16,343.14,84810.4824,0.19309375,0.4765833333333333,0.09202526302083333,10.0,5.625,128.0,1.9309375,2.68078125,5.176421044921875,422.8866576282586,247.16,1.9309375
239,categories/Component Solder Dry/J1 CONNECTOR DRY SOLDER (6).jpg,Component Solder Dry,1280,720,834.1,318.35,110.43,103.86,11469.2598,0.08627343750000001,0.14425,0.012444943359375,25.0,14.0625,51.2,2.1568359375,2.028515625,4.3751753997802725,151.59711243951847,103.86,2.028515625
240,categories/Component Solder Dry/J1 CONNECTOR DRY SOLDER.jpg,Component Solder Dry,1280,720,772.31,314.41,194.57,249.79,48601.6403,0.1520078125,0.3469305555555555,0.05273615483940972,14.0,7.875,91.42857142857143,2.1281093749999997,2.7320781249999997,5.814161071044921,316.6267976656429,194.57,2.1281093749999997
241,categories/Component Solder Dry/J1 Connector dry solder (4) (1).jpg,Component Solder Dry,1280,720,514.63,324.92,149.88,153.82,23054.541599999997,0.11709375,0.21363888888888888,0.02501577864583333,18.0,10.125,71.11111111111111,2.1076875,2.16309375,4.559125658203124,214.76640053788674,149.88,2.1076875
242,categories/Component Solder Dry/J1 DRY SOLDER.jpg,Component No Solder,1280,720,646.1,445.87,152.5,173.54,26464.85,0.119140625,0.24102777777777776,0.028716200086805553,18.0,10.125,71.11111111111111,2.14453125,2.4404062499999997,5.233527465820312,231.02463418432242,152.5,2.14453125
243,categories/Component Solder Dry/J1 Dry Solder (3).jpg,Component No Solder,1280,720,522.52,498.46,131.47,110.43,14518.232100000001,0.1027109375,0.153375,0.015753290039062503,20.0,11.25,64.0,2.05421875,1.72546875,3.5444902587890628,171.69492071695075,110.43,1.72546875
244,categories/Component Solder Dry/J1 connector dry soldder.jpg,Component Solder Dry,1280,720,677.65,399.86,156.45,127.52,19950.503999999997,0.1222265625,0.1771111111111111,0.021647682291666664,18.0,10.125,71.11111111111111,2.2000781249999997,1.7932499999999998,3.945290097656249,201.83645087050058,127.52,1.7932499999999998
245,categories/Component Solder Dry/J1 connector dry soldder.jpg,Component Solder Dry,1280,720,680.28,535.27,164.34,141.99,23334.6366,0.128390625,0.19720833333333335,0.025319701171875,18.0,10.125,71.11111111111111,2.31103125,1.996734375,4.614515538574219,217.18378323438424,141.99,1.996734375
246,categories/Component Solder Dry/J1 connector dry solder (1).jpg,Component Solder Dry,1280,720,317.43,478.74,115.69,118.32,13688.440799999998,0.09038281249999999,0.16433333333333333,0.014852908854166664,20.0,11.25,64.0,1.80765625,1.84875,3.3419044921874996,165.48050791558504,115.69,1.80765625
247,categories/Component Solder Dry/J1 connector dry solder (1).jpg,Component Solder Dry,1280,720,456.79,464.28,157.76,134.1,21155.615999999998,0.12325,0.18625,0.0229553125,20.0,11.25,64.0,2.465,2.0953125,5.1649453124999996,207.05319992697528,134.1,2.0953125
248,categories/Component Solder Dry/J1 connector dry solder (2) (1).jpg,Component Solder Dry,1280,720,763.11,273.65,140.67,122.27,17199.720899999997,0.10989843749999999,0.16981944444444444,0.018662891601562495,18.0,10.125,71.11111111111111,1.9781718749999997,1.7194218749999999,3.4013119943847645,186.381334365864,122.27,1.7194218749999999
249,categories/Component Solder Dry/J1 connector dry solder (2).jpg,Component Solder Dry,1280,720,931.39,247.36,145.93,172.22,25132.0646,0.1140078125,0.23919444444444443,0.02727003537326389,20.0,11.25,64.0,2.28015625,2.6909375,6.135757958984375,225.732791813684,145.93,2.28015625
250,categories/Component Solder Dry/J1 connector dry solder (3) (1).jpg,Component Solder Dry,1280,720,719.72,390.66,128.84,143.3,18462.772,0.10065625,0.1990277777777778,0.020033389756944447,20.0,11.25,64.0,2.013125,2.2390625,4.5075126953125,192.70349140583832,128.84,2.013125
251,categories/Component Solder Dry/J1 connector dry solder (3).jpg,Component Solder Dry,1280,720,759.16,274.97,141.99,128.83,18292.571700000004,0.11092968750000001,0.17893055555555556,0.01984871061197917,18.0,10.125,71.11111111111111,1.996734375,1.811671875,3.6174275090332033,191.72461761599632,128.83,1.811671875
252,categories/Component Solder Dry/J1 connector dry solder (4).jpg,Component Solder Dry,1280,720,604.03,161.9,159.08,226.13,35972.7604,0.12428125000000001,0.31406944444444446,0.03903294314236111,16.0,9.0,80.0,1.9885000000000002,2.826625,5.6207438125,276.4800594979681,159.08,1.9885000000000002
253,categories/Component Solder Dry/J1 connector dry solder (5).jpg,Component Solder Dry,1280,720,659.25,395.92,78.88,123.58,9747.990399999999,0.061625,0.1716388888888889,0.010577246527777777,25.0,14.0625,51.2,1.540625,2.413671875,3.718563232421874,146.60856318783019,78.88,1.540625
254,categories/Component Solder Dry/J1 connector pin dry solder.jpg,Component Solder Dry,1280,720,797.29,462.97,118.32,98.6,11666.351999999999,0.09243749999999999,0.13694444444444442,0.012658802083333332,30.0,16.875,42.666666666666664,2.773125,2.3109375,6.408518554687499,154.01812360887922,98.6,2.3109375
255,categories/Component Solder Dry/J1 dry solder (2).jpg,Component Solder Dry,1280,720,751.27,422.21,144.62,115.69,16731.0878,0.112984375,0.16068055555555555,0.018154392144097222,20.0,11.25,64.0,2.2596875,1.80765625,4.084738232421875,185.20021733248586,115.69,1.80765625
256,categories/Component Solder Dry/J1 dry solder (2).jpg,Component Solder Dry,1280,720,755.22,536.59,139.36,111.75,15573.480000000001,0.10887500000000001,0.15520833333333334,0.016898307291666668,20.0,11.25,64.0,2.1775,1.74609375,3.8021191406250003,178.6316660057785,111.75,1.74609375
257,categories/Component Solder Dry/J1 dry.jpg,Component No Solder,1280,720,496.23,264.45,128.84,135.41,17446.2244,0.10065625,0.18806944444444443,0.01893036501736111,20.0,11.25,64.0,2.013125,2.11578125,4.25933212890625,186.91071050103042,128.84,2.013125
258,categories/Component Solder Dry/J1 dry.jpg,Component No Solder,1280,720,832.79,261.82,141.98,148.56,21092.5488,0.11092187499999999,0.20633333333333334,0.022886880208333335,20.0,11.25,64.0,2.2184375,2.32125,5.149548046875,205.49548413529675,141.98,2.2184375
259,categories/Component Solder Dry/J1 dry.jpg,Component No Solder,1280,720,671.08,260.5,130.15,153.82,20019.673,0.1016796875,0.21363888888888888,0.021722735460069444,20.0,11.25,64.0,2.03359375,2.4034375,4.887615478515625,201.493461184228,130.15,2.03359375
260,categories/Component Solder Dry/J1 dry.jpg,Component No Solder,1280,720,1018.18,258.22,149.57,149.56,22369.6892,0.11685156249999999,0.20772222222222222,0.02427266623263889,20.0,11.25,64.0,2.33703125,2.336875,5.46134990234375,211.51685157452584,149.56,2.336875
261,categories/Component Solder Dry/J1 dry.jpg,Component No Solder,1280,720,331.89,260.5,117.01,138.05,16153.230500000001,0.0914140625,0.19173611111111113,0.017527376844618057,20.0,11.25,64.0,1.82828125,2.15703125,3.943659790039063,180.96724178701515,117.01,1.82828125
262,categories/Component Solder Dry/J2 Connector dry (2).jpg,Component Solder Dry,1280,720,393.68,314.41,86.77,78.88,6844.417599999999,0.0677890625,0.10955555555555554,0.007426668402777776,30.0,16.875,42.666666666666664,2.033671875,1.84875,3.7597508789062495,117.26503016671252,78.88,1.84875
263,categories/Component Solder Dry/J2 connector dry (1).jpg,Component Solder Dry,1280,720,497.54,390.66,117.01,123.58,14460.095800000001,0.0914140625,0.1716388888888889,0.015690208116319444,25.0,14.0625,51.2,2.2853515625,2.413671875,5.516088790893554,170.1862406306691,117.01,2.2853515625
264,categories/Component Solder Dry/J2 connector dry solder.jpg,Component Solder Dry,1280,720,522.52,311.78,110.43,134.09,14807.558700000001,0.08627343750000001,0.1862361111111111,0.0160672294921875,25.0,14.0625,51.2,2.1568359375,2.6189453124999997,5.6486353683471675,173.70927724217842,110.43,2.1568359375
265,categories/Component Solder Dry/J2 connector dry.jpg,Component Solder Dry,1280,720,493.6,389.34,123.58,114.38,14135.080399999999,0.096546875,0.1588611111111111,0.015337543836805554,25.0,14.0625,51.2,2.413671875,2.233984375,5.3921052551269515,168.38883810989373,114.38,2.233984375
266,categories/Component Solder Dry/J2 connector pin dry solder.jpg,Component Solder Dry,1280,720,601.4,444.56,123.58,131.47,16247.0626,0.096546875,0.18259722222222222,0.017629191189236112,20.0,11.25,64.0,1.9309375,2.05421875,3.966568017578125,180.43385851884895,123.58,1.9309375
267,categories/Component Solder Dry/J2 dry solder (2).jpg,Component Solder Dry,1280,720,865.65,385.4,85.46,90.71,7752.0765999999985,0.066765625,0.1259861111111111,0.008411541449652777,35.0,19.6875,36.57142857142857,2.336796875,2.4803515625,5.796077780151366,124.62630420581363,85.46,2.336796875
268,categories/Component Solder Dry/J2 dry solder.jpg,Component Solder Dry,1280,720,514.63,305.2,101.23,101.23,10247.512900000002,0.07908593750000001,0.14059722222222223,0.011119263129340279,25.0,14.0625,51.2,1.9771484375,1.9771484375,3.909115943908691,143.1608389190284,101.23,1.9771484375
269,categories/Component Solder Dry/J2 dry.jpg,Component No Solder,1280,720,546.18,518.18,122.27,132.78,16235.0106,0.0955234375,0.18441666666666667,0.017616113932291667,20.0,11.25,64.0,1.91046875,2.0746875,3.963625634765625,180.50064071908443,122.27,1.91046875
270,categories/Component Solder Dry/J4 connector no solder (2).jpg,Component No Solder,1280,720,939.27,296.0,134.1,159.08,21332.628,0.104765625,0.22094444444444447,0.023147382812500002,25.0,14.0625,51.2,2.6191406249999996,3.10703125,8.13775177001953,208.06070364199002,134.1,2.6191406249999996
271,categories/Component Solder Dry/J4 connector no solder (2).jpg,Component No Solder,1280,720,383.16,326.24,136.73,138.04,18874.209199999998,0.10682031249999999,0.1917222222222222,0.02047982769097222,25.0,14.0625,51.2,2.6705078124999995,2.6960937499999997,7.19993942260742,194.29393840261716,136.73,2.6705078124999995
272,categories/Component Solder Dry/J4 dry solder.jpg,Component No Solder,1280,720,237.23,163.22,151.19,156.44,23652.1636,0.1181171875,0.21727777777777776,0.02566424001736111,25.0,14.0625,51.2,2.9529296874999997,3.0554687499999997,9.022584381103513,217.5589338547144,151.19,2.9529296874999997
273,categories/Component Solder Dry/J4 dry solder.jpg,Component No Solder,1280,720,809.12,148.76,160.39,157.76,25303.126399999997,0.12530468749999998,0.2191111111111111,0.02745564930555555,25.0,14.0625,51.2,3.1326171874999997,3.08125,9.652376708984372,224.97370890839665,157.76,3.08125
274,categories/Component Solder Dry/J7 DRY.jpg,Component Solder Dry,1280,720,425.23,252.62,159.08,153.81,24468.094800000003,0.12428125000000001,0.213625,0.02654958203125,20.0,11.25,64.0,2.485625,2.40328125,5.973655957031251,221.27802082448227,153.81,2.40328125
275,categories/Component Solder Dry/J7 component dry solder.jpg,Component Solder Dry,1280,720,404.2,293.37,153.82,159.08,24469.6856,0.120171875,0.22094444444444447,0.026551308159722224,20.0,11.25,64.0,2.4034375,2.485625,5.9740443359375,221.28497192534337,153.82,2.4034375
276,categories/Component Solder Dry/J7 componet dry solder.jpg,Component Solder Dry,1280,720,342.41,348.59,159.08,176.17,28025.1236,0.12428125000000001,0.24468055555555554,0.030409205295138887,18.0,10.125,71.11111111111111,2.2370625,2.4773906249999995,5.542077665039062,237.36536246891626,159.08,2.2370625
277,categories/Component Solder Dry/J7 connector dry solder (1).jpg,Component Solder Dry,1280,720,496.23,290.74,135.41,172.23,23321.664299999997,0.1057890625,0.23920833333333333,0.02530562532552083,18.0,10.125,71.11111111111111,1.9042031249999998,2.4219843749999996,4.6119502155761705,219.086834383082,135.41,1.9042031249999998
278,categories/Component Solder Dry/J7 connector dry solder (2).jpg,Component Solder Dry,1280,720,339.78,338.07,178.8,198.52,35495.376000000004,0.13968750000000002,0.27572222222222226,0.038514947916666674,14.0,7.875,91.42857142857143,1.9556250000000002,2.1713125,4.2462730078125,267.1696659428237,178.8,1.9556250000000002
279,categories/Component Solder Dry/J7 connector dry solder (3).jpg,Component Solder Dry,1280,720,333.21,267.08,198.51,190.63,37841.961299999995,0.1550859375,0.2647638888888889,0.04106115592447916,15.0,8.4375,85.33333333333333,2.3262890625,2.2339453125,5.196802546691894,275.2199429547212,190.63,2.2339453125
280,categories/Component Solder Dry/J7 connector dry solder (4).jpg,Component Solder Dry,1280,720,375.28,343.33,282.65,257.68,72833.252,0.22082031249999998,0.3578888888888889,0.07902913628472222,12.0,6.75,106.66666666666667,2.6498437499999996,2.41575,6.4013600390624985,382.47876398566234,257.68,2.41575
281,categories/Component Solder Dry/J7 connector dry solder.jpg,Component Solder Dry,1280,720,435.75,359.11,212.98,205.09,43680.0682,0.166390625,0.28484722222222225,0.047395907335069445,14.0,7.875,91.42857142857143,2.3294687499999998,2.243171875,5.225398783691406,295.67277267276404,205.09,2.243171875
282,categories/Component Solder Dry/J7 dry solder.jpg,Component Solder Dry,1280,720,451.53,334.13,123.58,130.15,16083.937,0.096546875,0.1807638888888889,0.017452188585069445,20.0,11.25,64.0,1.9309375,2.03359375,3.926742431640625,179.47434050582274,123.58,1.9309375
283,categories/Component Solder Dry/Q2 dry solder.jpg,Component Solder Dry,1280,720,668.45,335.44,367.85,184.06,67706.471,0.28738281250000003,0.2556388888888889,0.07346622287326389,12.0,6.75,106.66666666666667,3.44859375,1.7255624999999999,5.950764052734375,411.3291943200726,184.06,1.7255624999999999
284,categories/Component Solder Dry/R1 component dry solder (1).jpg,Component Solder Dry,1280,720,835.41,138.24,188.0,299.75,56353.0,0.146875,0.41631944444444446,0.06114691840277778,14.0,7.875,91.42857142857143,2.05625,3.278515625,6.74144775390625,353.82772997604354,188.0,2.05625
285,categories/Component Solder Dry/R1 component dry solder.jpg,Component Solder Dry,1280,720,826.21,143.5,203.78,315.52,64296.6656,0.159203125,0.4382222222222222,0.06976634722222222,14.0,7.875,91.42857142857143,2.22884375,3.4509999999999996,7.69173978125,375.60505694146343,203.78,2.22884375
286,categories/Component Solder Dry/R1 dry solder (2).jpg,Component Solder Dry,1280,720,583.0,288.11,157.76,131.47,20740.707199999997,0.12325,0.18259722222222222,0.022505107638888886,25.0,14.0625,51.2,3.08125,2.5677734374999996,7.911951904296872,205.35963210913675,131.47,2.5677734374999996
287,categories/Component Solder Dry/R1 dry solder.jpg,Component No Solder,1280,720,639.53,435.36,119.63,149.87,17928.9481,0.0934609375,0.2081527777777778,0.01945415375434028,25.0,14.0625,51.2,2.3365234375,2.9271484375,6.839350929260253,191.7611895040287,119.63,2.3365234375
288,categories/Component Solder Dry/R2 DRY SOLDER (2).jpg,Component Solder Dry,1280,720,409.46,119.83,253.73,358.91,91066.2343,0.19822656249999998,0.49848611111111113,0.0988131882595486,11.0,6.1875,116.36363636363636,2.1804921875,3.0843828125000003,6.725472625915528,439.53987418663166,253.73,2.1804921875
289,categories/Component Solder Dry/R2 component dry solder (1).jpg,Component Solder Dry,1280,720,447.58,285.48,195.89,210.35,41205.4615,0.1530390625,0.29215277777777776,0.044710787217881943,15.0,8.4375,85.33333333333333,2.2955859375,2.4650390625000003,5.658709007263184,287.4369750049565,195.89,2.2955859375
290,categories/Component Solder Dry/R2 component dry solder (2) (1).jpg,Component Solder Dry,1280,720,601.4,85.65,255.05,378.63,96569.5815,0.19925781250000002,0.525875,0.1047847021484375,14.0,7.875,91.42857142857143,2.789609375,4.141265625,11.552513411865235,456.520732716489,255.05,2.789609375
291,categories/Component Solder Dry/R2 component dry solder (2).jpg,Component Solder Dry,1280,720,433.83,274.74,211.17,205.38,43370.0946,0.16497656249999998,0.28525,0.047059564453124994,15.0,8.4375,85.33333333333333,2.4746484375,2.406796875,5.955976126098633,294.5737824382883,205.38,2.406796875
292,categories/Component Solder Dry/R2 component dry solder.jpg,Component Solder Dry,1280,720,601.61,75.14,244.43,383.28,93685.1304,0.1909609375,0.5323333333333333,0.10165487239583333,14.0,7.875,91.42857142857143,2.673453125,4.192125,11.207449681640623,454.58726697961964,244.43,2.673453125
293,categories/Component Solder Dry/R2 dry solder.jpg,Component Solder Dry,1280,720,454.1,274.74,231.39,358.69,82997.2791,0.1807734375,0.49818055555555557,0.0900578115234375,13.0,7.3125,98.46153846153847,2.3500546874999997,3.6429453124999998,8.561120707946777,426.84874159355326,231.39,2.3500546874999997
294,categories/Component Solder Dry/R2 dry.jpg,Component Solder Dry,1280,720,390.44,135.89,273.36,352.9,96468.74399999999,0.21356250000000002,0.49013888888888885,0.10467528645833332,11.0,6.1875,116.36363636363636,2.3491875,3.032734375,7.124461684570313,446.390075606526,273.36,2.3491875
295,categories/Component Solder Dry/R3 COMPONENT DRY.jpg,Component Solder Dry,1280,720,189.4,208.21,260.34,242.98,63257.41319999999,0.203390625,0.33747222222222223,0.06863868619791666,10.0,5.625,128.0,2.03390625,1.89828125,3.8609260986328118,356.1126170188301,242.98,1.89828125
296,categories/Component Solder Dry/R3 dry.jpg,Component Solder Dry,1280,720,543.75,510.49,438.24,186.57,81762.4368,0.342375,0.259125,0.088717921875,14.0,7.875,91.42857142857143,4.79325,2.040609375,9.781150886718748,476.3010208891012,186.57,2.040609375
297,categories/Component Solder Dry/R41  dry solder.jpg,Component Solder Dry,1280,720,757.81,190.85,229.97,312.41,71844.9277,0.1796640625,0.4339027777777778,0.07795673578559027,12.0,6.75,106.66666666666667,2.15596875,2.92884375,6.314495598632812,387.9255199132947,229.97,2.15596875
298,categories/Component Solder Dry/R8 DRY solder.jpg,Component Solder Dry,1280,720,422.26,177.83,133.06,185.13,24633.3978,0.10395312500000001,0.257125,0.026728947265624997,20.0,11.25,64.0,2.0790625,2.89265625,6.014013134765625,227.98701827077787,133.06,2.0790625
299,categories/Component Solder Dry/R8 component dry solder.jpg,Component Solder Dry,1280,720,377.43,124.32,211.16,205.38,43368.040799999995,0.16496875,0.28525,0.04705733593749999,14.0,7.875,91.42857142857143,2.3095624999999997,2.24634375,5.188071287109374,294.5666138583937,205.38,2.24634375
300,categories/Component Solder Dry/RED WIRE DRY.jpg,Component Solder Dry,1280,720,383.21,280.52,225.63,229.97,51888.1311,0.1762734375,0.31940277777777776,0.0563022255859375,20.0,11.25,64.0,3.52546875,3.59328125,12.668000756835937,322.1724659246969,225.63,3.52546875
301,categories/Component Solder Dry/RV1 Dry Solder.jpg,Component No Solder,1280,720,377.43,187.96,133.06,105.58,14048.4748,0.10395312500000001,0.14663888888888887,0.015243570746527779,35.0,19.6875,36.57142857142857,3.6383593750000003,2.8869531250000002,10.503772967529297,169.85905922263905,105.58,2.8869531250000002
302,categories/Component Solder Dry/RV1 lead dry solder.jpg,Component Solder Dry,1280,720,419.37,318.13,264.68,219.84,58187.2512,0.20678125,0.30533333333333335,0.06313720833333333,15.0,8.4375,85.33333333333333,3.1017187500000003,2.5762500000000004,7.9908029296875,344.0713995670085,219.84,2.5762500000000004
303,categories/Component Solder Dry/RYB Wire Dry Solder.jpg,Component Solder Dry,1280,720,585.7,500.36,170.66,118.6,20240.275999999998,0.133328125,0.16472222222222221,0.02196210503472222,35.0,19.6875,36.57142857142857,4.6664843750000005,3.24296875,15.13326300048828,207.82395338362707,118.6,3.24296875
304,categories/Component Solder Dry/Solde Dry.jpg,Component Solder Dry,1280,720,970.42,287.75,104.14,108.48,11297.1072,0.081359375,0.15066666666666667,0.012258145833333334,30.0,16.875,42.666666666666664,2.44078125,2.5425000000000004,6.205686328125001,150.37636117422178,104.14,2.44078125
305,categories/Component Solder Dry/Solde Dry.jpg,Component Solder Dry,1280,720,247.26,274.74,102.69,105.58,10842.010199999999,0.0802265625,0.14663888888888887,0.011764333984374998,30.0,16.875,42.666666666666664,2.406796875,2.47453125,5.955694079589843,147.28330692919684,102.69,2.406796875
306,categories/Component Solder Dry/Solde Dry.jpg,Component Solder Dry,1280,720,1091.91,284.86,101.24,120.05,12153.862,0.07909374999999999,0.1667361111111111,0.013187784288194443,30.0,16.875,42.666666666666664,2.3728125,2.8136718750000003,6.676315795898438,157.03993154608798,101.24,2.3728125
307,categories/Component Solder Dry/Solder Dry (2).jpg,Component Solder Dry,1280,720,616.07,111.3,271.91,435.35,118376.01850000002,0.21242968750000002,0.6046527777777778,0.1284462006293403,12.0,6.75,106.66666666666667,2.5491562500000002,4.08140625,10.404142250976562,513.2880970760963,271.91,2.5491562500000002
308,categories/Component Solder Dry/Solder Dry (3).jpg,Component Solder Dry,1280,720,446.85,270.4,234.3,351.46,82347.078,0.183046875,0.48813888888888884,0.08935229817708333,13.0,7.3125,98.46153846153847,2.379609375,3.5695156249999997,8.494052845458983,422.39865245997174,234.3,2.379609375
309,categories/Component Solder Dry/Solder Dry (4).jpg,Component Solder Dry,1280,720,617.52,378.87,115.7,140.3,16232.710000000001,0.090390625,0.19486111111111112,0.01761361762152778,25.0,14.0625,51.2,2.259765625,2.740234375,6.1922874450683585,181.85318254020194,115.7,2.259765625
310,categories/Component Solder Dry/Solder Dry (5).jpg,Component Solder Dry,1280,720,669.58,419.37,141.74,154.76,21935.6824,0.11073437500000001,0.21494444444444444,0.02380173871527778,16.0,9.0,80.0,1.7717500000000002,1.9344999999999999,3.4274503750000003,209.8592032768637,141.74,1.7717500000000002
311,categories/Component Solder Dry/Solder Dry (5).jpg,Component Solder Dry,1280,720,281.97,402.01,141.74,164.88,23370.091200000003,0.11073437500000001,0.22899999999999998,0.025358171875000002,16.0,9.0,80.0,1.7717500000000002,2.061,3.6515767500000003,217.4296253963567,141.74,1.7717500000000002
312,categories/Component Solder Dry/Solder Dry (5).jpg,Component Solder Dry,1280,720,1016.7,417.92,186.58,162.43,30306.189400000003,0.145765625,0.22559722222222223,0.032884320095486114,16.0,9.0,80.0,2.33225,2.0303750000000003,4.735342093750001,247.3774470318586,162.43,2.0303750000000003
313,categories/Component Solder Dry/Solder Dry (5).jpg,Component Solder Dry,1280,720,860.5,416.48,157.65,161.99,25537.723500000004,0.1231640625,0.22498611111111114,0.02771020345052084,16.0,9.0,80.0,1.970625,2.024875,3.9902692968750006,226.0404446111359,157.65,1.970625
314,categories/Component Solder Dry/Solder Dry (5).jpg,Component Solder Dry,1280,720,478.67,397.67,135.95,175.01,23792.609499999995,0.10621093749999999,0.24306944444444442,0.025816633572048605,16.0,9.0,80.0,1.6993749999999999,2.1876249999999997,3.717595234374999,221.6097980685872,135.95,1.6993749999999999
315,categories/Component Solder Dry/Solder Dry.jpg,Component No Solder,1280,720,587.22,260.23,111.18,98.35,10934.553,0.086859375,0.1365972222222222,0.011864749348958334,35.0,19.6875,36.57142857142857,3.0400781250000004,2.6892578125,8.175553848266603,148.437579136821,98.35,2.6892578125
316,categories/Component Solder Dry/U1 IC lead dry.jpg,Component Solder Dry,1280,720,671.31,551.01,58.44,54.17,3165.6947999999998,0.045656249999999995,0.07523611111111111,0.0034349986979166666,9.0,5.0625,142.22222222222223,0.41090625,0.3808828125,0.1565071281738281,79.6845185716774,54.17,0.3808828125
317,categories/Component Solder Dry/U3 Display pin dry solder (2) (1).jpg,Component Solder Dry,1280,720,910.78,149.05,105.48,111.18,11727.2664,0.08240625,0.15441666666666667,0.0127248984375,25.0,14.0625,51.2,2.06015625,2.171484375,4.473597106933593,153.2547643631349,105.48,2.06015625
318,categories/Component Solder Dry/U3 Display pin dry solder (2).jpg,Component Solder Dry,1280,720,906.5,150.48,111.18,109.75,12202.005000000001,0.086859375,0.15243055555555557,0.013240022786458335,25.0,14.0625,51.2,2.171484375,2.1435546875,4.654695510864257,156.22437357851686,109.75,2.1435546875
319,categories/Component Solder Dry/U3 display lead dry solder.jpg,Component Solder Dry,1280,720,507.39,318.67,265.13,252.3,66892.299,0.20713281249999999,0.3504166666666667,0.07258278971354166,9.5,5.34375,134.73684210526315,1.96776171875,1.8725390625000002,3.684710684051514,365.99071969108724,252.3,1.8725390625000002
320,categories/Component Solder Dry/U5 dry solder.jpg,Component No Solder,1280,720,471.76,293.02,98.35,106.9,10513.615,0.07683593749999999,0.14847222222222223,0.011408002387152777,20.0,11.25,64.0,1.53671875,1.6703125,2.566800537109375,145.25953497103038,98.35,1.53671875
321,categories/Component Solder Dry/U5 dry solder.jpg,Component Solder Dry,1280,720,927.88,200.36,116.89,108.33,12662.6937,0.0913203125,0.15045833333333333,0.013739902018229166,20.0,11.25,64.0,1.82640625,1.69265625,3.0914779541015625,159.36957363311228,108.33,1.69265625
322,categories/Component Solder Dry/U5 dry solder.jpg,Component No Solder,1280,720,468.91,187.54,105.48,108.33,11426.6484,0.08240625,0.15045833333333333,0.01239870703125,20.0,11.25,64.0,1.648125,1.69265625,2.78970908203125,151.19993154760354,105.48,1.648125
323,categories/Component Solder Dry/U6 SENSOR DRY SOLDER.jpg,Component Solder Dry,1280,720,684.14,275.91,176.75,280.8,49631.4,0.1380859375,0.39,0.053853515625,13.0,7.3125,98.46153846153847,1.7951171874999998,2.851875,5.119449829101563,331.7969296120746,176.75,1.7951171874999998
324,categories/Component Solder Dry/U6 dry solder.jpg,Component Solder Dry,1280,720,504.54,133.37,282.23,369.18,104193.6714,0.22049218750000002,0.51275,0.113057369140625,7.0,3.9375,182.85714285714286,1.5434453125,2.018953125,3.1161437369384766,464.70167344222034,282.23,1.5434453125
325,categories/Component Solder Dry/U6 sensor dry solder (2).jpg,Component No Solder,1280,720,540.18,297.29,119.73,142.54,17066.3142,0.0935390625,0.19797222222222222,0.018518136067708333,16.0,9.0,80.0,1.496625,1.78175,2.66661159375,186.15295995497897,119.73,1.496625
326,categories/Component Solder Dry/U6 sensor dry.jpg,Component Solder Dry,1280,720,262.23,143.35,200.98,350.65,70473.63699999999,0.157015625,0.48701388888888886,0.07646879014756944,12.0,6.75,106.66666666666667,1.8841875,3.28734375,6.1939720019531235,404.1638070139383,200.98,1.8841875
327,categories/Component Solder Dry/U6 sensor dry.jpg,Component Solder Dry,1280,720,793.9,100.59,222.36,419.06,93182.18160000001,0.17371875,0.5820277777777778,0.10110913802083335,12.0,6.75,106.66666666666667,2.084625,3.9286874999999997,8.1898401796875,474.3998874367489,222.36,2.084625
328,categories/Component Solder Dry/U6 sensor dry.jpg,Component Solder Dry,1280,720,534.48,134.8,206.68,373.45,77184.646,0.16146875,0.5186805555555556,0.0837507009548611,12.0,6.75,106.66666666666667,1.937625,3.50109375,6.783806777343749,426.8272775959849,206.68,1.937625
329,categories/Component Solder Dry/dry solder3.jpg,Component No Solder,1280,720,437.55,351.46,131.14,155.36,20373.9104,0.10245312499999999,0.2157777777777778,0.02210710763888889,16.0,9.0,80.0,1.6392499999999999,1.9420000000000002,3.1834235,203.30870419143397,131.14,1.6392499999999999
330,categories/Component Solder Dry/f1 dry.jpg,Component Solder Dry,1280,720,354.88,169.01,238.04,171.04,40714.3616,0.18596875,0.23755555555555555,0.04417790972222222,12.0,6.75,106.66666666666667,2.2316249999999997,1.6035,3.5784106874999995,293.1172516246698,171.04,1.6035
331,categories/Component Solder Dry/j2 DRY SOLDER & SOLDER SHORT.jpg,Component Solder Dry,1280,720,310.69,297.29,115.46,111.18,12836.8428,0.090203125,0.15441666666666667,0.013928865885416667,25.0,14.0625,51.2,2.255078125,2.171484375,4.896866912841796,160.28725463991202,111.18,2.171484375
332,categories/Component Solder Dry/j2 DRY SOLDER & SOLDER SHORT.jpg,Solder Short,1280,720,444.68,308.69,235.19,105.48,24807.8412,0.1837421875,0.14650000000000002,0.02691823046875,25.0,14.0625,51.2,4.593554687499999,2.06015625,9.463440399169919,257.76028883441296,105.48,2.06015625
333,categories/Component Solder Dry/j7 dry solder (2).jpg,Component Solder Dry,1280,720,688.42,171.86,162.49,191.0,31035.59,0.12694531250000002,0.2652777777777778,0.033675770399305555,16.0,9.0,80.0,2.0311250000000003,2.3875,4.8493109375,250.76682416141097,162.49,2.0311250000000003
334,categories/LED Damage/D13 LED Damage.jpg,LED Damage,1280,720,481.74,312.8,264.46,218.26,57721.0396,0.20660937499999998,0.3031388888888889,0.06263133637152778,10.0,5.625,128.0,2.06609375,1.70515625,3.5230126708984373,342.8943265789039,218.26,1.70515625
335,categories/LED Damage/D52 LED DAMAGE.jpg,LED Damage,1280,720,333.5,317.25,236.61,249.44,59019.998400000004,0.1848515625,0.34644444444444444,0.064040796875,1.4,0.7874999999999999,914.2857142857143,0.2587921875,0.272825,0.0706049785546875,343.80896686968475,236.61,0.2587921875
336,categories/LED Damage/LED DAMAGE..jpg,LED Damage,1280,720,484.59,220.32,290.78,292.21,84968.82379999998,0.22717187499999997,0.4058472222222222,0.09219707443576387,14.0,7.875,91.42857142857143,3.1804062499999994,3.1960468749999995,10.164727456542966,412.237422488546,290.78,3.1804062499999994
337,categories/LED Damage/LED DAMAGE.jpg,LED Damage,1280,720,483.16,274.49,290.78,239.46,69630.1788,0.22717187499999997,0.33258333333333334,0.07555357942708332,14.0,7.875,91.42857142857143,3.1804062499999994,2.61909375,8.329782131835936,376.6883327102128,239.46,2.61909375
338,categories/LED Damage/LED Damage (2).jpg,LED Damage,1280,720,467.48,348.61,411.94,195.27,80439.52380000001,0.321828125,0.27120833333333333,0.08728246940104167,13.0,7.3125,98.46153846153847,4.1837656249999995,1.9832109375,8.297289747436524,455.87820358073714,195.27,1.9832109375
339,categories/LED Damage/LED Damage (3).jpg,LED Damage,1280,720,477.46,296.4,259.42,244.63,63461.914600000004,0.202671875,0.33976388888888887,0.06886058441840279,10.0,5.625,128.0,2.02671875,1.911171875,3.8734078735351565,356.57057267811655,244.63,1.911171875
340,categories/LED Damage/LED Damage (4).jpg,LED Damage,1280,720,292.16,368.56,245.17,233.76,57310.93919999999,0.1915390625,0.32466666666666666,0.062186348958333325,1.4,0.7874999999999999,914.2857142857143,0.2681546875,0.255675,0.06856044972656249,338.75074391062225,233.76,0.255675
341,categories/Polarity Wrong/C7 wrong polarity.jpg,Polarity Wrong,1280,720,584.36,69.23,305.04,486.06,148267.74240000002,0.2383125,0.6750833333333334,0.160880796875,30.0,16.875,42.666666666666664,7.149375000000001,11.39203125,81.44590341796876,573.8499152217416,305.04,7.149375000000001
342,categories/Polarity Wrong/C8 polarity wrong (1).jpg,Polarity Wrong,1280,720,352.03,63.53,510.29,580.13,296034.5377,0.3986640625,0.8057361111111111,0.3212180313585069,30.0,16.875,42.666666666666664,11.959921875000001,13.596796875,162.61662837524415,772.6232594220809,510.29,11.959921875000001
343,categories/Polarity Wrong/C8 polarity wrong.jpg,Polarity Wrong,1280,720,503.12,22.19,316.43,628.6,198907.89800000002,0.2472109375,0.8730555555555556,0.21582888237847223,30.0,16.875,42.666666666666664,7.416328125000001,14.732812500000001,109.26337170410157,703.7513089863493,316.43,7.416328125000001
344,categories/Polarity Wrong/D1 LED wrong polarity.jpg,Polarity Wrong,1280,720,550.16,43.57,366.32,601.52,220348.8064,0.2861875,0.8354444444444444,0.23909375694444446,20.0,11.25,64.0,5.72375,9.39875,53.7960953125,704.2844970606693,366.32,5.72375
345,categories/Polarity Wrong/D1 POLARITY WRONG.jpg,Polarity Wrong,1280,720,380.53,9.36,315.02,518.84,163444.9768,0.246109375,0.7206111111111112,0.1773491501736111,20.0,11.25,64.0,4.9221875,8.106875,39.9035587890625,606.98644630667,315.02,4.9221875
346,categories/Polarity Wrong/D1 led polarity wrong.jpg,Polarity Wrong,1280,720,381.96,29.32,364.9,578.71,211171.279,0.28507812499999996,0.8037638888888889,0.2291355023871528,20.0,11.25,64.0,5.7015625,9.04234375,51.55548803710938,684.147114369417,364.9,5.7015625
347,categories/Polarity Wrong/D1 polarity wrong (2).jpg,Polarity Wrong,1280,720,376.26,7.94,323.56,525.97,170182.8532,0.25278125,0.7305138888888889,0.18466021397569446,20.0,11.25,64.0,5.055625,8.21828125,41.54854814453125,617.5236954967801,323.56,5.055625
348,categories/Polarity Wrong/D2 LED polarity wrong.jpg,Polarity Wrong,1280,720,517.37,159.03,250.87,380.58,95476.10459999999,0.1959921875,0.5285833333333333,0.10359820377604166,20.0,11.25,64.0,3.91984375,5.9465625,23.309595849609373,455.825507513566,250.87,3.91984375
349,categories/Polarity Wrong/D2 LED wrong polarity.jpg,Polarity Wrong,1280,720,406.19,233.15,373.45,286.5,106993.425,0.2917578125,0.39791666666666664,0.11609529622395834,14.0,7.875,91.42857142857143,4.084609374999999,3.1335937499999997,12.799506408691407,470.68795661244616,286.5,3.1335937499999997
350,categories/Polarity Wrong/D6 LED wrong polarity.jpg,Polarity Wrong,1280,720,500.27,265.93,320.71,252.3,80915.133,0.2505546875,0.3504166666666667,0.08779853841145834,16.0,9.0,80.0,4.008875,3.15375,12.64298953125,408.0566064898349,252.3,3.15375
351,categories/Polarity Wrong/J1 connector polarity wrong (1).jpg,Polarity Wrong,1280,720,273.63,56.4,863.79,511.72,442018.6188,0.6748359374999999,0.7107222222222223,0.47962089713541667,25.0,14.0625,51.2,16.8708984375,9.99453125,168.61672164916988,1003.987311921819,511.72,9.99453125
352,categories/Polarity Wrong/J1 connector polarity wrong (2) (1).jpg,Polarity Wrong,1280,720,339.2,166.16,748.33,407.66,305064.20780000003,0.5846328125,0.5661944444444444,0.3310158504774306,30.0,16.875,42.666666666666664,17.538984375000002,9.554531250000002,167.57677430419923,852.1645759476277,407.66,9.554531250000002
353,categories/Polarity Wrong/J1 connector polarity wrong.jpg,Polarity Wrong,1280,720,287.88,54.98,848.11,507.43,430356.4573,0.6625859375,0.7047638888888889,0.4669666420355903,25.0,14.0625,51.2,16.5646484375,9.9107421875,164.16796009063717,988.3196734862663,507.43,9.9107421875
354,categories/Polarity Wrong/J1 connector wrong polarity (1).jpg,Polarity Wrong,1280,720,266.5,107.71,741.21,441.88,327525.8748,0.5790703125000001,0.6137222222222222,0.3553883190104167,30.0,16.875,42.666666666666664,17.372109375,10.3565625,179.91533649902345,862.9311667218886,441.88,10.3565625
355,categories/Polarity Wrong/J1 connector wrong polarity.jpg,Polarity Wrong,1280,720,175.28,49.27,984.94,463.26,456283.3044,0.769484375,0.6434166666666666,0.49509907161458333,30.0,16.875,42.666666666666664,23.08453125,10.85765625,250.64390500488284,1088.4468894714157,463.26,10.85765625
356,categories/Polarity Wrong/J1 connnector polarity wrong.jpg,Polarity Wrong,1280,720,135.37,62.1,1049.08,503.16,527855.0928,0.8195937499999999,0.6988333333333334,0.5727594322916667,30.0,16.875,42.666666666666664,24.5878125,11.792812500000002,289.9594625976563,1163.5028285311557,503.16,11.792812500000002
357,categories/Polarity Wrong/J1 polariti wrong.jpg,Polarity Wrong,1280,720,303.56,33.59,903.7,511.72,462441.36400000006,0.706015625,0.7107222222222223,0.5017809939236112,25.0,14.0625,51.2,17.650390625,9.99453125,176.40738067626953,1038.5234943899923,511.72,9.99453125
358,categories/Polarity Wrong/J1 wrong polarity.jpg,Polarity Wrong,1280,720,279.33,67.8,831.0,471.81,392074.11,0.64921875,0.6552916666666667,0.42542763671875,25.0,14.0625,51.2,16.23046875,9.215039062499999,149.56440353393552,955.5970259999766,471.81,9.215039062499999
359,categories/Polarity Wrong/J2 connector polarity wrong.jpg,Polarity Wrong,1280,720,354.88,80.63,507.44,561.61,284983.3784,0.3964375,0.7800138888888889,0.3092267560763889,35.0,19.6875,36.57142857142857,13.875312500000001,15.356523437500002,213.07656160888672,756.9023356417921,507.44,13.875312500000001
360,categories/Polarity Wrong/J2 connector wrong polarity.jpg,Polarity Wrong,1280,720,235.14,83.48,846.69,493.19,417579.04110000003,0.6614765625000001,0.6849861111111111,0.45310225813802085,25.0,14.0625,51.2,16.5369140625,9.6326171875,159.29376262664792,979.8573019577902,493.19,9.6326171875
361,categories/Polarity Wrong/J2 polarity wrong.jpg,Polarity Wrong,1280,720,95.46,100.59,1117.5,441.87,493789.725,0.873046875,0.6137083333333333,0.535796142578125,25.0,14.0625,51.2,21.826171875,8.6302734375,188.365831375122,1201.6885398887684,441.87,8.6302734375
362,categories/Polarity Wrong/J2 wrong polarity.jpg,Polarity Wrong,1280,720,180.98,52.12,902.27,507.44,457847.8888,0.7048984375,0.7047777777777777,0.4967967543402778,20.0,11.25,64.0,14.09796875,7.92875,111.7792697265625,1035.1746260897241,507.44,7.92875
363,categories/Polarity Wrong/J4 connector polarity wrong.jpg,Polarity Wrong,1280,720,399.06,80.63,508.87,433.32,220503.5484,0.3975546875,0.6018333333333333,0.23926166276041666,25.0,14.0625,51.2,9.9388671875,8.46328125,84.11542831420897,668.3673385945785,433.32,8.46328125
364,categories/Polarity Wrong/J4 connector wrong polarity.jpg,Polarity Wrong,1280,720,391.94,94.89,527.39,466.1,245816.479,0.4120234375,0.6473611111111112,0.26672795030381946,25.0,14.0625,51.2,10.3005859375,9.103515625,93.7715450286865,703.8390597998949,466.1,9.103515625
365,categories/Polarity Wrong/J4 wrong polarity.jpg,Polarity Wrong,1280,720,282.18,37.87,671.36,567.31,380869.24159999995,0.5245,0.7879305555555555,0.41326957638888884,20.0,11.25,64.0,10.49,8.86421875,92.98565468749999,878.9567029723364,567.31,8.86421875
366,categories/Polarity Wrong/J7 connector assemble wrong.jpg,Polarity Wrong,1280,720,303.56,86.33,551.63,478.93,264192.1559,0.4309609375,0.6651805555555556,0.28666683582899305,25.0,14.0625,51.2,10.774023437499999,9.3541015625,100.78130947113036,730.5269343426017,478.93,9.3541015625
367,categories/Polarity Wrong/Q7 component polarity wrong.jpg,Polarity Wrong,1280,720,599.8,120.54,396.5,481.78,191025.77,0.309765625,0.6691388888888888,0.2072762261284722,20.0,11.25,64.0,6.1953125,7.5278125,46.63715087890625,623.9585069537877,396.5,6.1953125
368,categories/Polarity Wrong/Q7 component wrong polarity.jpg,Polarity Wrong,1280,720,371.98,83.48,464.68,543.08,252358.4144,0.36303125,0.7542777777777778,0.2738264045138889,18.0,10.125,71.11111111111111,6.5345625,7.6370625,49.90486222265625,714.7470803018366,464.68,6.5345625
369,categories/Polarity Wrong/RYB Polarity Wrong.jpg,Polarity Wrong,1280,720,466.06,263.08,498.88,364.9,182041.31199999998,0.38975,0.5068055555555555,0.19752746527777776,40.0,22.5,32.0,15.59,11.403125,177.77471874999998,618.0883952963362,364.9,11.403125
370,categories/Polarity Wrong/U2 Display wrong polarity.jpg,Polarity Wrong,1280,720,582.94,139.07,337.82,506.02,170943.6764,0.263921875,0.7028055555555556,0.1854857599826389,40.0,22.5,32.0,10.556875,15.813125,166.937183984375,608.4230376966342,337.82,10.556875
371,categories/Polarity Wrong/U3 IC wrong polarity.jpg,Polarity Wrong,1280,720,349.18,139.07,423.34,571.58,241972.6772,0.33073437499999997,0.7938611111111111,0.2625571584201389,35.0,19.6875,36.57142857142857,11.575703125,15.629140625000002,180.91829197387696,711.2808531093748,423.34,11.575703125
372,categories/Polarity Wrong/U3 display led wrong polarity.jpg,Polarity Wrong,1280,720,437.55,49.27,450.42,621.47,279922.5174,0.351890625,0.8631527777777778,0.3037353704427083,35.0,19.6875,36.57142857142857,12.316171875000002,16.993320312500003,209.29265369567872,767.5305448645025,450.42,12.316171875000002
373,categories/Polarity Wrong/U3 display polarity wrong.jpg,Polarity Wrong,1280,720,414.74,72.08,464.68,604.37,280838.6516,0.36303125,0.8394027777777778,0.3047294396701389,35.0,19.6875,36.57142857142857,12.70609375,16.5257421875,209.9776295227051,762.358576589783,464.68,12.70609375
374,categories/Polarity Wrong/j1 CONNECTOR POLARITY WRONG (2).jpg,Polarity Wrong,1280,720,119.69,73.51,997.77,456.12,455102.8524,0.7795078125,0.6335,0.49381819921875,30.0,16.875,42.666666666666664,23.385234375,10.690312500000001,249.9954633544922,1097.0826893630215,456.12,10.690312500000001
375,categories/Polarity Wrong/u2 sensor polarity wrong.jpg,Polarity Wrong,1280,720,578.66,117.69,292.21,473.23,138282.5383,0.22828906249999997,0.6572638888888889,0.1500461570095486,35.0,19.6875,36.57142857142857,7.9901171875,12.9398828125,103.39118006439209,556.1774150394818,292.21,7.9901171875
376,categories/Polarity Wrong/wrong polarity.jpg,Polarity Wrong,1280,720,104.01,43.57,1012.03,496.04,502007.3612,0.7906484375,0.6889444444444445,0.5447128485243056,20.0,11.25,64.0,15.81296875,7.750625,122.56039091796875,1127.0582959634341,496.04,7.750625
377,categories/RYB Wrong Sequence/J1 SEQUENCE WRONG.jpg,RYB Wrong Sequence,1280,720,429.0,283.04,528.82,337.81,178640.68420000002,0.41314062500000004,0.46918055555555555,0.19383754796006947,16.0,9.0,80.0,6.610250000000001,4.222625,27.91260690625,627.5079190735365,337.81,4.222625
378,categories/RYB Wrong Sequence/J1 sequence wrong (1).jpg,RYB Wrong Sequence,1280,720,443.25,283.04,491.76,334.96,164719.92959999997,0.3841875,0.4652222222222222,0.17873256249999997,16.0,9.0,80.0,6.147,4.186999999999999,25.737488999999997,595.000923696762,334.96,4.186999999999999
379,categories/RYB Wrong Sequence/RYB Connector sequence wrong.jpg,RYB Wrong Sequence,1280,720,400.49,385.67,551.63,228.06,125804.7378,0.4309609375,0.31675,0.136506876953125,40.0,22.5,32.0,17.2384375,7.126875,122.8561892578125,596.9145839230266,228.06,7.126875
380,categories/RYB Wrong Sequence/RYB SEQUENCE WRONG (3) (1).jpg,RYB Wrong Sequence,1280,720,379.11,218.9,592.96,457.55,271308.848,0.46325000000000005,0.6354861111111111,0.29438894097222224,35.0,19.6875,36.57142857142857,16.21375,12.511132812500001,202.8523796386719,748.9683331757092,457.55,12.511132812500001
381,categories/RYB Wrong Sequence/RYB SEQUENCE WRONG (6).jpg,RYB Wrong Sequence,1280,720,551.58,109.14,537.37,538.8,289534.956,0.4198203125,0.7483333333333333,0.3141655338541667,35.0,19.6875,36.57142857142857,14.6937109375,14.7328125,216.47968817138673,760.9677765188221,537.37,14.6937109375
382,categories/RYB Wrong Sequence/RYB Sequence Wrong (4) (1).jpg,RYB Wrong Sequence,1280,720,397.64,384.24,490.33,249.44,122307.91519999999,0.3830703125,0.34644444444444444,0.1327125815972222,40.0,22.5,32.0,15.3228125,7.795,119.44132343749999,550.1307321900858,249.44,7.795
383,categories/RYB Wrong Sequence/RYB Sequence Wrong.jpg,RYB Wrong Sequence,1280,720,397.64,375.69,470.38,265.12,124707.1456,0.367484375,0.36822222222222223,0.13531591319444444,40.0,22.5,32.0,14.699375,8.285,121.784321875,539.9499595332886,265.12,8.285
384,categories/RYB Wrong Sequence/RYB WRONG SEQUENCE.jpg,RYB Wrong Sequence,1280,720,96.88,19.3,869.49,216.7,188418.48299999998,0.6792890625,0.3009722222222222,0.20444713867187497,35.0,19.6875,36.57142857142857,23.7751171875,5.925390625,140.87685649108886,896.086909903275,216.7,5.925390625
385,categories/RYB Wrong Sequence/RYB sequence wrong (1).jpg,RYB Wrong Sequence,1280,720,302.14,52.12,671.36,658.53,442110.7008,0.5245,0.9146249999999999,0.4797208125,30.0,16.875,42.666666666666664,15.735000000000001,15.434296875,242.858661328125,940.4179977541902,658.53,15.434296875
386,categories/RYB Wrong Sequence/RYB sequence wrong (2) (1).jpg,RYB Wrong Sequence,1280,720,467.48,36.45,543.08,649.97,352985.7076,0.42428125000000005,0.9027361111111112,0.38301400564236115,35.0,19.6875,36.57142857142857,14.849843750000002,17.772617187500003,263.9205882629395,846.9928496156269,543.08,14.849843750000002
387,categories/RYB Wrong Sequence/RYB sequence wrong (2).jpg,RYB Wrong Sequence,1280,720,377.68,20.77,672.79,671.35,451677.5665,0.5256171875,0.9324305555555555,0.4901015261501736,30.0,16.875,42.666666666666664,15.768515625,15.734765625000001,248.1138976135254,950.4510542894884,671.35,15.734765625000001
388,categories/RYB Wrong Sequence/RYB sequence wrong (3).jpg,RYB Wrong Sequence,1280,720,359.15,54.98,474.66,601.51,285512.7366,0.370828125,0.8354305555555556,0.309801146484375,40.0,22.5,32.0,14.833125,18.7971875,278.8210318359375,766.2352091231517,474.66,14.833125
389,categories/RYB Wrong Sequence/RYB sequence wrong (4).jpg,RYB Wrong Sequence,1280,720,468.91,10.79,533.09,681.33,363210.20970000006,0.41647656250000004,0.9462916666666668,0.39410830045572925,35.0,19.6875,36.57142857142857,14.576679687500002,18.6301171875,271.56525078277593,865.0985591249128,533.09,14.576679687500002
390,categories/RYB Wrong Sequence/RYB sequence wrong (5).jpg,RYB Wrong Sequence,1280,720,471.76,33.59,541.65,554.48,300334.092,0.4231640625,0.7701111111111112,0.32588334635416666,35.0,19.6875,36.57142857142857,14.8107421875,15.1615625,224.553993347168,775.1340483426077,541.65,14.8107421875
391,categories/RYB Wrong Sequence/sequence wrong (1).jpg,RYB Wrong Sequence,1280,720,397.64,305.84,496.03,282.23,139994.54690000002,0.38752343749999996,0.39198611111111115,0.15190380523003474,35.0,19.6875,36.57142857142857,13.5633203125,7.7172265625000005,104.67121579132082,570.7009144902432,282.23,7.7172265625000005
392,categories/RYB Wrong Sequence/sequence wrong (2) (1).jpg,RYB Wrong Sequence,1280,720,337.77,419.87,494.61,222.37,109986.4257,0.3864140625,0.3088472222222222,0.11934290983072918,35.0,19.6875,36.57142857142857,13.524492187500002,6.080429687500001,82.23472380523683,542.2983210374157,222.37,6.080429687500001
393,categories/RYB Wrong Sequence/sequence wrong (2).jpg,RYB Wrong Sequence,1280,720,460.36,377.11,515.99,196.71,101500.3929,0.40311718750000003,0.27320833333333333,0.11013497493489584,30.0,16.875,42.666666666666664,12.093515625,4.610390625000001,55.755831060791024,552.2141832658774,196.71,4.610390625000001
394,categories/RYB Wrong Sequence/sequence wrong (3) (1).jpg,RYB Wrong Sequence,1280,720,389.09,263.08,478.93,360.63,172716.5259,0.3741640625,0.500875,0.1874094248046875,16.0,9.0,80.0,5.986625,4.507875,26.986957171875,599.5230953015905,360.63,4.507875
395,categories/RYB Wrong Sequence/sequence wrong (3).jpg,RYB Wrong Sequence,1280,720,426.15,275.91,444.72,337.82,150235.31040000002,0.3474375,0.4691944444444444,0.1630157447916667,16.0,9.0,80.0,5.559,4.22275,23.474267250000004,558.4784962735808,337.82,4.22275
396,categories/RYB Wrong Sequence/sequence wrong (4) (1).jpg,RYB Wrong Sequence,1280,720,441.83,368.56,554.47,216.66,120131.47020000001,0.4331796875,0.30091666666666667,0.13035098763020833,30.0,16.875,42.666666666666664,12.995390625,5.07796875,65.99018748779298,595.2970153629195,216.66,5.07796875
397,categories/RYB Wrong Sequence/sequence wrong (4).jpg,RYB Wrong Sequence,1280,720,399.06,322.95,481.79,330.69,159323.1351,0.3763984375,0.45929166666666665,0.17287666569010418,35.0,19.6875,36.57142857142857,13.1739453125,9.0423046875,119.12282745208742,584.3607449170419,330.69,9.0423046875
398,categories/RYB Wrong Sequence/sequence wrong (5).jpg,RYB Wrong Sequence,1280,720,406.19,308.69,467.53,366.33,171270.26489999998,0.3652578125,0.5087916666666666,0.1858401311848958,35.0,19.6875,36.57142857142857,12.7840234375,10.0168359375,128.0554653945923,593.9545182924362,366.33,10.0168359375
399,categories/RYB Wrong Sequence/sequence wrong.jpg,RYB Wrong Sequence,1280,720,397.64,305.84,541.65,302.19,163681.21349999998,0.4231640625,0.41970833333333335,0.17760548339843749,30.0,16.875,42.666666666666664,12.694921875,7.082578125,89.91277597045898,620.2447247659588,302.19,7.082578125
400,categories/RYB Wrong Sequence/wire interchange.jpg,RYB Wrong Sequence,1280,720,446.1,251.68,380.58,436.17,165997.5786,0.297328125,0.6057916666666667,0.180118900390625,20.0,11.25,64.0,5.9465625,6.81515625,40.52675258789063,578.865619379835,380.58,5.9465625
401,categories/Solder Ball/C12 solder boll short (2).jpg,Solder Ball,1280,720,504.0,314.1,165.6,149.1,24690.96,0.129375,0.2070833333333333,0.02679140625,16.0,9.0,80.0,2.07,1.86375,3.8579624999999997,222.83215656632683,149.1,1.86375
402,categories/Solder Ball/C12 solder boll short.jpg,Solder Ball,1280,720,474.2,378.9,177.1,170.0,30107.0,0.138359375,0.2361111111111111,0.03266818576388889,7.5,4.21875,170.66666666666666,1.0376953125000001,0.99609375,1.0336418151855469,245.4881056181745,170.0,0.99609375
403,categories/Solder Ball/C28 R40  SOLDER BOLL SHORT.jpg,Solder Ball,1280,720,514.52,197.51,128.29,128.29,16458.324099999998,0.10022656249999999,0.17818055555555554,0.01785842458767361,13.0,7.3125,98.46153846153847,1.3029453125,1.3029453125,1.6976664873657223,181.42945791684434,128.29,1.3029453125
404,categories/Solder Ball/C41 component solder boll short.jpg,Solder Ball,1280,720,574.1,334.7,79.0,79.6,6288.4,0.06171875,0.11055555555555555,0.006823350694444444,10.0,5.625,128.0,0.6171875,0.621875,0.3838134765625,112.147938010469,79.0,0.6171875
405,categories/Solder Ball/C9 solder boll Short.jpg,Solder Ball,1280,720,534.48,454.08,111.18,98.36,10935.6648,0.086859375,0.1366111111111111,0.011865955729166667,10.0,5.625,128.0,0.86859375,0.7684375,0.667460009765625,148.44420500646027,98.36,0.7684375
406,categories/Solder Ball/J2 connector Boll.jpg,Solder Ball,1280,720,679.1,558.14,107.2,81.66,8753.952,0.08375,0.11341666666666667,0.009498645833333333,30.0,16.875,42.666666666666664,2.5125,1.91390625,4.808689453125,134.75976996121653,81.66,1.91390625
407,categories/Solder Ball/Q6 &R8 Solder Boll.jpg,Solder Ball,1280,720,520.22,318.67,156.8,161.07,25255.776,0.12250000000000001,0.22370833333333331,0.027404270833333334,13.0,7.3125,98.46153846153847,1.5925,1.6358671875,2.60511849609375,224.78831130643783,156.8,1.5925
408,categories/Solder Ball/Q7 solder boll short.jpg,Solder Ball,1280,720,644.1,341.48,92.4,86.95,8034.180000000001,0.0721875,0.12076388888888889,0.008717643229166667,40.0,22.5,32.0,2.8875,2.7171875,7.845878906250001,126.87814035522432,86.95,2.7171875
409,categories/Solder Ball/R16 solder boll short.jpg,Solder Ball,1280,720,637.1,285.89,185.31,182.45,33809.809499999996,0.1447734375,0.25340277777777775,0.0366859912109375,11.0,6.1875,116.36363636363636,1.5925078125,1.5679296875,2.4969402767944335,260.0534533514216,182.45,1.5679296875
410,categories/Solder Ball/Solder Boll (2).jpg,Solder Ball,1280,720,369.13,107.71,102.63,89.8,9216.173999999999,0.0801796875,0.12472222222222222,0.010000188802083332,1.5,0.84375,853.3333333333334,0.12026953124999999,0.10523437499999999,0.012656488952636716,136.37065996760447,89.8,0.10523437499999999
411,categories/Solder Ball/Solder Boll (2).jpg,Solder Ball,1280,720,762.54,368.56,37.06,39.91,1479.0646,0.028953125000000003,0.05543055555555555,0.0016048878038194443,1.5,0.84375,853.3333333333334,0.0434296875,0.046769531249999996,0.002031186126708984,54.46330599587212,37.06,0.0434296875
412,categories/Solder Ball/Solder Boll (2).jpg,Solder Ball,1280,720,73.54,188.94,51.95,48.81,2535.6795,0.0405859375,0.06779166666666667,0.0027513883463541667,1.5,0.84375,853.3333333333334,0.06087890625,0.05719921875,0.003482225875854492,71.28266689736012,48.81,0.05719921875
413,categories/Solder Ball/Solder boll (3).jpg,Solder Ball,1280,720,475.0,385.1,165.8,152.0,25201.600000000002,0.12953125000000001,0.2111111111111111,0.027345486111111112,7.5,4.21875,170.66666666666666,0.9714843750000001,0.890625,0.8652282714843751,224.93030031545328,152.0,0.890625
414,categories/Solder Ball/U1 IC SOLDER BOLL (2).jpg,Solder Ball,1280,720,638.1,515.7,28.4,28.6,812.24,0.0221875,0.03972222222222222,0.0008813368055555556,25.0,14.0625,51.2,0.5546874999999999,0.55859375,0.30984497070312494,40.30533463451209,28.4,0.5546874999999999
415,categories/Solder Ball/U1 IC SOLDER BOLL.jpg,Solder Ball,1280,720,566.2,458.6,81.1,81.01,6569.911,0.063359375,0.1125138888888889,0.007128809678819445,14.0,7.875,91.42857142857143,0.8870312499999999,0.886046875,0.7859512670898438,114.62909796382418,81.01,0.886046875
416,categories/Solder Ball/U1 IC Solder Boll (3).jpg,Solder Ball,1280,720,565.3,469.8,83.2,78.36,6519.552000000001,0.065,0.10883333333333334,0.007074166666666667,20.0,11.25,64.0,1.3,1.224375,1.5916875000000001,114.29142400022847,78.36,1.224375
417,categories/Solder Ball/U1 IC Solder Short (2).jpg,Solder Ball,1280,720,501.3,371.41,72.9,80.29,5853.1410000000005,0.05695312500000001,0.1115138888888889,0.006351064453125,14.0,7.875,91.42857142857143,0.79734375,0.878171875,0.7002048559570313,108.44765603737133,72.9,0.79734375
418,categories/Solder Ball/U1 IC solder boll (4).jpg,Solder Ball,1280,720,545.3,360.01,68.5,56.09,3842.1650000000004,0.053515625,0.07790277777777778,0.004169015842013889,18.0,10.125,71.11111111111111,0.96328125,0.788765625,0.7598031372070312,88.53438936368173,56.09,0.788765625
419,categories/Solder Ball/U1 IC solder short.jpg,Solder Ball,1280,720,604.8,482.6,92.0,90.4,8316.800000000001,0.071875,0.12555555555555556,0.009024305555555556,10.0,5.625,128.0,0.71875,0.70625,0.5076171875000001,128.981238945825,90.4,0.70625
420,categories/Solder Ball/U1 ICsolder boll short.jpg,Solder Ball,1280,720,474.9,379.96,72.1,77.74,5605.053999999999,0.05632812499999999,0.10797222222222222,0.00608187282986111,12.0,6.75,106.66666666666667,0.6759375,0.7288125,0.4926316992187499,106.02790953329222,72.1,0.6759375
421,categories/Solder Ball/U1 SOLDER BOLL SHORT.jpg,Solder Ball,1280,720,584.2,455.8,88.0,94.2,8289.6,0.06875,0.13083333333333333,0.008994791666666667,11.0,6.1875,116.36363636363636,0.75625,0.80953125,0.6122080078125001,128.90942556694603,88.0,0.75625
422,categories/Solder Ball/U1 SOLDER BOLL.jpg,Solder Ball,1280,720,577.4,460.4,89.1,82.7,7368.57,0.069609375,0.11486111111111111,0.00799541015625,11.0,6.1875,116.36363636363636,0.7657031249999999,0.7107031250000001,0.5441876037597657,121.56520883871339,82.7,0.7107031250000001
423,categories/Solder Ball/U2 IC solder short by solder ball.jpg,Solder Short,1280,720,634.25,328.0,79.82,127.51,10177.8482,0.062359374999999995,0.17709722222222224,0.011043672092013889,14.0,7.875,91.42857142857143,0.8730312499999999,1.394640625,1.2175648481445314,150.4328172308157,79.82,0.8730312499999999
424,categories/Solder Ball/U2 IC solder short.jpg,Solder Ball,1280,720,579.7,455.7,89.3,82.3,7349.389999999999,0.069765625,0.11430555555555555,0.007974598524305555,16.0,9.0,80.0,1.11625,1.02875,1.1483421875,121.44043807562619,82.3,1.02875
425,categories/Solder Ball/U3 sholder boll short.jpg,Solder Ball,1280,720,545.88,161.88,78.4,44.19,3464.496,0.061250000000000006,0.061375,0.00375921875,20.0,11.25,64.0,1.225,0.69046875,0.84582421875,89.9962004753534,44.19,0.69046875
426,categories/Solder Ball/U3 solder boll.jpg,Solder Ball,1280,720,721.7,528.2,40.3,39.92,1608.776,0.031484374999999995,0.05544444444444445,0.0017456336805555556,16.0,9.0,80.0,0.5037499999999999,0.499,0.25137125,56.72474239694703,39.92,0.499
427,categories/Solder Ball/U4 IC Solder Boll.jpg,Solder Ball,1280,720,367.5,479.74,46.8,44.19,2068.0919999999996,0.0365625,0.061375,0.0022440234374999997,15.0,8.4375,85.33333333333333,0.5484375,0.5178515625,0.2840092163085937,64.3661098715776,44.19,0.5178515625
428,categories/Solder Ball/U4 IC Solder Short.jpg,Solder Ball,1280,720,710.2,513.95,46.1,42.25,1947.7250000000001,0.036015625,0.058680555555555555,0.0021134168836805557,20.0,11.25,64.0,0.7203125,0.66015625,0.47551879882812503,62.53217171984354,42.25,0.66015625
429,categories/Solder Ball/U4 IC short by solder ball.jpg,Solder Ball,1280,720,805.4,500.5,44.2,45.5,2011.1000000000001,0.03453125,0.06319444444444444,0.0021821831597222223,13.0,7.3125,98.46153846153847,0.44890625,0.462109375,0.20744378662109375,63.43413907353043,44.2,0.44890625
430,categories/Solder Ball/U4 IC solder short by solder ball.jpg,Solder Ball,1280,720,827.7,464.06,50.3,49.89,2509.467,0.039296874999999995,0.06929166666666667,0.0027229459635416666,20.0,11.25,64.0,0.7859375,0.77953125,0.612662841796875,70.84562160077361,49.89,0.77953125
431,categories/Solder Ball/U4 Solder boll (3).jpg,Solder Ball,1280,720,624.8,424.15,60.77,58.44,3551.3988,0.0474765625,0.08116666666666666,0.0038535143229166667,20.0,11.25,64.0,0.94953125,0.913125,0.86704072265625,84.31029889639818,58.44,0.913125
432,categories/Solder Ball/U4 solder boll (2).jpg,Solder Ball,1280,720,692.2,411.32,24.73,22.81,564.0912999999999,0.0193203125,0.03168055555555555,0.0006120782335069444,25.0,14.0625,51.2,0.48300781249999997,0.44550781249999993,0.2151837539672851,33.64326084076869,22.81,0.44550781249999993
433,categories/Solder Ball/U4 solder boll.jpg,Solder Ball,1280,720,415.8,499.7,51.68,52.74,2725.6032,0.040375,0.07325000000000001,0.00295746875,18.0,10.125,71.11111111111111,0.72675,0.74165625,0.5389986796874999,73.83989436612163,51.68,0.72675
434,categories/Solder Ball/U4IC SOLDER BOLL.jpg,Solder Ball,1280,720,611.45,418.45,82.67,64.14,5302.4538,0.0645859375,0.08908333333333333,0.005753530598958333,20.0,11.25,64.0,1.29171875,1.0021875,1.294544384765625,104.63397392816542,64.14,1.0021875
435,categories/Solder Ball/solder boll (4).jpg,Solder Ball,1280,720,538.75,327.4,123.65,146.64,18132.036,0.0966015625,0.20366666666666663,0.019674518229166667,13.0,7.3125,98.46153846153847,1.2558203125,1.4893124999999998,1.8703088891601563,191.81400392046456,123.65,1.2558203125
436,categories/Solder Ball/solder boll.jpg,Solder Ball,1280,720,413.32,505.4,57.98,45.61,2644.4678,0.045296875,0.06334722222222222,0.002869431206597222,18.0,10.125,71.11111111111111,0.8153437499999999,0.641390625,0.5229538374023437,73.7695906183571,45.61,0.641390625
437,categories/Solder Short/Black Brown wire solder short.jpg,Solder Short,1280,720,423.3,368.6,250.86,141.1,35396.346,0.19598437500000002,0.19597222222222221,0.03840749348958333,18.0,10.125,71.11111111111111,3.52771875,1.98421875,6.999765688476561,287.81930025625456,141.1,1.98421875
438,categories/Solder Short/C1 Q1 SOLDER SHORT.jpg,Solder Ball,1280,720,581.51,378.54,49.89,52.74,2631.1986,0.0389765625,0.07325000000000001,0.002855033203125,25.0,14.0625,51.2,0.9744140625,1.030078125,1.0037226104736328,72.59834502245901,49.89,0.9744140625
439,categories/Solder Short/C1 capacitor solder short.jpg,Solder Short,1280,720,481.7,214.62,359.2,196.7,70654.64,0.280625,0.2731944444444444,0.07666519097222223,10.0,5.625,128.0,2.80625,1.53671875,4.3124169921875,409.5308657476259,196.7,1.53671875
440,categories/Solder Short/C1 solder short.jpg,Solder Short,1280,720,471.76,280.19,272.25,119.73,32596.4925,0.2126953125,0.16629166666666667,0.0353694580078125,18.0,10.125,71.11111111111111,3.8285156249999996,1.683703125,6.446083721923827,297.4144169336786,119.73,1.683703125
441,categories/Solder Short/C10 SOLDER SHORT (3).jpg,Solder Short,1280,720,323.52,297.29,699.86,125.44,87790.4384,0.546765625,0.17422222222222222,0.09525872222222222,1.2,0.675,1066.6666666666667,0.65611875,0.1176,0.07715956499999999,711.0128080421619,125.44,0.1176
442,categories/Solder Short/C10 SOLDER SHORT.jpg,Solder Short,1280,720,429.0,351.46,228.06,59.86,13651.6716,0.178171875,0.08313888888888889,0.01481301171875,16.0,9.0,80.0,2.85075,0.74825,2.1330736875,235.78503599677398,59.86,0.74825
443,categories/Solder Short/C10 Solder Short (2).jpg,Solder Short,1280,720,541.6,388.52,272.25,65.56,17848.71,0.2126953125,0.09105555555555556,0.019367089843749997,11.0,6.1875,116.36363636363636,2.3396484375,0.56340625,1.3181725524902344,280.0324554404364,65.56,0.56340625
444,categories/Solder Short/C11 Solder Short.jpg,Solder Short,1280,720,575.81,368.6,178.19,48.42,8627.9598,0.1392109375,0.06725,0.009361935546875,15.0,8.4375,85.33333333333333,2.0881640625,0.5674218750000001,1.1848699676513674,184.65148929808282,48.42,0.5674218750000001
445,categories/Solder Short/C12 SOLDER SHORT.jpg,Solder Short,1280,720,366.28,97.7,538.8,451.89,243478.33199999997,0.42093749999999996,0.627625,0.2641908984375,8.5,4.78125,150.58823529411765,3.5779687499999997,3.00083203125,10.736883231811522,703.2140585198791,451.89,3.00083203125
446,categories/Solder Short/C16 solder short.jpg,Solder Short,1280,720,504.54,271.63,343.52,109.76,37704.7552,0.268375,0.15244444444444444,0.04091227777777778,9.5,5.34375,134.73684210526315,2.5495625,0.814625,2.0769373515625,360.6289616766795,109.76,0.814625
447,categories/Solder Short/C21 component solder short.jpg,Solder Short,1280,720,426.15,121.97,456.12,275.1,125478.61200000001,0.35634375,0.3820833333333334,0.1361530078125,10.0,5.625,128.0,3.5634375,2.14921875,7.6586066894531255,532.6588630634058,275.1,2.14921875
448,categories/Solder Short/C24 Solder Short.jpg,Solder Short,1280,720,585.79,231.72,329.27,62.72,20651.8144,0.2572421875,0.08711111111111111,0.022408652777777777,13.0,7.3125,98.46153846153847,3.3441484374999995,0.6369999999999999,2.1302225546874998,335.1902911780113,62.72,0.6369999999999999
449,categories/Solder Short/C30 SOLDER SHORT.jpg,Solder Short,1280,720,471.76,267.36,213.81,152.51,32608.163099999998,0.1670390625,0.21181944444444442,0.03538212141927083,20.0,11.25,64.0,3.34078125,2.38296875,7.960977319335937,262.6290467560662,152.51,2.38296875
450,categories/Solder Short/C30 short.jpg,Solder Short,1280,720,558.71,243.13,199.55,347.79,69401.49450000002,0.15589843750000001,0.4830416666666667,0.07530544108072919,20.0,11.25,64.0,3.11796875,5.43421875,16.943724243164066,400.97142865795314,199.55,3.11796875
451,categories/Solder Short/C30 solder short (2).jpg,Solder Short,1280,720,360.58,160.45,655.68,464.68,304681.3824,0.51225,0.6453888888888889,0.33060045833333335,11.0,6.1875,116.36363636363636,5.6347499999999995,3.99334375,22.5014936953125,803.6440535460957,464.68,3.99334375
452,categories/Solder Short/C34 component short.jpg,Solder Short,1280,720,622.85,140.5,259.42,453.27,117587.3034,0.202671875,0.6295416666666667,0.12759038997395833,8.5,4.78125,150.58823529411765,1.7227109375,3.00999609375,5.1853531925354,522.2570528963682,259.42,1.7227109375
453,categories/Solder Short/C34 lead short.jpg,Solder Short,1280,720,317.5,71.1,390.4,444.0,173337.59999999998,0.305,0.6166666666666667,0.1880833333333333,11.0,6.1875,116.36363636363636,3.355,3.8156250000000003,12.801421874999999,591.2259804846198,390.4,3.355
454,categories/Solder Short/C35 R41 component solder short.jpg,Solder Ball,1280,720,262.23,230.6,328.07,306.16,100441.9112,0.2563046875,0.4252222222222223,0.10898644878472223,12.0,6.75,106.66666666666667,3.0756562499999998,2.87025,8.8279023515625,448.73585827299337,306.16,2.87025
455,categories/Solder Short/C35 SOLDE SHORT.jpg,Solder Short,1280,720,414.74,405.62,225.22,42.76,9630.4072,0.175953125,0.05938888888888889,0.010449660590277778,11.0,6.1875,116.36363636363636,1.9354843750000001,0.36746875,0.7112300239257813,229.24324635635398,42.76,0.36746875
456,categories/Solder Short/C35 component solder short (2).jpg,Solder Short,1280,720,484.59,378.54,283.65,78.4,22238.16,0.2216015625,0.1088888888888889,0.024129947916666665,10.0,5.625,128.0,2.216015625,0.6125,1.3573095703125,294.2853759533422,78.4,0.6125
457,categories/Solder Short/C35 component solder short.jpg,Solder Short,1280,720,409.04,258.81,276.53,142.53,39413.8209,0.2160390625,0.19795833333333335,0.042766732747395834,9.5,5.34375,134.73684210526315,2.0523710937499997,1.05783984375,2.171079917129517,311.10069398829694,142.53,1.05783984375
458,categories/Solder Short/C4 SOLDER SHORT.jpg,Solder Short,1280,720,503.1,425.58,302.2,76.97,23260.334,0.23609375,0.10690277777777778,0.025239077690972223,14.0,7.875,91.42857142857143,3.3053125,0.841859375,2.7826083154296875,311.848073426789,76.97,0.841859375
459,categories/Solder Short/C4 component solder short (4).jpg,Solder Short,1280,720,490.29,445.53,252.29,151.09,38118.4961,0.1971015625,0.20984722222222224,0.04136121538628472,12.0,6.75,106.66666666666667,2.36521875,1.41646875,3.350258446289062,294.07215475117664,151.09,1.41646875
460,categories/Solder Short/C4 component solder short.jpg,Solder Short,1280,720,551.58,368.56,236.62,114.03,26981.7786,0.184859375,0.158375,0.029277103515625003,11.0,6.1875,116.36363636363636,2.0334531250000003,0.9799453125,1.9926728580322268,262.6630261380539,114.03,0.9799453125
461,categories/Solder Short/C41 component short (2).jpg,Solder Short,1280,720,386.24,201.79,567.3,400.53,227220.66899999997,0.443203125,0.5562916666666666,0.24655020507812497,8.0,4.5,160.0,3.545625,2.5033125,8.875807382812498,694.4447932701346,400.53,2.5033125
462,categories/Solder Short/C41 component solder short (2).jpg,Solder Short,1280,720,393.36,181.83,467.54,272.25,127287.765,0.36526562500000004,0.378125,0.138116064453125,10.0,5.625,128.0,3.65265625,2.126953125,7.769028625488281,541.0302339980641,272.25,2.126953125
463,categories/Solder Short/C41 component solder short.jpg,Solder Short,1280,720,289.31,131.95,605.79,458.97,278039.4363,0.47327343749999995,0.6374583333333333,0.3016920966796875,7.5,4.21875,170.66666666666666,3.54955078125,2.68927734375,9.545726496505738,760.0230160988547,458.97,2.68927734375
464,categories/Solder Short/C5 SOLDER SHORT.jpg,Solder Short,1280,720,410.5,408.47,309.28,62.72,19398.041599999997,0.24162499999999998,0.08711111111111111,0.021048222222222218,12.0,6.75,106.66666666666667,2.8994999999999997,0.588,1.7049059999999996,315.57553263838435,62.72,0.588
465,categories/Solder Short/C8 Solder Short.jpg,Solder Short,1280,720,440.4,358.58,364.9,136.84,49932.916,0.28507812499999996,0.19005555555555556,0.054180681423611106,18.0,10.125,71.11111111111111,5.1314062499999995,1.9243124999999999,9.874429189453123,389.7142486489299,136.84,1.9243124999999999
466,categories/Solder Short/C9 C10 component solder short.jpg,Solder Short,1280,720,483.16,257.38,279.38,266.55,74468.739,0.218265625,0.37020833333333336,0.08080375325520833,14.0,7.875,91.42857142857143,3.05571875,2.915390625,8.90861379638672,386.137393812099,266.55,2.915390625
467,categories/Solder Short/C9 Solder Short.jpg,Solder Short,1280,720,662.76,308.69,109.76,74.12,8135.4112000000005,0.08575,0.10294444444444445,0.008827486111111112,20.0,11.25,64.0,1.715,1.158125,1.9861843750000001,132.44256113500674,74.12,1.158125
468,categories/Solder Short/C9 U1 solder  lead short.jpg,Solder Short,1280,720,642.81,260.23,138.26,322.14,44539.0764,0.10801562499999999,0.44741666666666663,0.048327990885416665,16.0,9.0,80.0,1.7282499999999998,4.02675,6.9592306875,350.55671039077254,138.26,1.7282499999999998
469,categories/Solder Short/C9 component solder short (2).jpg,Solder Short,1280,720,535.9,302.99,269.4,81.25,21888.749999999996,0.21046874999999998,0.11284722222222222,0.02375081380208333,11.0,6.1875,116.36363636363636,2.31515625,0.6982421875,1.6165397644042967,281.3857183653783,81.25,0.6982421875
470,categories/Solder Short/C9 component solder short (3).jpg,Solder Short,1280,720,528.77,260.23,230.92,62.72,14483.302399999999,0.18040625,0.08711111111111111,0.015715388888888886,12.0,6.75,106.66666666666667,2.164875,0.588,1.2729464999999998,239.2861149335665,62.72,0.588
471,categories/Solder Short/D1 component solder short.jpg,Solder Short,1280,720,409.04,395.64,339.24,171.05,58027.00200000001,0.26503125,0.23756944444444447,0.06296332682291668,18.0,10.125,71.11111111111111,4.7705625,2.405390625,11.475066313476562,379.92351875081386,171.05,2.405390625
472,categories/Solder Short/D1 solder short.jpg,Solder Short,1280,720,541.53,426.29,249.1,182.12,45366.092,0.194609375,0.25294444444444447,0.04922536024305555,30.0,16.875,42.666666666666664,5.8382812500000005,4.2684375,24.920338623046874,308.57495750627595,182.12,4.2684375
473,categories/Solder Short/J1 CONNECTOR SOLDER SHORT.jpg,Solder Short,1280,720,794.73,433.9,153.43,76.72,11771.1496,0.1198671875,0.10655555555555556,0.012772514756944445,30.0,16.875,42.666666666666664,3.596015625,1.798125,6.466085595703126,171.54219102016856,76.72,1.798125
474,categories/Solder Short/J1 J2 Connector solder short.jpg,Solder Short,1280,720,196.37,280.48,85.08,198.06,16850.9448,0.06646875,0.27508333333333335,0.0182844453125,35.0,19.6875,36.57142857142857,2.3264062500000002,5.415703125,12.599125598144534,215.56059472918514,85.08,2.3264062500000002
475,categories/Solder Short/J1 J4 connnector solder short.jpg,Solder Short,1280,720,649.21,276.31,200.82,115.5,23194.71,0.156890625,0.16041666666666668,0.02516787109375,30.0,16.875,42.666666666666664,4.70671875,2.70703125,12.741234741210938,231.66553994929845,115.5,2.70703125
476,categories/Solder Short/J1 J4 connnector solder short.jpg,Solder Short,1280,720,116.87,294.42,186.9,96.24,17987.256,0.146015625,0.13366666666666666,0.019517421875,30.0,16.875,42.666666666666664,4.38046875,2.255625,9.880694824218752,210.22309007337896,96.24,2.255625
477,categories/Solder Short/J1 Solder Short (2).jpg,Solder Short,1280,720,74.22,192.56,424.18,198.58,84233.66440000001,0.331390625,0.2758055555555556,0.09139937543402779,15.0,8.4375,85.33333333333333,4.970859375000001,2.3271093750000005,11.567733453369142,468.3617072306403,198.58,2.3271093750000005
478,categories/Solder Short/J1 connecotr solder short.jpg,Solder Short,1280,720,790.19,410.05,183.72,113.48,20848.5456,0.14353125,0.15761111111111112,0.02262211979166667,30.0,16.875,42.666666666666664,4.305937500000001,2.6596875000000004,11.452448144531251,215.94154023716698,113.48,2.6596875000000004
479,categories/Solder Short/J1 connector dry soldder.jpg,Component Solder Dry,1280,720,665.91,523.53,170.21,160.75,27361.2575,0.1329765625,0.2232638888888889,0.02968886447482639,18.0,10.125,71.11111111111111,2.393578125,2.2605468749999997,5.410795550537109,234.1196416364932,160.75,2.2605468749999997
480,categories/Solder Short/J1 connector dry solder.jpg,Component Solder Dry,1280,720,611.87,162.84,140.5,221.54,31126.37,0.109765625,0.30769444444444444,0.03377427300347222,16.0,9.0,80.0,1.75625,2.76925,4.8634953125,262.3360852036944,140.5,1.75625
481,categories/Solder Short/J1 connector solder short (10).jpg,Solder Short,1280,720,443.01,501.91,195.88,137.79,26990.3052,0.15303125,0.191375,0.029286355468749997,30.0,16.875,42.666666666666664,4.5909375,3.229453125,14.826217456054687,239.48916155016283,137.79,3.229453125
482,categories/Solder Short/J1 connector solder short (11).jpg,Solder Short,1280,720,336.29,264.15,297.2,151.3,44966.36,0.2321875,0.2101388888888889,0.04879162326388889,20.0,11.25,64.0,4.64375,2.3640625,10.978115234375,333.495922014048,151.3,2.3640625
483,categories/Solder Short/J1 connector solder short (12).jpg,Solder Short,1280,720,151.22,293.87,232.35,118.88,27621.768,0.1815234375,0.1651111111111111,0.029971536458333333,25.0,14.0625,51.2,4.5380859375,2.321875,10.53686828613281,260.99612430072597,118.88,2.321875
484,categories/Solder Short/J1 connector solder short (13).jpg,Solder Short,1280,720,719.95,334.4,262.07,95.91,25135.1337,0.2047421875,0.13320833333333332,0.027273365559895832,30.0,16.875,42.666666666666664,6.142265625,2.247890625,13.807141314697265,279.06883201102914,95.91,2.247890625
485,categories/Solder Short/J1 connector solder short (15).jpg,Solder Short,1280,720,783.44,224.98,244.51,121.58,29727.5258,0.1910234375,0.1688611111111111,0.03225642990451389,25.0,14.0625,51.2,4.7755859375,2.374609375,11.34015113830566,273.0692888261146,121.58,2.374609375
486,categories/Solder Short/J1 connector solder short (16).jpg,Solder Short,1280,720,694.28,180.4,310.7,164.81,51206.467,0.242734375,0.2289027777777778,0.05556257269965278,20.0,11.25,64.0,4.8546875,2.57515625,12.501578857421874,351.7055957757852,164.81,2.57515625
487,categories/Solder Short/J1 connector solder short (18).jpg,Solder Short,1280,720,328.19,262.8,290.44,155.36,45122.758400000006,0.22690625,0.2157777777777778,0.04896132638888889,20.0,11.25,64.0,4.538125,2.4275,11.016298437500001,329.3814250986233,155.36,2.4275
488,categories/Solder Short/J1 connector solder short (19).jpg,Solder Short,1280,720,449.77,510.02,189.12,129.68,24525.0816,0.14775,0.1801111111111111,0.02661141666666667,30.0,16.875,42.666666666666664,4.4325,3.039375,13.472029687500001,229.31043761678185,129.68,3.039375
489,categories/Solder Short/J1 connector solder short (2).jpg,Solder Short,1280,720,759.12,239.84,175.62,112.12,19690.5144,0.137203125,0.15572222222222223,0.021365575520833333,35.0,19.6875,36.57142857142857,4.802109375000001,3.06578125,14.72221688232422,208.35853426245828,112.12,3.06578125
490,categories/Solder Short/J1 connector solder short (3).jpg,Solder Short,1280,720,879.35,273.61,248.56,113.48,28206.5888,0.1941875,0.15761111111111112,0.03060610763888889,25.0,14.0625,51.2,4.8546875,2.21640625,10.759959716796873,273.2394261449105,113.48,2.21640625
491,categories/Solder Short/J1 connector solder short (4).jpg,Solder Short,1280,720,738.86,262.8,179.67,89.16,16019.377199999999,0.1403671875,0.12383333333333332,0.01738213671875,30.0,16.875,42.666666666666664,4.211015625,2.0896875,8.799706713867188,200.57620621599162,89.16,2.0896875
492,categories/Solder Short/J1 connector solder short (5).jpg,Solder Short,1280,720,795.6,218.22,224.24,126.99,28476.2376,0.1751875,0.176375,0.030898695312500002,25.0,14.0625,51.2,4.3796875,2.4802734374999997,10.862822570800779,257.7014507138056,126.99,2.4802734374999997
493,categories/Solder Short/J1 connector solder short (6).jpg,Solder Short,1280,720,360.61,230.38,248.56,139.14,34584.638399999996,0.1941875,0.19324999999999998,0.037526734374999995,25.0,14.0625,51.2,4.8546875,2.7175781249999997,13.192992553710933,284.85437191659884,139.14,2.7175781249999997
494,categories/Solder Short/J1 connector solder short (7).jpg,Solder Short,1280,720,741.56,242.54,182.37,110.77,20201.1249,0.14247656250000001,0.15384722222222222,0.021919623372395832,30.0,16.875,42.666666666666664,4.274296875,2.596171875,11.09680933227539,213.37481060331373,110.77,2.596171875
495,categories/Solder Short/J1 connector solder short (8).jpg,Solder Short,1280,720,179.59,288.47,206.68,113.48,23454.046400000003,0.16146875,0.15761111111111112,0.025449269097222227,30.0,16.875,42.666666666666664,4.844062500000001,2.6596875000000004,12.883692480468753,235.78450500403966,113.48,2.6596875000000004
496,categories/Solder Short/J1 connector solder short (9).jpg,Solder Short,1280,720,247.13,238.49,286.39,139.14,39848.304599999996,0.2237421875,0.19324999999999998,0.043238177734374994,20.0,11.25,64.0,4.47484375,2.1740625,9.728589990234374,318.40096058272184,139.14,2.1740625
497,categories/Solder Short/J1 solder short.jpg,Solder Short,1280,720,298.47,137.17,276.93,170.21,47136.255300000004,0.2163515625,0.2364027777777778,0.0511461103515625,20.0,11.25,64.0,4.32703125,2.65953125,11.507874829101564,325.0564089508158,170.21,2.65953125
498,categories/Solder Short/J2 CONNECTOR LIFT-UP.jpg,Component Liftup,1280,720,480.84,578.91,398.51,117.53,46836.8803,0.3113359375,0.1632361111111111,0.05082126768663194,30.0,16.875,42.666666666666664,9.340078125,2.7546093750000002,25.72826676635742,415.4798683450258,117.53,2.7546093750000002
499,categories/Solder Short/J2 Solder short (2).jpg,Solder Short,1280,720,705.09,297.93,163.45,77.0,12585.65,0.1276953125,0.10694444444444444,0.013656304253472222,30.0,16.875,42.666666666666664,3.8308593749999997,1.8046875,6.913504028320313,180.6790040375472,77.0,1.8046875
500,categories/Solder Short/J2 connector solder short (2).jpg,Solder Short,1280,720,626.73,172.29,293.15,145.9,42770.585,0.22902343749999998,0.2026388888888889,0.046409054904513886,20.0,11.25,64.0,4.58046875,2.2796875,10.442037353515625,327.45035119846796,145.9,2.2796875
501,categories/Solder Short/J2 connector solder short (3).jpg,Solder Short,1280,720,625.38,250.65,268.83,147.24,39582.5292,0.2100234375,0.20450000000000002,0.04294979296875,18.0,10.125,71.11111111111111,3.7804218749999996,2.0705625,7.827599768554686,306.51131545181164,147.24,2.0705625
502,categories/Solder Short/J2 connector solder short (4).jpg,Solder Short,1280,720,420.05,215.52,253.96,116.18,29505.0728,0.19840625,0.16136111111111112,0.03201505295138889,25.0,14.0625,51.2,4.96015625,2.269140625,11.255292053222655,279.2731172168206,116.18,2.269140625
503,categories/Solder Short/J2 connector solder short (5).jpg,Solder Short,1280,720,622.68,164.19,297.2,143.19,42556.068,0.2321875,0.198875,0.0461762890625,20.0,11.25,64.0,4.64375,2.23734375,10.3896650390625,329.8957655078343,143.19,2.23734375
504,categories/Solder Short/J2 connector solder short (6).jpg,Solder Short,1280,720,443.25,188.96,203.83,128.29,26149.3507,0.15924218750000002,0.17818055555555554,0.028373861436631943,30.0,16.875,42.666666666666664,4.777265625000001,3.006796875,14.364267352294922,240.8422575047826,128.29,3.006796875
505,categories/Solder Short/J2 connector solder short (7).jpg,Solder Short,1280,720,634.25,321.52,230.92,101.21,23371.4132,0.18040625,0.14056944444444444,0.025359606336805555,25.0,14.0625,51.2,4.51015625,1.9767578124999998,8.9154866027832,252.12598140612164,101.21,1.9767578124999998
506,categories/Solder Short/J2 connector solder short (8).jpg,Solder Short,1280,720,437.55,216.04,242.32,109.76,26597.0432,0.1893125,0.15244444444444444,0.02885963888888889,25.0,14.0625,51.2,4.7328125,2.14375,10.145966796874998,266.0192474239411,109.76,2.14375
507,categories/Solder Short/J2 connector solder short (9).jpg,Solder Short,1280,720,614.3,240.28,305.03,159.64,48694.98919999999,0.23830468749999997,0.2217222222222222,0.05283744487847221,18.0,10.125,71.11111111111111,4.289484375,2.2449375,9.62962432910156,344.27929141904536,159.64,2.2449375
508,categories/Solder Short/J2 connector solder short.jpg,Solder Short,1280,720,451.8,181.83,196.71,131.14,25796.5494,0.1536796875,0.18213888888888888,0.027991047526041667,30.0,16.875,42.666666666666664,4.610390625000001,3.0735937499999997,14.170467810058595,236.41599713217377,131.14,3.0735937499999997
509,categories/Solder Short/J2 solder short.jpg,Solder Short,1280,720,524.5,265.93,303.61,139.69,42411.2809,0.2371953125,0.19401388888888887,0.046019185004340275,18.0,10.125,71.11111111111111,4.269515625,1.9643906249999998,8.386996467041014,334.20402181900806,139.69,1.9643906249999998
510,categories/Solder Short/J3 connector solder short.jpg,Solder Short,1280,720,686.99,263.08,236.62,141.12,33391.8144,0.184859375,0.196,0.036232437500000006,20.0,11.25,64.0,3.6971875,2.205,8.1522984375,275.50658576520453,141.12,2.205
511,categories/Solder Short/LED3 short.jpg,Solder Short,1280,720,494.57,468.34,267.97,143.96,38576.961200000005,0.20935156250000003,0.19994444444444445,0.04185868185763889,12.0,6.75,106.66666666666667,2.51221875,1.349625,3.39055323046875,304.1913912325594,143.96,1.349625
512,categories/Solder Short/LED4 solder short.jpg,Solder Short,1280,720,503.12,414.17,122.58,88.38,10833.6204,0.095765625,0.12275,0.011755230468749999,15.0,8.4375,85.33333333333333,1.436484375,1.035703125,1.4877713562011718,151.11876389118592,88.38,1.035703125
513,categories/Solder Short/MOV1  MOV3 solder short.jpg,Solder Short,1280,720,719.78,317.25,219.51,209.53,45993.9303,0.1714921875,0.2910138888888889,0.0499066083984375,35.0,19.6875,36.57142857142857,6.0022265625,5.7293359375,34.38877234954834,303.459158701793,209.53,5.7293359375
514,categories/Solder Short/MOV1 MOV2 solder short.jpg,Solder Short,1280,720,196.66,106.29,506.01,487.48,246669.7548,0.3953203125,0.6770555555555556,0.2676538138020833,40.0,22.5,32.0,15.8128125,15.23375,240.888432421875,702.6256972955089,487.48,15.23375
515,categories/Solder Short/MOV2  MOV3 solder short.jpg,Solder Short,1280,720,716.93,204.64,191.0,423.34,80857.94,0.14921875,0.5879722222222222,0.08773648003472223,30.0,16.875,42.666666666666664,4.4765625,9.92203125,44.41659301757813,464.43272451454146,191.0,4.4765625
516,categories/Solder Short/Q2 component solder short (2).jpg,Solder Short,1280,720,545.88,204.64,255.14,306.46,78190.20439999999,0.199328125,0.42563888888888884,0.08484180164930555,14.0,7.875,91.42857142857143,2.7905937499999998,3.35190625,9.353808631835935,398.7657848913319,255.14,2.7905937499999998
517,categories/Solder Short/Q2 component solder short (3).jpg,Solder Short,1280,720,520.22,384.24,277.95,153.94,42787.623,0.21714843749999999,0.21380555555555555,0.046427542317708334,20.0,11.25,64.0,4.34296875,2.4053125,10.446197021484375,317.7321609469208,153.94,2.4053125
518,categories/Solder Short/Q2 component solder short (4).jpg,Solder Short,1280,720,531.63,385.67,249.44,158.21,39463.9024,0.194875,0.21973611111111113,0.04282107465277778,20.0,11.25,64.0,3.8975,2.47203125,9.634741796875,295.3823246235292,158.21,2.47203125
519,categories/Solder Short/Q2 component solder short (5).jpg,Solder Short,1280,720,510.24,211.77,276.53,310.73,85926.1669,0.2160390625,0.43156944444444445,0.0932358581814236,14.0,7.875,91.42857142857143,3.0245468749999995,3.398609375,10.279253364501953,415.95910111452065,276.53,3.0245468749999995
520,categories/Solder Short/Q2 component solder short.jpg,Solder Short,1280,720,520.22,488.29,191.0,182.45,34847.95,0.14921875,0.25340277777777775,0.03781244574652778,18.0,10.125,71.11111111111111,2.6859375,2.5657031249999998,6.891318237304686,264.13822612412616,182.45,2.5657031249999998
521,categories/Solder Short/Q5 component solder short.jpg,Solder Short,1280,720,448.95,295.87,248.02,128.28,31816.0056,0.193765625,0.17816666666666667,0.034522575520833335,35.0,19.6875,36.57142857142857,6.781796875,3.50765625,23.788212194824222,279.23051194308977,128.28,3.50765625
522,categories/Solder Short/Q6 solder short.jpg,Solder Short,1280,720,560.13,355.73,279.38,92.65,25884.557,0.218265625,0.12868055555555558,0.028086541883680555,30.0,16.875,42.666666666666664,6.54796875,2.1714843750000004,14.218811828613282,294.34198969905736,92.65,2.1714843750000004
523,categories/Solder Short/Q7   solder short.jpg,Solder Short,1280,720,464.63,494.0,444.72,105.47,46904.6184,0.3474375,0.14648611111111112,0.050894768229166665,18.0,10.125,71.11111111111111,6.253875,1.483171875,9.275571509765625,457.0555757235656,105.47,1.483171875
524,categories/Solder Short/Q7 component solder short (2).jpg,Solder Short,1280,720,557.28,448.38,410.51,165.35,67877.8285,0.3207109375,0.22965277777777776,0.07365215766059029,18.0,10.125,71.11111111111111,5.772796875,2.325234375,13.423105733642577,442.5596938267198,165.35,2.325234375
525,categories/Solder Short/Q7 component solder short (3).jpg,Solder Short,1280,720,574.39,446.96,226.63,175.32,39732.7716,0.1770546875,0.2435,0.04311281640625,18.0,10.125,71.11111111111111,3.1869843749999998,2.4654374999999997,7.857310790039062,286.5279380793433,175.32,2.4654374999999997
526,categories/Solder Short/Q7 component solder short (4).jpg,Solder Short,1280,720,571.54,427.0,216.66,149.67,32427.502199999995,0.169265625,0.20787499999999998,0.03518609179687499,20.0,11.25,64.0,3.3853125,2.33859375,7.916870654296874,263.32995367029554,149.67,2.33859375
527,categories/Solder Short/Q7 component solder short (5).jpg,Solder Short,1280,720,570.11,412.75,189.58,158.22,29995.3476,0.14810937500000002,0.21975,0.03254703515625,20.0,11.25,64.0,2.9621875,2.4721875,7.32308291015625,246.92943283456512,158.22,2.4721875
528,categories/Solder Short/Q7 component solder short (6).jpg,Solder Short,1280,720,377.68,454.08,410.52,131.14,53835.59279999999,0.32071875,0.18213888888888888,0.05841535677083332,18.0,10.125,71.11111111111111,5.772937499999999,1.8441562499999997,10.646198771484372,430.95750370541174,131.14,1.8441562499999997
529,categories/Solder Short/Q7 component solder short (7).jpg,Solder Short,1280,720,451.8,484.02,439.02,125.43,55066.2786,0.342984375,0.17420833333333335,0.059750736328125,18.0,10.125,71.11111111111111,6.173718749999999,1.763859375,10.889571695800779,456.58651458403807,125.43,1.763859375
530,categories/Solder Short/Q7 component solder short.jpg,Solder Short,1280,720,474.61,478.32,423.34,141.11,59737.5074,0.33073437499999997,0.19598611111111114,0.06481934396701389,18.0,10.125,71.11111111111111,5.95321875,1.9843593750000001,11.813325437988281,446.23848747054524,141.11,1.9843593750000001
531,categories/Solder Short/R1 C29 solder flask.jpg,Solder Short,1280,720,568.69,223.17,477.5,349.22,166752.55000000002,0.373046875,0.48502777777777784,0.18093809678819447,30.0,16.875,42.666666666666664,11.19140625,8.18484375,91.59991149902345,591.5748966952536,349.22,8.18484375
532,categories/Solder Short/R1 Solder Short.jpg,Solder Short,1280,720,505.97,427.0,139.69,61.29,8561.6001,0.1091328125,0.08512499999999999,0.0092899306640625,25.0,14.0625,51.2,2.7283203124999997,1.1970703125,3.265991249084472,152.54428930641748,61.29,1.1970703125
533,categories/Solder Short/R16 component solder short (2).jpg,Solder Short,1280,720,514.52,368.56,245.17,52.74,12930.2658,0.1915390625,0.07325000000000001,0.014030236328125,18.0,10.125,71.11111111111111,3.447703125,0.74165625,2.557010570800781,250.77846099695245,52.74,0.74165625
534,categories/Solder Short/R16 component solder short.jpg,Solder Short,1280,720,521.65,371.41,226.63,58.44,13244.2572,0.1770546875,0.08116666666666666,0.014370938802083334,18.0,10.125,71.11111111111111,3.1869843749999998,0.8218125,2.6191035966796874,234.0435653890104,58.44,0.8218125
535,categories/Solder Short/R17 Q2 SOLDER SHORT.jpg,Solder Short,1280,720,354.88,200.36,305.03,132.57,40437.827099999995,0.23830468749999997,0.18412499999999998,0.043877850585937496,14.0,7.875,91.42857142857143,3.336265625,1.4499843749999999,4.837533027099608,332.59300323368194,132.57,1.4499843749999999
536,categories/Solder Short/R20 And MOV Solder Short.jpg,Solder Short,1280,720,582.94,151.9,292.2,275.1,80384.22,0.22828125,0.3820833333333334,0.0872224609375,35.0,19.6875,36.57142857142857,7.98984375,7.522265625000001,60.1017269897461,401.3238717046371,275.1,7.522265625000001
537,categories/Solder Short/R23 Solder Short.jpg,Solder Short,1280,720,314.97,347.18,382.0,84.1,32126.199999999997,0.2984375,0.11680555555555555,0.03485915798611111,11.0,6.1875,116.36363636363636,3.2828125,0.7227343749999999,2.3726014404296873,391.14806659371334,84.1,0.7227343749999999
538,categories/Solder Short/R42 component solder short.jpg,Solder Short,1280,720,427.57,265.93,262.27,136.84,35889.0268,0.20489843749999997,0.19005555555555556,0.038942086371527775,8.0,4.5,160.0,1.6391874999999998,0.8552500000000001,1.401915109375,295.82213997603355,136.84,0.8552500000000001
539,categories/Solder Short/R9 R10 SOLDER SHORT.jpg,Solder Short,1280,720,645.66,174.71,222.36,171.04,38032.4544,0.17371875,0.23755555555555555,0.041267854166666666,30.0,16.875,42.666666666666664,5.2115625,4.00875,20.891851171875004,280.532798795435,171.04,4.00875
540,categories/Solder Short/R9 component solder short.jpg,Solder Short,1280,720,399.06,258.81,413.37,136.83,56561.417100000006,0.3229453125,0.1900416666666667,0.061373065429687505,10.0,5.625,128.0,3.229453125,1.068984375,3.4522349304199222,435.42761258330876,136.83,1.068984375
541,categories/Solder Short/Short.jpg,Solder Short,1280,720,682.72,522.5,332.11,121.16,40238.4476,0.2594609375,0.16827777777777778,0.04366150998263889,18.0,10.125,71.11111111111111,4.670296875,1.7038125,7.957310194335936,353.52057606311973,121.16,1.7038125
542,categories/Solder Short/Solder Short (11).jpg,Solder Short,1280,720,523.07,428.43,255.15,65.57,16730.1855,0.1993359375,0.09106944444444444,0.0181534130859375,14.0,7.875,91.42857142857143,2.790703125,0.7171718749999999,2.0014137927246094,263.4405955808634,65.57,0.7171718749999999
543,categories/Solder Short/Solder Short (15).jpg,Solder Short,1280,720,555.86,203.22,222.36,116.88,25989.4368,0.17371875,0.16233333333333333,0.02820034375,9.5,5.34375,134.73684210526315,1.6503281250000001,0.86746875,1.4316080756835938,251.206894809836,116.88,0.86746875
544,categories/Solder Short/Solder Short (18).jpg,Solder Short,1280,720,565.83,425.58,131.14,172.47,22617.715799999998,0.10245312499999999,0.23954166666666665,0.02454179231770833,15.0,8.4375,85.33333333333333,1.5367968749999998,2.0211328125000003,3.106070590209961,216.66471909381093,131.14,1.5367968749999998
545,categories/Solder Short/Solder Short (19).jpg,Solder Ball,1280,720,625.9,516.45,49.61,29.46,1461.5106,0.0387578125,0.04091666666666667,0.0015858404947916667,25.0,14.0625,51.2,0.9689453124999999,0.5753906249999999,0.5575220489501952,57.6978656450999,29.46,0.5753906249999999
546,categories/Solder Short/Solder Short (2).jpg,Solder Ball,1280,720,647.1,363.3,97.7,129.7,12671.689999999999,0.076328125,0.18013888888888888,0.013749663628472221,8.5,4.78125,150.58823529411765,0.6487890625,0.8612890624999999,0.5587949234008788,162.38035595477675,97.7,0.6487890625
547,categories/Solder Short/Solder Short (21).jpg,Solder Short,1280,720,686.05,217.05,356.21,130.07,46332.23469999999,0.27828906249999996,0.18065277777777777,0.050273692165798606,25.0,14.0625,51.2,6.957226562499999,2.5404296874999996,17.67434490203857,379.214674030423,130.07,2.5404296874999996
548,categories/Solder Short/Solder Short (6).jpg,Solder Short,1280,720,558.93,298.35,180.33,62.08,11194.886400000001,0.1408828125,0.08622222222222221,0.012147229166666667,13.0,7.3125,98.46153846153847,1.8314765625,0.6305,1.1547459726562501,190.71663613853931,62.08,0.6305
549,categories/Solder Short/Solder Short (7).jpg,Solder Short,1280,720,550.06,428.42,221.72,67.99,15074.742799999998,0.17321875,0.09443055555555555,0.016357142795138887,12.0,6.75,106.66666666666667,2.0786249999999997,0.63740625,1.3249285664062496,231.9103242634963,67.99,0.63740625
550,categories/Solder Short/Solder Short.jpg,Solder Short,1280,720,613.62,518.58,138.94,100.51,13964.859400000001,0.108546875,0.13959722222222223,0.01515284223090278,16.0,9.0,80.0,1.73675,1.256375,2.18200928125,171.48347937921017,100.51,1.256375
551,categories/Solder Short/Solder Short1.jpg,Solder Short,1280,720,647.62,218.53,350.3,125.64,44011.692,0.273671875,0.1745,0.047755742187500005,25.0,14.0625,51.2,6.841796875,2.4539062499999997,16.789128112792966,372.14983487837264,125.64,2.4539062499999997
552,categories/Solder Short/Solder short (10).jpg,Solder Short,1280,720,640.23,410.68,93.12,39.91,3716.4192,0.07275000000000001,0.05543055555555555,0.004032572916666666,13.0,7.3125,98.46153846153847,0.94575,0.40533593749999997,0.38334646289062496,101.31210441008518,39.91,0.40533593749999997
553,categories/Solder Short/Solder short (12).jpg,Solder Short,1280,720,381.56,143.1,427.17,202.55,86523.2835,0.3337265625,0.28131944444444446,0.09388377115885417,5.5,3.09375,232.72727272727272,1.8354960937500002,0.87033203125,1.5974910436248781,472.758618535929,202.55,0.87033203125
554,categories/Solder Short/Solder short (13).jpg,Solder Short,1280,720,564.84,500.84,56.17,54.69,3071.9373,0.0438828125,0.07595833333333334,0.003333265299479167,35.0,19.6875,36.57142857142857,1.5358984375000002,1.4954296875,2.2968281204223633,78.39684304868405,54.69,1.4954296875
555,categories/Solder Short/Solder short (14).jpg,Solder Short,1280,720,647.62,403.29,477.42,104.94,50100.4548,0.37298437500000003,0.14575,0.05436247265625,25.0,14.0625,51.2,9.324609375,2.0496093749999997,19.111806793212885,488.81720509818393,104.94,2.0496093749999997
556,categories/Solder Short/Solder short (17).jpg,Solder Short,1280,720,690.48,335.3,304.49,167.02,50855.9198,0.2378828125,0.23197222222222225,0.055182204644097226,15.0,8.4375,85.33333333333333,3.5682421875,1.9572656250000002,6.983997775268556,347.28927495677146,167.02,1.9572656250000002
557,categories/Solder Short/Solder short (3).jpg,Solder Short,1280,720,121.42,264.35,221.71,110.86,24578.7706,0.1732109375,0.15397222222222223,0.026669672960069446,25.0,14.0625,51.2,4.3302734375,2.165234375,9.376056900024412,247.88155175405853,110.86,2.165234375
558,categories/Solder Short/Solder short (4).jpg,Solder Short,1280,720,352.0,289.48,629.66,162.59,102376.4194,0.49192187499999995,0.22581944444444446,0.11108552452256944,6.5,3.65625,196.92307692307693,3.1974921874999995,0.82565234375,2.6400169187316895,650.3131735556339,162.59,0.82565234375
559,categories/Solder Short/Solder short (5).jpg,Solder Short,1280,720,550.06,431.37,307.44,162.59,49986.6696,0.2401875,0.22581944444444446,0.054239007812500004,20.0,11.25,64.0,4.80375,2.54046875,12.2037767578125,347.785654822047,162.59,2.54046875
560,categories/Solder Short/Solder short (9).jpg,Solder Short,1280,720,591.45,441.72,144.85,57.65,8350.602499999999,0.1131640625,0.08006944444444444,0.009060983615451388,13.0,7.3125,98.46153846153847,1.4711328124999998,0.5855078125,0.8613597549438475,155.90075368643988,57.65,0.5855078125
561,categories/Solder Short/U1 IC SOLDER SHORT.jpg,Solder Short,1280,720,502.76,490.5,82.78,38.43,3181.2354,0.064671875,0.053375,0.003451861328125,15.0,8.4375,85.33333333333333,0.970078125,0.4503515625,0.43687619934082034,91.26550991475366,38.43,0.4503515625
562,categories/Solder Short/U1 IC solder short (2).jpg,Solder Short,1280,720,652.05,422.51,87.21,39.9,3479.6789999999996,0.0681328125,0.05541666666666666,0.0037756933593749995,13.0,7.3125,98.46153846153847,0.8857265624999999,0.405234375,0.3589268499755859,95.90408802548512,39.9,0.405234375
563,categories/Solder Short/U2 IC solder short (2).jpg,Solder Short,1280,720,499.81,446.15,124.16,112.34,13948.1344,0.097,0.1560277777777778,0.015134694444444445,20.0,11.25,64.0,1.94,1.7553125,3.40530625,167.4394851879329,112.34,1.7553125
564,categories/Solder Short/U2 IC solder short (3).jpg,Solder Short,1280,720,357.91,437.29,373.96,155.19,58034.852399999996,0.29215625,0.21554166666666666,0.06297184505208332,18.0,10.125,71.11111111111111,5.2588124999999994,2.182359375,11.476618760742186,404.88272092051545,155.19,2.182359375
565,categories/Solder Short/U2 IC solder short (5).jpg,Solder Short,1280,720,650.57,471.28,158.16,156.68,24780.5088,0.12356249999999999,0.21761111111111112,0.026888572916666666,16.0,9.0,80.0,1.9769999999999999,1.9585000000000001,3.8719544999999997,222.62795871138917,156.68,1.9585000000000001
566,categories/Solder Short/U2 IC solder short.jpg,Solder Short,1280,720,390.43,381.12,168.5,122.68,20671.58,0.131640625,0.1703888888888889,0.02243009982638889,15.0,8.4375,85.33333333333333,1.974609375,1.43765625,2.838809509277344,208.42896247882635,122.68,1.43765625
567,categories/Solder Short/U2 solder Short.jpg,Solder Short,1280,720,474.68,444.68,229.1,141.89,32506.998999999996,0.178984375,0.19706944444444444,0.035272351345486105,10.0,5.625,128.0,1.78984375,1.108515625,1.9840697631835935,269.4802072509222,141.89,1.108515625
568,categories/Solder Short/U3 Display pin solder short (2).jpg,Solder Short,1280,720,496.85,469.8,236.5,79.82,18877.429999999997,0.184765625,0.1108611111111111,0.020483322482638885,25.0,14.0625,51.2,4.619140625,1.5589843749999999,7.201168060302732,249.60665535998834,79.82,1.5589843749999999
569,categories/Solder Short/U3 Display pin solder short.jpg,Solder Short,1280,720,504.24,472.76,220.24,75.38,16601.6912,0.1720625,0.10469444444444444,0.018013987847222225,25.0,14.0625,51.2,4.3015625,1.472265625,6.333042602539062,232.78273561413442,75.38,1.472265625
570,categories/Solder Short/U3 IC Short.jpg,Solder Ball,1280,720,766.55,163.54,52.66,51.15,2693.5589999999997,0.041140625,0.07104166666666667,0.002922698567708333,16.0,9.0,80.0,0.65825,0.639375,0.42086859374999996,73.41252004937577,51.15,0.639375
571,categories/Solder Short/U3 IC Short.jpg,Solder Ball,1280,720,688.32,160.53,48.14,43.63,2100.3482000000004,0.037609375,0.060597222222222226,0.002279023654513889,16.0,9.0,80.0,0.60175,0.545375,0.3281794062500001,64.96950438474963,43.63,0.545375
572,categories/Solder Short/U4 IC solder short (2).jpg,Solder Short,1280,720,458.42,481.63,464.12,186.24,86437.70880000001,0.36259375,0.25866666666666666,0.09379091666666667,18.0,10.125,71.11111111111111,6.5266874999999995,2.619,17.0933945625,500.0927034060785,186.24,2.619
573,categories/Solder Short/U4 IC solder short (3).jpg,Solder Short,1280,720,443.64,483.11,449.34,171.45,77039.343,0.351046875,0.23812499999999998,0.08359303710937499,18.0,10.125,71.11111111111111,6.318843749999999,2.4110156249999997,15.234831013183591,480.9381853211491,171.45,2.4110156249999997
574,categories/Solder Short/U4 IC solder short (4).jpg,Solder Short,1280,720,609.19,481.63,97.55,116.77,11390.913499999999,0.07621093749999999,0.16218055555555555,0.01235993218315972,18.0,10.125,71.11111111111111,1.3717968749999998,1.6420781249999998,2.2525976403808587,152.15530026916576,97.55,1.3717968749999998
575,categories/Solder Short/U4 IC solder short by solder ball (2).jpg,Solder Ball,1280,720,814.64,456.5,69.47,56.17,3902.1299,0.0542734375,0.0780138888888889,0.004234081922743055,20.0,11.25,64.0,1.08546875,0.87765625,0.9526684326171875,89.33728113167537,56.17,0.87765625
576,categories/Solder Short/U4 IC solder short by solder ball.jpg,Solder Ball,1280,720,424.43,528.93,63.55,65.03,4132.6565,0.049648437499999996,0.09031944444444445,0.004484219292534722,20.0,11.25,64.0,0.99296875,1.01609375,1.0089493408203125,90.92581261666018,63.55,0.99296875
577,categories/Solder Short/U4 IC solder short.jpg,Solder Short,1280,720,461.38,484.58,434.55,181.81,79005.5355,0.3394921875,0.25251388888888887,0.08572649251302084,18.0,10.125,71.11111111111111,6.1108593749999995,2.556703125,15.623653260498045,471.05050536009406,181.81,2.556703125
578,categories/Solder Short/U4 IC solders short.jpg,Solder Short,1280,720,405.21,502.32,79.82,91.64,7314.7047999999995,0.062359374999999995,0.12727777777777777,0.00793696267361111,18.0,10.125,71.11111111111111,1.12246875,1.2886875,1.4465114472656246,121.52827654500824,79.82,1.12246875
579,categories/Solder Short/U4 SOLDER SHORT (3).jpg,Solder Short,1280,720,520.5,441.72,428.64,122.68,52585.5552,0.334875,0.1703888888888889,0.05705897916666667,18.0,10.125,71.11111111111111,6.027749999999999,1.7251875,10.398998953125,445.85045923493226,122.68,1.7251875
580,categories/Solder Short/U4 solder short (2).jpg,Solder Short,1280,720,561.89,475.72,106.42,124.15,13212.043000000001,0.083140625,0.17243055555555556,0.014335984157986113,15.0,8.4375,85.33333333333333,1.2471093750000002,1.4548828125000002,1.8143979949951174,163.51892520439338,106.42,1.2471093750000002
581,categories/Solder Short/U4 solder short.jpg,Solder Short,1280,720,561.89,478.67,115.29,125.64,14485.035600000001,0.0900703125,0.1745,0.01571726953125,15.0,8.4375,85.33333333333333,1.3510546875000002,1.47234375,1.9892169250488283,170.52036154078493,115.29,1.3510546875000002
582,categories/Solder Short/U5 IC SOLDER SHORT (2).jpg,Solder Short,1280,720,638.75,354.51,85.73,84.25,7222.7525000000005,0.0669765625,0.11701388888888889,0.007837188042534722,25.0,14.0625,51.2,1.6744140625,1.6455078125,2.755261421203613,120.19856654719307,84.25,1.6455078125
583,categories/Solder Short/U5 IC SOLDER SHORT.jpg,Solder Short,1280,720,629.88,381.12,245.36,133.03,32640.240800000003,0.1916875,0.1847638888888889,0.03541692795138889,20.0,11.25,64.0,3.83375,2.07859375,7.968808789062501,279.10304638251444,133.03,2.07859375
584,categories/Solder Short/U5 IC solder short (4).jpg,Solder Short,1280,720,595.88,468.33,106.43,45.82,4876.622600000001,0.0831484375,0.06363888888888888,0.005291474175347223,13.0,7.3125,98.46153846153847,1.0809296875,0.46535937499999996,0.5030207637939453,115.87414422553464,45.82,0.46535937499999996
585,categories/Solder Short/U5 IC solder short (4).jpg,Solder Short,1280,720,706.74,474.24,91.64,33.99,3114.8436,0.07159375,0.04720833333333334,0.0033798216145833333,13.0,7.3125,98.46153846153847,0.9307187499999999,0.3452109375,0.3212942922363281,97.7405223026765,33.99,0.3452109375
586,categories/Solder Short/U6 solder short.jpg,Solder Short,1280,720,473.2,475.72,195.11,135.98,26531.0578,0.15242968750000002,0.1888611111111111,0.028788040147569444,20.0,11.25,64.0,3.04859375,2.1246875,6.477309033203125,237.82025250175815,135.98,2.1246875
587,categories/Solder Short/solder Short (8).jpg,Solder Short,1280,720,603.27,487.54,186.24,130.07,24224.2368,0.14550000000000002,0.18065277777777777,0.026284979166666667,25.0,14.0625,51.2,3.6375,2.5404296874999996,9.240812988281247,227.16413119152418,130.07,2.5404296874999996
588,categories/Solder Short/solder short (16).jpg,Solder Short,1280,720,564.84,137.24,124.16,326.65,40556.863999999994,0.097,0.45368055555555553,0.044007013888888884,2.0,1.125,640.0,0.194,0.510390625,0.09901578124999999,349.45089511975783,124.16,0.194
589,categories/Solder Short/solder short (20).jpg,Solder Short,1280,720,570.76,153.49,118.24,300.05,35477.912,0.092375,0.41673611111111114,0.038495998263888886,2.0,1.125,640.0,0.18475,0.46882812500000004,0.08661599609375,322.50689930604585,118.24,0.18475
590,categories/Tombstone/Component Tombstone.jpg,Tombstone,1280,720,330.65,297.29,374.87,283.65,106331.8755,0.2928671875,0.3939583333333333,0.11537746907552082,13.0,7.3125,98.46153846153847,3.8072734374999997,2.8808203124999996,10.968070653991699,470.09024601665584,283.65,2.8808203124999996
591,categories/Tombstone/D10 LED Tombstone.jpg,Tombstone,1280,720,447.53,160.45,430.47,312.16,134375.51520000002,0.33630468750000003,0.4335555555555556,0.14580676562500003,11.0,6.1875,116.36363636363636,3.6993515625000004,2.6826250000000003,9.923972985351565,531.7408076309359,312.16,2.6826250000000003
592,categories/Tombstone/D10 tombstone.jpg,Tombstone,1280,720,451.8,150.48,416.22,317.86,132299.68920000002,0.325171875,0.44147222222222227,0.14355435026041669,11.0,6.1875,116.36363636363636,3.5768906250000003,2.731609375,9.770667964599612,523.7118177013003,317.86,2.731609375
593,categories/Tombstone/D11 LED TOMBSTONE.jpg,Tombstone,1280,720,413.32,194.66,537.37,354.93,190728.7341,0.4198203125,0.49295833333333333,0.20695392154947917,9.0,5.0625,142.22222222222223,3.7783828125,2.4956015625,9.429338050598144,644.0045200151936,354.93,2.4956015625
594,categories/Tombstone/D11 tombston.jpg,Tombstone,1280,720,581.51,171.86,228.07,441.87,100777.29089999999,0.1781796875,0.6137083333333333,0.10935035904947916,11.0,6.1875,116.36363636363636,1.9599765625,3.7973203125,7.442658812805176,497.25750049647314,228.07,1.9599765625
595,categories/Tombstone/D12 Tombstone.jpg,Tombstone,1280,720,448.95,180.41,410.52,249.44,102400.1088,0.32071875,0.34644444444444444,0.11111122916666667,14.0,7.875,91.42857142857143,4.4900625,2.72825,12.250013015625,480.3613056856266,249.44,2.72825
596,categories/Tombstone/D13 LED tombtone.jpg,Tombstone,1280,720,403.34,177.56,533.1,350.64,186926.184,0.416484375,0.487,0.202827890625,9.0,5.0625,142.22222222222223,3.748359375,2.4654374999999997,9.241345766601562,638.0783804518063,350.64,2.4654374999999997
597,categories/Tombstone/D15 Tombstone.jpg,Tombstone,1280,720,317.82,287.31,377.73,292.21,110376.48329999999,0.2951015625,0.4058472222222222,0.1197661494140625,13.0,7.3125,98.46153846153847,3.8363203125,2.9677578124999995,11.385269578674315,477.5632282745396,292.21,2.9677578124999995
598,categories/Tombstone/LED Tombstone (2).jpg,Tombstone,1280,720,312.12,89.18,638.57,457.55,292177.7035,0.49888281250000005,0.6354861111111111,0.31703309841579863,7.5,4.21875,170.66666666666666,3.7416210937500005,2.68095703125,10.03112537956238,785.5721783515504,457.55,2.68095703125
599,categories/Tombstone/LED Tombstone (3).jpg,Tombstone,1280,720,256.53,208.92,528.81,357.77,189192.35369999998,0.41313281249999995,0.49690277777777775,0.2052868421223958,9.5,5.34375,134.73684210526315,3.9247617187499997,2.65532421875,10.42151484461975,638.4664352963277,357.77,2.65532421875
600,categories/Tombstone/LED Tombstone (5).jpg,Tombstone,1280,720,414.74,271.63,491.76,303.61,149303.2536,0.3841875,0.42168055555555556,0.1620043984375,10.0,5.625,128.0,3.841875,2.371953125,9.112747412109375,577.9333263448302,303.61,2.371953125
601,categories/Tombstone/LED Tombstone (6).jpg,Tombstone,1280,720,431.85,236.0,377.73,249.44,94220.9712,0.2951015625,0.34644444444444444,0.102236296875,12.0,6.75,106.66666666666667,3.54121875,2.3385,8.281140046874999,452.65910628197906,249.44,2.3385
602,categories/Tombstone/LED Tombstone.jpg,Tombstone,1280,720,371.98,287.31,630.02,253.72,159848.6744,0.49220312499999996,0.35238888888888886,0.17344691232638887,8.5,4.78125,150.58823529411765,4.1837265624999995,1.6848593749999998,7.0489909212646475,679.189987264241,253.72,1.6848593749999998
603,categories/Tombstone/Tombstone.jpg,Tombstone,1280,720,396.21,275.91,511.72,296.48,151714.74560000002,0.39978125000000003,0.4117777777777778,0.16462103472222225,10.0,5.625,128.0,3.9978125,2.31625,9.259933203125001,591.4032032378587,296.48,2.31625
604,categories/Tombstone/tombstone (2).jpg,Tombstone,1280,720,329.22,298.72,376.3,276.52,104054.476,0.293984375,0.38405555555555554,0.11290633246527777,13.0,7.3125,98.46153846153847,3.821796875,2.8084062499999995,10.733158229980468,466.9743037898338,276.52,2.8084062499999995
