group,file,width,height,exif_fov_w_mm,exif_unit,name_fov_w_mm,name_fov_h_mm
categories,categories/Component Missing/C37 Missing.jpg,1280,720,15.0,1,,
categories,categories/Component Missing/D10 MISSING (1).jpg,1280,720,8.5,1,,
categories,categories/Component Missing/D10 missing (2).jpg,1280,720,18.0,1,,
categories,categories/Component Missing/D10 missing (3).jpg,1280,720,12.0,1,,
categories,categories/Component Missing/D10 missing.jpg,1280,720,14.0,1,,
categories,categories/Component Missing/D11 led missing (1).jpg,1280,720,18.0,1,,
categories,categories/Component Missing/D11 led missing.jpg,1280,720,18.0,1,,
categories,categories/Component Missing/D12 MISSING.jpg,1280,720,30.0,1,,
categories,categories/Component Missing/D12 Missing (2).jpg,1280,720,12.0,1,,
categories,categories/Component Missing/D13 LED missing.jpg,1280,720,18.0,1,,
categories,categories/Component Missing/D13 missing (1).jpg,1280,720,20.0,1,,
categories,categories/Component Missing/D13 missing.jpg,1280,720,25.0,1,,
categories,categories/Component Missing/D14 missing.jpg,1280,720,14.0,1,,
categories,categories/Component Missing/D3 MISSING.jpg,1280,720,20.0,1,,
categories,categories/Component Missing/D49 LED MISSING (1).jpg,1280,720,18.0,1,,
categories,categories/Component Missing/D49 LED MISSING.jpg,1280,720,18.0,1,,
categories,categories/Component Missing/D6 missing.jpg,1280,720,9.5,1,,
categories,categories/Component Missing/F1 MISSING.jpg,1280,720,16.0,1,,
categories,categories/Component Missing/J1 Connector MIssing (2).jpg,1280,720,25.0,1,,
categories,categories/Component Missing/J1 connector missing.jpg,1280,720,25.0,1,,
categories,categories/Component Missing/J10 Missing.jpg,1280,720,30.0,1,,
categories,categories/Component Missing/J10 connector missing (1).jpg,1280,720,30.0,1,,
categories,categories/Component Missing/J2 connector missing (1).jpg,1280,720,30.0,1,,
categories,categories/Component Missing/J2 connector missing (2) (1).jpg,1280,720,35.0,1,,
categories,categories/Component Missing/J2 connector missing.jpg,1280,720,35.0,1,,
categories,categories/Component Missing/J4 connector pin missing.jpg,1280,720,20.0,1,,
categories,categories/Component Missing/J4 missing.jpg,1280,720,13.0,1,,
categories,categories/Component Missing/J6 connector missing.jpg,1280,720,20.0,1,,
categories,categories/Component Missing/J6 missing.jpg,1280,720,20.0,1,,
categories,categories/Component Missing/J8 missing.jpg,1280,720,20.0,1,,
categories,categories/Component Missing/L1 missing.jpg,1280,720,30.0,1,,
categories,categories/Component Missing/L3 Missing.jpg,1280,720,35.0,1,,
categories,categories/Component Missing/LED MISSING.jpg,1280,720,20.0,1,,
categories,categories/Component Missing/Missing (2).jpg,1280,720,30.0,1,,
categories,categories/Component Missing/Missing.jpg,1280,720,20.0,1,,
categories,categories/Component Missing/R16 component missing.jpg,1280,720,10.0,1,,
categories,categories/Component Missing/R18 misssing.jpg,1280,720,20.0,1,,
categories,categories/Component Missing/R25 missing.jpg,1280,720,7.5,1,,
categories,categories/Component Missing/R47 component missing.jpg,1280,720,9.0,1,,
categories,categories/Component Missing/U4 IC missing.jpg,1280,720,25.0,1,,
categories,categories/Component Missing/U5 Missing (1).jpg,1280,720,20.0,1,,
categories,categories/Component Missing/U7 MISSING.jpg,1280,720,25.0,1,,
categories,categories/Component Missing/component missing.jpg,1280,720,18.0,1,,
categories,categories/Component Crack/Cheack.jpg,1280,720,15.0,1,,
categories,categories/Component Crack/Crack 1.jpg,1280,720,15.0,1,,
categories,categories/Component Crack/Crack.jpg,1280,720,8.5,1,,
categories,categories/Component Crack/Creack.jpg,1280,720,7.0,1,,
categories,categories/Component Crack/R36 COMPONENT CRACK.jpg,1280,720,8.5,1,,
categories,categories/Component Crack/component cracked.jpg,1280,720,7.0,1,,
categories,categories/Component Damage/BD1 DAMAGE.jpg,1280,720,35.0,1,,
categories,categories/Component Damage/Component Damage (2).jpg,1280,720,8.0,1,,
categories,categories/Component Damage/Component Damage.jpg,1280,720,5.0,1,,
categories,categories/Component Damage/Damage.jpg,1280,720,5.0,1,,
categories,categories/Component Damage/R13 Damage.jpg,1280,720,6.5,1,,
categories,categories/Component Damage/R27 DAMAGE.jpg,1280,720,9.0,1,,
categories,categories/Component Damage/R28 COMPONENT DAMAGE.jpg,1280,720,15.0,1,,
categories,categories/Component Damage/R31 COMPONENT DAMAGE.jpg,1280,720,7.0,1,,
categories,categories/Component Damage/R36 COMPONENT CRACK.jpg,1280,720,8.5,1,,
categories,categories/Component Damage/R36 Damage.jpg,1280,720,8.0,1,,
categories,categories/Component Damage/R43 DAMAGE.jpg,1280,720,7.5,1,,
categories,categories/Tombstone/Component Tombstone.jpg,1280,720,13.0,1,,
categories,categories/Tombstone/D10 LED Tombstone.jpg,1280,720,11.0,1,,
categories,categories/Tombstone/D10 tombstone.jpg,1280,720,11.0,1,,
categories,categories/Tombstone/D11 LED TOMBSTONE.jpg,1280,720,9.0,1,,
categories,categories/Tombstone/D11 tombston.jpg,1280,720,11.0,1,,
categories,categories/Tombstone/D12 Tombstone.jpg,1280,720,14.0,1,,
categories,categories/Tombstone/D13 LED tombtone.jpg,1280,720,9.0,1,,
categories,categories/Tombstone/D15 Tombstone.jpg,1280,720,13.0,1,,
categories,categories/Tombstone/LED Tombstone (2).jpg,1280,720,7.5,1,,
categories,categories/Tombstone/LED Tombstone (3).jpg,1280,720,9.5,1,,
categories,categories/Tombstone/LED Tombstone (5).jpg,1280,720,10.0,1,,
categories,categories/Tombstone/LED Tombstone (6).jpg,1280,720,12.0,1,,
categories,categories/Tombstone/LED Tombstone.jpg,1280,720,8.5,1,,
categories,categories/Tombstone/Tombstone.jpg,1280,720,10.0,1,,
categories,categories/Tombstone/tombstone (2).jpg,1280,720,13.0,1,,
categories,categories/Solder Ball/C12 solder boll short (2).jpg,1280,720,16.0,1,,
categories,categories/Solder Ball/C12 solder boll short.jpg,1280,720,7.5,1,,
categories,categories/Solder Ball/C28 R40  SOLDER BOLL SHORT.jpg,1280,720,13.0,1,,
categories,categories/Solder Ball/C41 component solder boll short.jpg,1280,720,10.0,1,,
categories,categories/Solder Ball/C9 solder boll Short.jpg,1280,720,10.0,1,,
categories,categories/Solder Ball/J2 connector Boll.jpg,1280,720,30.0,1,,
categories,categories/Solder Ball/Q6 &R8 Solder Boll.jpg,1280,720,13.0,1,,
categories,categories/Solder Ball/Q7 solder boll short.jpg,1280,720,40.0,1,,
categories,categories/Solder Ball/R16 solder boll short.jpg,1280,720,11.0,1,,
categories,categories/Solder Ball/Solder Boll (2).jpg,1280,720,1.5,1,,
categories,categories/Solder Ball/Solder boll (3).jpg,1280,720,7.5,1,,
categories,categories/Solder Ball/U1 IC SOLDER BOLL (2).jpg,1280,720,25.0,1,,
categories,categories/Solder Ball/U1 IC SOLDER BOLL.jpg,1280,720,14.0,1,,
categories,categories/Solder Ball/U1 IC Solder Boll (3).jpg,1280,720,20.0,1,,
categories,categories/Solder Ball/U1 IC Solder Short (2).jpg,1280,720,14.0,1,,
categories,categories/Solder Ball/U1 IC solder boll (4).jpg,1280,720,18.0,1,,
categories,categories/Solder Ball/U1 IC solder short.jpg,1280,720,10.0,1,,
categories,categories/Solder Ball/U1 ICsolder boll short.jpg,1280,720,12.0,1,,
categories,categories/Solder Ball/U1 SOLDER BOLL SHORT.jpg,1280,720,11.0,1,,
categories,categories/Solder Ball/U1 SOLDER BOLL.jpg,1280,720,11.0,1,,
categories,categories/Solder Ball/U2 IC solder short by solder ball.jpg,1280,720,14.0,1,,
categories,categories/Solder Ball/U2 IC solder short.jpg,1280,720,16.0,1,,
categories,categories/Solder Ball/U3 sholder boll short.jpg,1280,720,20.0,1,,
categories,categories/Solder Ball/U3 solder boll.jpg,1280,720,16.0,1,,
categories,categories/Solder Ball/U4 IC Solder Boll.jpg,1280,720,15.0,1,,
categories,categories/Solder Ball/U4 IC Solder Short.jpg,1280,720,20.0,1,,
categories,categories/Solder Ball/U4 IC short by solder ball.jpg,1280,720,13.0,1,,
categories,categories/Solder Ball/U4 IC solder short by solder ball.jpg,1280,720,20.0,1,,
categories,categories/Solder Ball/U4 Solder boll (3).jpg,1280,720,20.0,1,,
categories,categories/Solder Ball/U4 solder boll (2).jpg,1280,720,25.0,1,,
categories,categories/Solder Ball/U4 solder boll.jpg,1280,720,18.0,1,,
categories,categories/Solder Ball/U4IC SOLDER BOLL.jpg,1280,720,20.0,1,,
categories,categories/Solder Ball/solder boll (4).jpg,1280,720,13.0,1,,
categories,categories/Solder Ball/solder boll.jpg,1280,720,18.0,1,,
categories,categories/LED Damage/D13 LED Damage.jpg,1280,720,10.0,1,,
categories,categories/LED Damage/D52 LED DAMAGE.jpg,1280,720,1.4,1,,
categories,categories/LED Damage/LED DAMAGE..jpg,1280,720,14.0,1,,
categories,categories/LED Damage/LED DAMAGE.jpg,1280,720,14.0,1,,
categories,categories/LED Damage/LED Damage (2).jpg,1280,720,13.0,1,,
categories,categories/LED Damage/LED Damage (3).jpg,1280,720,10.0,1,,
categories,categories/LED Damage/LED Damage (4).jpg,1280,720,1.4,1,,
categories,categories/RYB Wrong Sequence/J1 SEQUENCE WRONG.jpg,1280,720,16.0,1,,
categories,categories/RYB Wrong Sequence/J1 sequence wrong (1).jpg,1280,720,16.0,1,,
categories,categories/RYB Wrong Sequence/RYB Connector sequence wrong.jpg,1280,720,40.0,1,,
categories,categories/RYB Wrong Sequence/RYB SEQUENCE WRONG (3) (1).jpg,1280,720,35.0,1,,
categories,categories/RYB Wrong Sequence/RYB SEQUENCE WRONG (6).jpg,1280,720,35.0,1,,
categories,categories/RYB Wrong Sequence/RYB Sequence Wrong (4) (1).jpg,1280,720,40.0,1,,
categories,categories/RYB Wrong Sequence/RYB Sequence Wrong.jpg,1280,720,40.0,1,,
categories,categories/RYB Wrong Sequence/RYB WRONG SEQUENCE.jpg,1280,720,35.0,1,,
categories,categories/RYB Wrong Sequence/RYB sequence wrong (1).jpg,1280,720,30.0,1,,
categories,categories/RYB Wrong Sequence/RYB sequence wrong (2) (1).jpg,1280,720,35.0,1,,
categories,categories/RYB Wrong Sequence/RYB sequence wrong (2).jpg,1280,720,30.0,1,,
categories,categories/RYB Wrong Sequence/RYB sequence wrong (3).jpg,1280,720,40.0,1,,
categories,categories/RYB Wrong Sequence/RYB sequence wrong (4).jpg,1280,720,35.0,1,,
categories,categories/RYB Wrong Sequence/RYB sequence wrong (5).jpg,1280,720,35.0,1,,
categories,categories/RYB Wrong Sequence/sequence wrong (1).jpg,1280,720,35.0,1,,
categories,categories/RYB Wrong Sequence/sequence wrong (2) (1).jpg,1280,720,35.0,1,,
categories,categories/RYB Wrong Sequence/sequence wrong (2).jpg,1280,720,30.0,1,,
categories,categories/RYB Wrong Sequence/sequence wrong (3) (1).jpg,1280,720,16.0,1,,
categories,categories/RYB Wrong Sequence/sequence wrong (3).jpg,1280,720,16.0,1,,
categories,categories/RYB Wrong Sequence/sequence wrong (4) (1).jpg,1280,720,30.0,1,,
categories,categories/RYB Wrong Sequence/sequence wrong (4).jpg,1280,720,35.0,1,,
categories,categories/RYB Wrong Sequence/sequence wrong (5).jpg,1280,720,35.0,1,,
categories,categories/RYB Wrong Sequence/sequence wrong.jpg,1280,720,30.0,1,,
categories,categories/RYB Wrong Sequence/wire interchange.jpg,1280,720,20.0,1,,
categories,categories/Component No Solder/BLACK  wire no solder.jpg,1280,720,25.0,1,,
categories,categories/Component No Solder/BLACK wire no solder.jpg,1280,720,13.0,1,,
categories,categories/Component No Solder/C12 No Solder.jpg,1280,720,11.0,1,,
categories,categories/Component No Solder/C12 component no solder.jpg,1280,720,8.5,1,,
categories,categories/Component No Solder/C2  component no solder.jpg,1280,720,40.0,1,,
categories,categories/Component No Solder/C29 NO SOLDER.jpg,1280,720,25.0,1,,
categories,categories/Component No Solder/C44 No solder.jpg,1280,720,20.0,1,,
categories,categories/Component No Solder/D2 no solder.jpg,1280,720,20.0,1,,
categories,categories/Component No Solder/F1 NO SOLDER.jpg,1280,720,20.0,1,,
categories,categories/Component No Solder/F1 no solder (2).jpg,1280,720,20.0,1,,
categories,categories/Component No Solder/J1 Connector No solder.jpg,1280,720,18.0,1,,
categories,categories/Component No Solder/J1 lead no solder (1).jpg,1280,720,35.0,1,,
categories,categories/Component No Solder/J1 lead no solder (2).jpg,1280,720,30.0,1,,
categories,categories/Component No Solder/J1 lead no solder.jpg,1280,720,25.0,1,,
categories,categories/Component No Solder/J1 no solder.jpg,1280,720,18.0,1,,
categories,categories/Component No Solder/J10 connector lead no solder.jpg,1280,720,30.0,1,,
categories,categories/Component No Solder/J10 connector no solder.jpg,1280,720,18.0,1,,
categories,categories/Component No Solder/J10 connector solder not proper.jpg,1280,720,35.0,1,,
categories,categories/Component No Solder/J10 no solder (1).jpg,1280,720,30.0,1,,
categories,categories/Component No Solder/J10 no solder.jpg,1280,720,30.0,1,,
categories,categories/Component No Solder/J2 connector no solder (1).jpg,1280,720,25.0,1,,
categories,categories/Component No Solder/J2 connector no solder.jpg,1280,720,13.0,1,,
categories,categories/Component No Solder/J2 connector pin no solder (1).jpg,1280,720,18.0,1,,
categories,categories/Component No Solder/J2 connector pin no solder.jpg,1280,720,18.0,1,,
categories,categories/Component No Solder/J2 no solder (2).jpg,1280,720,20.0,1,,
categories,categories/Component No Solder/J2 no solder.jpg,1280,720,20.0,1,,
categories,categories/Component No Solder/J4 no solder (1).jpg,1280,720,30.0,1,,
categories,categories/Component No Solder/J4 no solder (2).jpg,1280,720,20.0,1,,
categories,categories/Component No Solder/MOV3 component no solder.jpg,1280,720,40.0,1,,
categories,categories/Component No Solder/No Solder.jpg,1280,720,30.0,1,,
categories,categories/Component No Solder/No solder (2).jpg,1280,720,35.0,1,,
categories,categories/Component No Solder/Q1 component no solder.jpg,1280,720,40.0,1,,
categories,categories/Component No Solder/Q2 component lead no solder.jpg,1280,720,18.0,1,,
categories,categories/Component No Solder/R1 component no solder.jpg,1280,720,40.0,1,,
categories,categories/Component No Solder/R1 no solder.jpg,1280,720,40.0,1,,
categories,categories/Component No Solder/R2 component no solder (1).jpg,1280,720,16.0,1,,
categories,categories/Component No Solder/R2 component no solder (2).jpg,1280,720,30.0,1,,
categories,categories/Component No Solder/R2 component no solder.jpg,1280,720,16.0,1,,
categories,categories/Component No Solder/R3 NO SOLDER.jpg,1280,720,20.0,1,,
categories,categories/Component No Solder/R6 component no solder.jpg,1280,720,40.0,1,,
categories,categories/Component No Solder/R8 NO SOLDER.jpg,1280,720,40.0,1,,
categories,categories/Component No Solder/R8 component no solder (2).jpg,1280,720,35.0,1,,
categories,categories/Component No Solder/R8 component no solder (3).jpg,1280,720,30.0,1,,
categories,categories/Component No Solder/R8 component no solder (4).jpg,1280,720,35.0,1,,
categories,categories/Component No Solder/R8 component no solder.jpg,1280,720,35.0,1,,
categories,categories/Component No Solder/R9 component no solder.jpg,1280,720,20.0,1,,
categories,categories/Component No Solder/RED & GROUND wire no solder.jpg,1280,720,20.0,1,,
categories,categories/Component No Solder/RV1  no solder.jpg,1280,720,35.0,1,,
categories,categories/Component No Solder/RV1 LEAD no solder.jpg,1280,720,35.0,1,,
categories,categories/Component No Solder/RV1 no solder (1).jpg,1280,720,35.0,1,,
categories,categories/Component No Solder/RV1 no solder (2).jpg,1280,720,30.0,1,,
categories,categories/Component No Solder/RV1 no solder.jpg,1280,720,30.0,1,,
categories,categories/Component No Solder/U1 IC No Solder.jpg,1280,720,13.0,1,,
categories,categories/Component No Solder/U1 no solder.jpg,1280,720,13.0,1,,
categories,categories/Component No Solder/U2 IC lead no solder.jpg,1280,720,7.5,1,,
categories,categories/Component No Solder/U2 Sensor pin not solder (1).jpg,1280,720,25.0,1,,
categories,categories/Component No Solder/U2 Sensor pin not solder (2).jpg,1280,720,25.0,1,,
categories,categories/Component No Solder/U2 Sensor pin not solder.jpg,1280,720,25.0,1,,
categories,categories/Component No Solder/U2 sensor no solder (1).jpg,1280,720,25.0,1,,
categories,categories/Component No Solder/U2 sensor no solder.jpg,1280,720,25.0,1,,
categories,categories/Component No Solder/U3 display lead no solder.jpg,1280,720,20.0,1,,
categories,categories/Component No Solder/U4 IC lead no solder (2).jpg,1280,720,11.0,1,,
categories,categories/Component No Solder/U4 IC lead no solder.jpg,1280,720,18.0,1,,
categories,categories/Component No Solder/U5 NO SOLDER.jpg,1280,720,30.0,1,,
categories,categories/Component No Solder/U5 no solder (1).jpg,1280,720,20.0,1,,
categories,categories/Component No Solder/U6 sensor no solder.jpg,1280,720,15.0,1,,
categories,categories/Component No Solder/U7 leads no solder.jpg,1280,720,25.0,1,,
categories,categories/Component No Solder/j4 NO SOLDER.jpg,1280,720,25.0,1,,
categories,categories/Polarity Wrong/C7 wrong polarity.jpg,1280,720,30.0,1,,
categories,categories/Polarity Wrong/C8 polarity wrong (1).jpg,1280,720,30.0,1,,
categories,categories/Polarity Wrong/C8 polarity wrong.jpg,1280,720,30.0,1,,
categories,categories/Polarity Wrong/D1 LED wrong polarity.jpg,1280,720,20.0,1,,
categories,categories/Polarity Wrong/D1 POLARITY WRONG.jpg,1280,720,20.0,1,,
categories,categories/Polarity Wrong/D1 led polarity wrong.jpg,1280,720,20.0,1,,
categories,categories/Polarity Wrong/D1 polarity wrong (2).jpg,1280,720,20.0,1,,
categories,categories/Polarity Wrong/D2 LED polarity wrong.jpg,1280,720,20.0,1,,
categories,categories/Polarity Wrong/D2 LED wrong polarity.jpg,1280,720,14.0,1,,
categories,categories/Polarity Wrong/D6 LED wrong polarity.jpg,1280,720,16.0,1,,
categories,categories/Polarity Wrong/J1 connector polarity wrong (1).jpg,1280,720,25.0,1,,
categories,categories/Polarity Wrong/J1 connector polarity wrong (2) (1).jpg,1280,720,30.0,1,,
categories,categories/Polarity Wrong/J1 connector polarity wrong.jpg,1280,720,25.0,1,,
categories,categories/Polarity Wrong/J1 connector wrong polarity (1).jpg,1280,720,30.0,1,,
categories,categories/Polarity Wrong/J1 connector wrong polarity.jpg,1280,720,30.0,1,,
categories,categories/Polarity Wrong/J1 connnector polarity wrong.jpg,1280,720,30.0,1,,
categories,categories/Polarity Wrong/J1 polariti wrong.jpg,1280,720,25.0,1,,
categories,categories/Polarity Wrong/J1 wrong polarity.jpg,1280,720,25.0,1,,
categories,categories/Polarity Wrong/J2 connector polarity wrong.jpg,1280,720,35.0,1,,
categories,categories/Polarity Wrong/J2 connector wrong polarity.jpg,1280,720,25.0,1,,
categories,categories/Polarity Wrong/J2 polarity wrong.jpg,1280,720,25.0,1,,
categories,categories/Polarity Wrong/J2 wrong polarity.jpg,1280,720,20.0,1,,
categories,categories/Polarity Wrong/J4 connector polarity wrong.jpg,1280,720,25.0,1,,
categories,categories/Polarity Wrong/J4 connector wrong polarity.jpg,1280,720,25.0,1,,
categories,categories/Polarity Wrong/J4 wrong polarity.jpg,1280,720,20.0,1,,
categories,categories/Polarity Wrong/J7 connector assemble wrong.jpg,1280,720,25.0,1,,
categories,categories/Polarity Wrong/Q7 component polarity wrong.jpg,1280,720,20.0,1,,
categories,categories/Polarity Wrong/Q7 component wrong polarity.jpg,1280,720,18.0,1,,
categories,categories/Polarity Wrong/RYB Polarity Wrong.jpg,1280,720,40.0,1,,
categories,categories/Polarity Wrong/U2 Display wrong polarity.jpg,1280,720,40.0,1,,
categories,categories/Polarity Wrong/U3 IC wrong polarity.jpg,1280,720,35.0,1,,
categories,categories/Polarity Wrong/U3 display led wrong polarity.jpg,1280,720,35.0,1,,
categories,categories/Polarity Wrong/U3 display polarity wrong.jpg,1280,720,35.0,1,,
categories,categories/Polarity Wrong/j1 CONNECTOR POLARITY WRONG (2).jpg,1280,720,30.0,1,,
categories,categories/Polarity Wrong/u2 sensor polarity wrong.jpg,1280,720,35.0,1,,
categories,categories/Polarity Wrong/wrong polarity.jpg,1280,720,20.0,1,,
categories,categories/Component Liftup/CON2 lift up.jpg,1280,720,25.0,1,,
categories,categories/Component Liftup/CON3 lift-up.jpg,1280,720,20.0,1,,
categories,categories/Component Liftup/Component Liftup.jpg,1280,720,20.0,1,,
categories,categories/Component Liftup/Connecter Lift-up.jpg,1280,720,35.0,1,,
categories,categories/Component Liftup/Connecter Liftup (2).jpg,1280,720,20.0,1,,
categories,categories/Component Liftup/Connecter Liftup (3).jpg,1280,720,20.0,1,,
categories,categories/Component Liftup/Connecter Liftup (4).jpg,1280,720,30.0,1,,
categories,categories/Component Liftup/Connecter Liftup.jpg,1280,720,18.0,1,,
categories,categories/Component Liftup/D58 lift-up.jpg,1280,720,8.5,1,,
categories,categories/Component Liftup/J2 CONNECTOR LIFT-UP.jpg,1280,720,30.0,1,,
categories,categories/Component Liftup/J2 connector lift up (1).jpg,1280,720,35.0,1,,
categories,categories/Component Liftup/J2 connector lift up.jpg,1280,720,35.0,1,,
categories,categories/Component Liftup/J2 coonnector lift up (2).jpg,1280,720,40.0,1,,
categories,categories/Component Liftup/J2 coonnector lift up.jpg,1280,720,35.0,1,,
categories,categories/Component Liftup/Liftup (2).jpg,1280,720,20.0,1,,
categories,categories/Component Liftup/Liftup (3).jpg,1280,720,20.0,1,,
categories,categories/Component Liftup/Liftup.jpg,1280,720,20.0,1,,
categories,categories/Component Liftup/R6 Lift-up.jpg,1280,720,35.0,1,,
categories,categories/Component Liftup/U5 LIFT-UP.jpg,1280,720,25.0,1,,
categories,categories/Component Liftup/U5 Lift-up (2).jpg,1280,720,20.0,1,,
categories,categories/Component Liftup/U5 Liftup.jpg,1280,720,20.0,1,,
categories,categories/Component Liftup/component missing.jpg,1280,720,18.0,1,,
categories,categories/Solder Short/Black Brown wire solder short.jpg,1280,720,18.0,1,,
categories,categories/Solder Short/C1 Q1 SOLDER SHORT.jpg,1280,720,25.0,1,,
categories,categories/Solder Short/C1 capacitor solder short.jpg,1280,720,10.0,1,,
categories,categories/Solder Short/C1 solder short.jpg,1280,720,18.0,1,,
categories,categories/Solder Short/C10 SOLDER SHORT (3).jpg,1280,720,1.2,1,,
categories,categories/Solder Short/C10 SOLDER SHORT.jpg,1280,720,16.0,1,,
categories,categories/Solder Short/C10 Solder Short (2).jpg,1280,720,11.0,1,,
categories,categories/Solder Short/C11 Solder Short.jpg,1280,720,15.0,1,,
categories,categories/Solder Short/C12 SOLDER SHORT.jpg,1280,720,8.5,1,,
categories,categories/Solder Short/C16 solder short.jpg,1280,720,9.5,1,,
categories,categories/Solder Short/C21 component solder short.jpg,1280,720,10.0,1,,
categories,categories/Solder Short/C24 Solder Short.jpg,1280,720,13.0,1,,
categories,categories/Solder Short/C30 SOLDER SHORT.jpg,1280,720,20.0,1,,
categories,categories/Solder Short/C30 short.jpg,1280,720,20.0,1,,
categories,categories/Solder Short/C30 solder short (2).jpg,1280,720,11.0,1,,
categories,categories/Solder Short/C34 component short.jpg,1280,720,8.5,1,,
categories,categories/Solder Short/C34 lead short.jpg,1280,720,11.0,1,,
categories,categories/Solder Short/C35 R41 component solder short.jpg,1280,720,12.0,1,,
categories,categories/Solder Short/C35 SOLDE SHORT.jpg,1280,720,11.0,1,,
categories,categories/Solder Short/C35 component solder short (2).jpg,1280,720,10.0,1,,
categories,categories/Solder Short/C35 component solder short.jpg,1280,720,9.5,1,,
categories,categories/Solder Short/C4 SOLDER SHORT.jpg,1280,720,14.0,1,,
categories,categories/Solder Short/C4 component solder short (4).jpg,1280,720,12.0,1,,
categories,categories/Solder Short/C4 component solder short.jpg,1280,720,11.0,1,,
categories,categories/Solder Short/C41 component short (2).jpg,1280,720,8.0,1,,
categories,categories/Solder Short/C41 component solder short (2).jpg,1280,720,10.0,1,,
categories,categories/Solder Short/C41 component solder short.jpg,1280,720,7.5,1,,
categories,categories/Solder Short/C5 SOLDER SHORT.jpg,1280,720,12.0,1,,
categories,categories/Solder Short/C5 solder short (2).jpg,1280,720,11.0,1,,
categories,categories/Solder Short/C8 Solder Short.jpg,1280,720,18.0,1,,
categories,categories/Solder Short/C9 C10 component solder short.jpg,1280,720,14.0,1,,
categories,categories/Solder Short/C9 Solder Short.jpg,1280,720,20.0,1,,
categories,categories/Solder Short/C9 U1 solder  lead short.jpg,1280,720,16.0,1,,
categories,categories/Solder Short/C9 component solder short (2).jpg,1280,720,11.0,1,,
categories,categories/Solder Short/C9 component solder short (3).jpg,1280,720,12.0,1,,
categories,categories/Solder Short/D1 component solder short.jpg,1280,720,18.0,1,,
categories,categories/Solder Short/D1 solder short.jpg,1280,720,30.0,1,,
categories,categories/Solder Short/J1 CONNECTOR SOLDER SHORT.jpg,1280,720,30.0,1,,
categories,categories/Solder Short/J1 J2 Connector solder short.jpg,1280,720,35.0,1,,
categories,categories/Solder Short/J1 J4 connnector solder short.jpg,1280,720,30.0,1,,
categories,categories/Solder Short/J1 Solder Short (2).jpg,1280,720,15.0,1,,
categories,categories/Solder Short/J1 connecotr solder short.jpg,1280,720,30.0,1,,
categories,categories/Solder Short/J1 connector dry soldder.jpg,1280,720,18.0,1,,
categories,categories/Solder Short/J1 connector dry solder.jpg,1280,720,16.0,1,,
categories,categories/Solder Short/J1 connector solder short (10).jpg,1280,720,30.0,1,,
categories,categories/Solder Short/J1 connector solder short (11).jpg,1280,720,20.0,1,,
categories,categories/Solder Short/J1 connector solder short (12).jpg,1280,720,25.0,1,,
categories,categories/Solder Short/J1 connector solder short (13).jpg,1280,720,30.0,1,,
categories,categories/Solder Short/J1 connector solder short (15).jpg,1280,720,25.0,1,,
categories,categories/Solder Short/J1 connector solder short (16).jpg,1280,720,20.0,1,,
categories,categories/Solder Short/J1 connector solder short (18).jpg,1280,720,20.0,1,,
categories,categories/Solder Short/J1 connector solder short (19).jpg,1280,720,30.0,1,,
categories,categories/Solder Short/J1 connector solder short (2).jpg,1280,720,35.0,1,,
categories,categories/Solder Short/J1 connector solder short (3).jpg,1280,720,25.0,1,,
categories,categories/Solder Short/J1 connector solder short (4).jpg,1280,720,30.0,1,,
categories,categories/Solder Short/J1 connector solder short (5).jpg,1280,720,25.0,1,,
categories,categories/Solder Short/J1 connector solder short (6).jpg,1280,720,25.0,1,,
categories,categories/Solder Short/J1 connector solder short (7).jpg,1280,720,30.0,1,,
categories,categories/Solder Short/J1 connector solder short (8).jpg,1280,720,30.0,1,,
categories,categories/Solder Short/J1 connector solder short (9).jpg,1280,720,20.0,1,,
categories,categories/Solder Short/J1 solder short.jpg,1280,720,20.0,1,,
categories,categories/Solder Short/J2 CONNECTOR LIFT-UP.jpg,1280,720,30.0,1,,
categories,categories/Solder Short/J2 Solder short (2).jpg,1280,720,30.0,1,,
categories,categories/Solder Short/J2 connector solder short (2).jpg,1280,720,20.0,1,,
categories,categories/Solder Short/J2 connector solder short (3).jpg,1280,720,18.0,1,,
categories,categories/Solder Short/J2 connector solder short (4).jpg,1280,720,25.0,1,,
categories,categories/Solder Short/J2 connector solder short (5).jpg,1280,720,20.0,1,,
categories,categories/Solder Short/J2 connector solder short (6).jpg,1280,720,30.0,1,,
categories,categories/Solder Short/J2 connector solder short (7).jpg,1280,720,25.0,1,,
categories,categories/Solder Short/J2 connector solder short (8).jpg,1280,720,25.0,1,,
categories,categories/Solder Short/J2 connector solder short (9).jpg,1280,720,18.0,1,,
categories,categories/Solder Short/J2 connector solder short.jpg,1280,720,30.0,1,,
categories,categories/Solder Short/J2 solder short.jpg,1280,720,18.0,1,,
categories,categories/Solder Short/J3 connector solder short.jpg,1280,720,20.0,1,,
categories,categories/Solder Short/LED3 short.jpg,1280,720,12.0,1,,
categories,categories/Solder Short/LED4 solder short.jpg,1280,720,15.0,1,,
categories,categories/Solder Short/MOV1  MOV3 solder short.jpg,1280,720,35.0,1,,
categories,categories/Solder Short/MOV1 MOV2 solder short.jpg,1280,720,40.0,1,,
categories,categories/Solder Short/MOV2  MOV3 solder short.jpg,1280,720,30.0,1,,
categories,categories/Solder Short/Q2 component solder short (2).jpg,1280,720,14.0,1,,
categories,categories/Solder Short/Q2 component solder short (3).jpg,1280,720,20.0,1,,
categories,categories/Solder Short/Q2 component solder short (4).jpg,1280,720,20.0,1,,
categories,categories/Solder Short/Q2 component solder short (5).jpg,1280,720,14.0,1,,
categories,categories/Solder Short/Q2 component solder short.jpg,1280,720,18.0,1,,
categories,categories/Solder Short/Q5 component solder short.jpg,1280,720,35.0,1,,
categories,categories/Solder Short/Q6 solder short.jpg,1280,720,30.0,1,,
categories,categories/Solder Short/Q7   solder short.jpg,1280,720,18.0,1,,
categories,categories/Solder Short/Q7 component solder short (2).jpg,1280,720,18.0,1,,
categories,categories/Solder Short/Q7 component solder short (3).jpg,1280,720,18.0,1,,
categories,categories/Solder Short/Q7 component solder short (4).jpg,1280,720,20.0,1,,
categories,categories/Solder Short/Q7 component solder short (5).jpg,1280,720,20.0,1,,
categories,categories/Solder Short/Q7 component solder short (6).jpg,1280,720,18.0,1,,
categories,categories/Solder Short/Q7 component solder short (7).jpg,1280,720,18.0,1,,
categories,categories/Solder Short/Q7 component solder short.jpg,1280,720,18.0,1,,
categories,categories/Solder Short/R1 C29 solder flask.jpg,1280,720,30.0,1,,
categories,categories/Solder Short/R1 Solder Short.jpg,1280,720,25.0,1,,
categories,categories/Solder Short/R16 component solder short (2).jpg,1280,720,18.0,1,,
categories,categories/Solder Short/R16 component solder short.jpg,1280,720,18.0,1,,
categories,categories/Solder Short/R17 Q2 SOLDER SHORT.jpg,1280,720,14.0,1,,
categories,categories/Solder Short/R20 And MOV Solder Short.jpg,1280,720,35.0,1,,
categories,categories/Solder Short/R23 Solder Short.jpg,1280,720,11.0,1,,
categories,categories/Solder Short/R42 component solder short.jpg,1280,720,8.0,1,,
categories,categories/Solder Short/R9 R10 SOLDER SHORT.jpg,1280,720,30.0,1,,
categories,categories/Solder Short/R9 component solder short.jpg,1280,720,10.0,1,,
categories,categories/Solder Short/Short.jpg,1280,720,18.0,1,,
categories,categories/Solder Short/Solder Short (11).jpg,1280,720,14.0,1,,
categories,categories/Solder Short/Solder Short (15).jpg,1280,720,9.5,1,,
categories,categories/Solder Short/Solder Short (18).jpg,1280,720,15.0,1,,
categories,categories/Solder Short/Solder Short (19).jpg,1280,720,25.0,1,,
categories,categories/Solder Short/Solder Short (2).jpg,1280,720,8.5,1,,
categories,categories/Solder Short/Solder Short (21).jpg,1280,720,25.0,1,,
categories,categories/Solder Short/Solder Short (6).jpg,1280,720,13.0,1,,
categories,categories/Solder Short/Solder Short (7).jpg,1280,720,12.0,1,,
categories,categories/Solder Short/Solder Short.jpg,1280,720,16.0,1,,
categories,categories/Solder Short/Solder Short1.jpg,1280,720,25.0,1,,
categories,categories/Solder Short/Solder short (10).jpg,1280,720,13.0,1,,
categories,categories/Solder Short/Solder short (12).jpg,1280,720,5.5,1,,
categories,categories/Solder Short/Solder short (13).jpg,1280,720,35.0,1,,
categories,categories/Solder Short/Solder short (14).jpg,1280,720,25.0,1,,
categories,categories/Solder Short/Solder short (17).jpg,1280,720,15.0,1,,
categories,categories/Solder Short/Solder short (3).jpg,1280,720,25.0,1,,
categories,categories/Solder Short/Solder short (4).jpg,1280,720,6.5,1,,
categories,categories/Solder Short/Solder short (5).jpg,1280,720,20.0,1,,
categories,categories/Solder Short/Solder short (9).jpg,1280,720,13.0,1,,
categories,categories/Solder Short/U1 IC SOLDER SHORT.jpg,1280,720,15.0,1,,
categories,categories/Solder Short/U1 IC solder short (2).jpg,1280,720,13.0,1,,
categories,categories/Solder Short/U1 IC solder short (3).jpg,1280,720,13.0,1,,
categories,categories/Solder Short/U2 IC solder short (2).jpg,1280,720,20.0,1,,
categories,categories/Solder Short/U2 IC solder short (3).jpg,1280,720,18.0,1,,
categories,categories/Solder Short/U2 IC solder short (5).jpg,1280,720,16.0,1,,
categories,categories/Solder Short/U2 IC solder short.jpg,1280,720,15.0,1,,
categories,categories/Solder Short/U2 solder Short.jpg,1280,720,10.0,1,,
categories,categories/Solder Short/U3 Display pin solder short (2).jpg,1280,720,25.0,1,,
categories,categories/Solder Short/U3 Display pin solder short.jpg,1280,720,25.0,1,,
categories,categories/Solder Short/U3 IC Short.jpg,1280,720,16.0,1,,
categories,categories/Solder Short/U4 IC solder short (2).jpg,1280,720,18.0,1,,
categories,categories/Solder Short/U4 IC solder short (3).jpg,1280,720,18.0,1,,
categories,categories/Solder Short/U4 IC solder short (4).jpg,1280,720,18.0,1,,
categories,categories/Solder Short/U4 IC solder short by solder ball (2).jpg,1280,720,20.0,1,,
categories,categories/Solder Short/U4 IC solder short by solder ball.jpg,1280,720,20.0,1,,
categories,categories/Solder Short/U4 IC solder short.jpg,1280,720,18.0,1,,
categories,categories/Solder Short/U4 IC solders short.jpg,1280,720,18.0,1,,
categories,categories/Solder Short/U4 SOLDER SHORT (3).jpg,1280,720,18.0,1,,
categories,categories/Solder Short/U4 solder short (2).jpg,1280,720,15.0,1,,
categories,categories/Solder Short/U4 solder short.jpg,1280,720,15.0,1,,
categories,categories/Solder Short/U5 IC SOLDER SHORT (2).jpg,1280,720,25.0,1,,
categories,categories/Solder Short/U5 IC SOLDER SHORT.jpg,1280,720,20.0,1,,
categories,categories/Solder Short/U5 IC solder short (4).jpg,1280,720,13.0,1,,
categories,categories/Solder Short/U6 solder short.jpg,1280,720,20.0,1,,
categories,categories/Solder Short/solder Short (8).jpg,1280,720,25.0,1,,
categories,categories/Solder Short/solder short (16).jpg,1280,720,2.0,1,,
categories,categories/Solder Short/solder short (20).jpg,1280,720,2.0,1,,
categories,categories/Component Solder Dry/20260310084020.395_h30v16.875mm.jpg,1280,720,30.0,1,30.0,16.875
categories,categories/Component Solder Dry/C1 DRY SOLDER.jpg,1280,720,12.0,1,,
categories,categories/Component Solder Dry/C1 Dry Solder (2).jpg,1280,720,14.0,1,,
categories,categories/Component Solder Dry/C1 dry solder (1).jpg,1280,720,14.0,1,,
categories,categories/Component Solder Dry/C12  component dry solder.jpg,1280,720,12.0,1,,
categories,categories/Component Solder Dry/C12 COMPONENT DRY SOLDER.jpg,1280,720,10.0,1,,
categories,categories/Component Solder Dry/C12 DRY (1).jpg,1280,720,9.5,1,,
categories,categories/Component Solder Dry/C12 DRY (2).jpg,1280,720,7.5,1,,
categories,categories/Component Solder Dry/C12 DRY (3).jpg,1280,720,15.0,1,,
categories,categories/Component Solder Dry/C12 DRY (4).jpg,1280,720,7.5,1,,
categories,categories/Component Solder Dry/C12 DRY.jpg,1280,720,9.5,1,,
categories,categories/Component Solder Dry/C12 Dry Solder (1).jpg,1280,720,10.0,1,,
categories,categories/Component Solder Dry/C12 Dry Solder (5).jpg,1280,720,15.0,1,,
categories,categories/Component Solder Dry/C12 Dry Solder.jpg,1280,720,11.0,1,,
categories,categories/Component Solder Dry/C12 component dry (1).jpg,1280,720,10.0,1,,
categories,categories/Component Solder Dry/C12 component dry (2) (1).jpg,1280,720,8.5,1,,
categories,categories/Component Solder Dry/C12 component dry (2).jpg,1280,720,8.5,1,,
categories,categories/Component Solder Dry/C12 component dry (3) (1).jpg,1280,720,11.0,1,,
categories,categories/Component Solder Dry/C12 component dry (3).jpg,1280,720,11.0,1,,
categories,categories/Component Solder Dry/C12 component dry (4) (1).jpg,1280,720,15.0,1,,
categories,categories/Component Solder Dry/C12 component dry (4).jpg,1280,720,9.5,1,,
categories,categories/Component Solder Dry/C12 component dry (5).jpg,1280,720,8.5,1,,
categories,categories/Component Solder Dry/C12 component dry solder (1).jpg,1280,720,8.0,1,,
categories,categories/Component Solder Dry/C12 component dry solder (2) (1).jpg,1280,720,9.0,1,,
categories,categories/Component Solder Dry/C12 component dry solder (2).jpg,1280,720,10.0,1,,
categories,categories/Component Solder Dry/C12 component dry solder (3) (1).jpg,1280,720,10.0,1,,
categories,categories/Component Solder Dry/C12 component dry solder (3).jpg,1280,720,11.0,1,,
categories,categories/Component Solder Dry/C12 component dry solder (4) (1).jpg,1280,720,11.0,1,,
categories,categories/Component Solder Dry/C12 component dry solder (4).jpg,1280,720,9.0,1,,
categories,categories/Component Solder Dry/C12 component dry solder (5).jpg,1280,720,9.0,1,,
categories,categories/Component Solder Dry/C12 component dry solder (6).jpg,1280,720,10.0,1,,
categories,categories/Component Solder Dry/C12 component dry solder (7).jpg,1280,720,8.0,1,,
categories,categories/Component Solder Dry/C12 component dry solder (8).jpg,1280,720,10.0,1,,
categories,categories/Component Solder Dry/C12 component dry.jpg,1280,720,8.5,1,,
categories,categories/Component Solder Dry/C12 dry (2) (1).jpg,1280,720,13.0,1,,
categories,categories/Component Solder Dry/C12 dry solder (2).jpg,1280,720,8.5,1,,
categories,categories/Component Solder Dry/C12 dry solder (3).jpg,1280,720,18.0,1,,
categories,categories/Component Solder Dry/C12 dry solder (4).jpg,1280,720,14.0,1,,
categories,categories/Component Solder Dry/D1 DRY.jpg,1280,720,9.0,1,,
categories,categories/Component Solder Dry/D1 dry (2).jpg,1280,720,1.6,1,,
categories,categories/Component Solder Dry/D11 dry.jpg,1280,720,11.0,1,,
categories,categories/Component Solder Dry/D14 dry solder.jpg,1280,720,18.0,1,,
categories,categories/Component Solder Dry/D1dry.jpg,1280,720,18.0,1,,
categories,categories/Component Solder Dry/D6 LED dry solder.jpg,1280,720,12.0,1,,
categories,categories/Component Solder Dry/D6 led dry.jpg,1280,720,12.0,1,,
categories,categories/Component Solder Dry/DRY SOLDER (9).jpg,1280,720,18.0,1,,
categories,categories/Component Solder Dry/Dry Sodler ...jpg,1280,720,2.0,1,,
categories,categories/Component Solder Dry/Dry Solder (10).jpg,1280,720,10.0,1,,
categories,categories/Component Solder Dry/Dry Solder (11).jpg,1280,720,7.5,1,,
categories,categories/Component Solder Dry/Dry Solder (2).jpg,1280,720,15.0,1,,
categories,categories/Component Solder Dry/Dry Solder (3).jpg,1280,720,30.0,1,,
categories,categories/Component Solder Dry/Dry Solder (4).jpg,1280,720,11.0,1,,
categories,categories/Component Solder Dry/Dry Solder (5).jpg,1280,720,11.0,1,,
categories,categories/Component Solder Dry/Dry Solder (6).jpg,1280,720,9.0,1,,
categories,categories/Component Solder Dry/Dry Solder (7).jpg,1280,720,8.0,1,,
categories,categories/Component Solder Dry/Dry Solder (8).jpg,1280,720,11.0,1,,
categories,categories/Component Solder Dry/Dry Solder ..jpg,1280,720,15.0,1,,
categories,categories/Component Solder Dry/Dry Solder.jpg,1280,720,10.0,1,,
categories,categories/Component Solder Dry/J1 CONNECTOR DRY SOLDER (6).jpg,1280,720,25.0,1,,
categories,categories/Component Solder Dry/J1 CONNECTOR DRY SOLDER.jpg,1280,720,14.0,1,,
categories,categories/Component Solder Dry/J1 Connector dry solder (4) (1).jpg,1280,720,18.0,1,,
categories,categories/Component Solder Dry/J1 DRY SOLDER.jpg,1280,720,18.0,1,,
categories,categories/Component Solder Dry/J1 Dry Solder (3).jpg,1280,720,20.0,1,,
categories,categories/Component Solder Dry/J1 connector dry soldder.jpg,1280,720,18.0,1,,
categories,categories/Component Solder Dry/J1 connector dry solder (1).jpg,1280,720,20.0,1,,
categories,categories/Component Solder Dry/J1 connector dry solder (2) (1).jpg,1280,720,18.0,1,,
categories,categories/Component Solder Dry/J1 connector dry solder (2).jpg,1280,720,20.0,1,,
categories,categories/Component Solder Dry/J1 connector dry solder (3) (1).jpg,1280,720,20.0,1,,
categories,categories/Component Solder Dry/J1 connector dry solder (3).jpg,1280,720,18.0,1,,
categories,categories/Component Solder Dry/J1 connector dry solder (4).jpg,1280,720,16.0,1,,
categories,categories/Component Solder Dry/J1 connector dry solder (5).jpg,1280,720,25.0,1,,
categories,categories/Component Solder Dry/J1 connector pin dry solder.jpg,1280,720,30.0,1,,
categories,categories/Component Solder Dry/J1 dry solder (2).jpg,1280,720,20.0,1,,
categories,categories/Component Solder Dry/J1 dry.jpg,1280,720,20.0,1,,
categories,categories/Component Solder Dry/J2 Connector dry (2).jpg,1280,720,30.0,1,,
categories,categories/Component Solder Dry/J2 connector dry (1).jpg,1280,720,25.0,1,,
categories,categories/Component Solder Dry/J2 connector dry solder.jpg,1280,720,25.0,1,,
categories,categories/Component Solder Dry/J2 connector dry.jpg,1280,720,25.0,1,,
categories,categories/Component Solder Dry/J2 connector pin dry solder.jpg,1280,720,20.0,1,,
categories,categories/Component Solder Dry/J2 dry solder (2).jpg,1280,720,35.0,1,,
categories,categories/Component Solder Dry/J2 dry solder.jpg,1280,720,25.0,1,,
categories,categories/Component Solder Dry/J2 dry.jpg,1280,720,20.0,1,,
categories,categories/Component Solder Dry/J4 connector no solder (2).jpg,1280,720,25.0,1,,
categories,categories/Component Solder Dry/J4 dry solder.jpg,1280,720,25.0,1,,
categories,categories/Component Solder Dry/J7 DRY.jpg,1280,720,20.0,1,,
categories,categories/Component Solder Dry/J7 component dry solder.jpg,1280,720,20.0,1,,
categories,categories/Component Solder Dry/J7 componet dry solder.jpg,1280,720,18.0,1,,
categories,categories/Component Solder Dry/J7 connector dry solder (1).jpg,1280,720,18.0,1,,
categories,categories/Component Solder Dry/J7 connector dry solder (2).jpg,1280,720,14.0,1,,
categories,categories/Component Solder Dry/J7 connector dry solder (3).jpg,1280,720,15.0,1,,
categories,categories/Component Solder Dry/J7 connector dry solder (4).jpg,1280,720,12.0,1,,
categories,categories/Component Solder Dry/J7 connector dry solder.jpg,1280,720,14.0,1,,
categories,categories/Component Solder Dry/J7 dry solder.jpg,1280,720,20.0,1,,
categories,categories/Component Solder Dry/Q2 dry solder.jpg,1280,720,12.0,1,,
categories,categories/Component Solder Dry/R1 component dry solder (1).jpg,1280,720,14.0,1,,
categories,categories/Component Solder Dry/R1 component dry solder.jpg,1280,720,14.0,1,,
categories,categories/Component Solder Dry/R1 dry solder (2).jpg,1280,720,25.0,1,,
categories,categories/Component Solder Dry/R1 dry solder.jpg,1280,720,25.0,1,,
categories,categories/Component Solder Dry/R2 DRY SOLDER (2).jpg,1280,720,11.0,1,,
categories,categories/Component Solder Dry/R2 component dry solder (1).jpg,1280,720,15.0,1,,
categories,categories/Component Solder Dry/R2 component dry solder (2) (1).jpg,1280,720,14.0,1,,
categories,categories/Component Solder Dry/R2 component dry solder (2).jpg,1280,720,15.0,1,,
categories,categories/Component Solder Dry/R2 component dry solder.jpg,1280,720,14.0,1,,
categories,categories/Component Solder Dry/R2 dry solder.jpg,1280,720,13.0,1,,
categories,categories/Component Solder Dry/R2 dry.jpg,1280,720,11.0,1,,
categories,categories/Component Solder Dry/R3 COMPONENT DRY.jpg,1280,720,10.0,1,,
categories,categories/Component Solder Dry/R3 dry.jpg,1280,720,14.0,1,,
categories,categories/Component Solder Dry/R41  dry solder.jpg,1280,720,12.0,1,,
categories,categories/Component Solder Dry/R8 DRY solder.jpg,1280,720,20.0,1,,
categories,categories/Component Solder Dry/R8 component dry solder.jpg,1280,720,14.0,1,,
categories,categories/Component Solder Dry/RED WIRE DRY.jpg,1280,720,20.0,1,,
categories,categories/Component Solder Dry/RV1 Dry Solder.jpg,1280,720,35.0,1,,
categories,categories/Component Solder Dry/RV1 lead dry solder.jpg,1280,720,15.0,1,,
categories,categories/Component Solder Dry/RYB Wire Dry Solder.jpg,1280,720,35.0,1,,
categories,categories/Component Solder Dry/Solde Dry.jpg,1280,720,30.0,1,,
categories,categories/Component Solder Dry/Solder Dry (2).jpg,1280,720,12.0,1,,
categories,categories/Component Solder Dry/Solder Dry (3).jpg,1280,720,13.0,1,,
categories,categories/Component Solder Dry/Solder Dry (4).jpg,1280,720,25.0,1,,
categories,categories/Component Solder Dry/Solder Dry (5).jpg,1280,720,16.0,1,,
categories,categories/Component Solder Dry/Solder Dry.jpg,1280,720,35.0,1,,
categories,categories/Component Solder Dry/U1 IC lead dry.jpg,1280,720,9.0,1,,
categories,categories/Component Solder Dry/U3 Display pin dry solder (2) (1).jpg,1280,720,25.0,1,,
categories,categories/Component Solder Dry/U3 Display pin dry solder (2).jpg,1280,720,25.0,1,,
categories,categories/Component Solder Dry/U3 display lead dry solder.jpg,1280,720,9.5,1,,
categories,categories/Component Solder Dry/U5 dry solder.jpg,1280,720,20.0,1,,
categories,categories/Component Solder Dry/U6 SENSOR DRY SOLDER.jpg,1280,720,13.0,1,,
categories,categories/Component Solder Dry/U6 dry solder.jpg,1280,720,7.0,1,,
categories,categories/Component Solder Dry/U6 sensor dry solder (2).jpg,1280,720,16.0,1,,
categories,categories/Component Solder Dry/U6 sensor dry.jpg,1280,720,12.0,1,,
categories,categories/Component Solder Dry/dry solder3.jpg,1280,720,16.0,1,,
categories,categories/Component Solder Dry/f1 dry.jpg,1280,720,12.0,1,,
categories,categories/Component Solder Dry/j2 DRY SOLDER & SOLDER SHORT.jpg,1280,720,25.0,1,,
categories,categories/Component Solder Dry/j7 dry solder (2).jpg,1280,720,16.0,1,,
OK PHOTOS_MERGED,OK PHOTOS_MERGED/20260127081757.035_h14v7.875mm.jpg,1280,720,14.0,1,14.0,7.875
OK PHOTOS_MERGED,OK PHOTOS_MERGED/20260127081803.565_h13v7.312mm.jpg,1280,720,13.0,1,13.0,7.312
OK PHOTOS_MERGED,OK PHOTOS_MERGED/20260127082923.902_h30v16.875mm.jpg,1280,720,30.0,1,30.0,16.875
OK PHOTOS_MERGED,OK PHOTOS_MERGED/20260127082927.382_h30v16.875mm.jpg,1280,720,30.0,1,30.0,16.875
OK PHOTOS_MERGED,OK PHOTOS_MERGED/20260127083105.007_h30v16.875mm.jpg,1280,720,30.0,1,30.0,16.875
OK PHOTOS_MERGED,OK PHOTOS_MERGED/20260127083510.013_h40v22.5mm.jpg,1280,720,40.0,1,40.0,22.5
OK PHOTOS_MERGED,OK PHOTOS_MERGED/20260127083524.445_h40v22.5mm.jpg,1280,720,40.0,1,40.0,22.5
OK PHOTOS_MERGED,OK PHOTOS_MERGED/20260127110021.311_h40v22.5mm.jpg,1280,720,40.0,1,40.0,22.5
OK PHOTOS_MERGED,OK PHOTOS_MERGED/20260127110046.813_h40v22.5mm.jpg,1280,720,40.0,1,40.0,22.5
OK PHOTOS_MERGED,OK PHOTOS_MERGED/20260128074354.060_h25v14.062mm.jpg,1280,720,25.0,1,25.0,14.062
OK PHOTOS_MERGED,OK PHOTOS_MERGED/20260128074645.106_h35v19.688mm.jpg,1280,720,35.0,1,35.0,19.688
OK PHOTOS_MERGED,OK PHOTOS_MERGED/20260128074711.001_h30v16.875mm.jpg,1280,720,30.0,1,30.0,16.875
OK PHOTOS_MERGED,OK PHOTOS_MERGED/20260128074930.292_h30v16.875mm.jpg,1280,720,30.0,1,30.0,16.875
OK PHOTOS_MERGED,OK PHOTOS_MERGED/20260129075739.888_h18v10.125mm.jpg,1280,720,18.0,1,18.0,10.125
OK PHOTOS_MERGED,OK PHOTOS_MERGED/20260129075748.613_h18v10.125mm.jpg,1280,720,18.0,1,18.0,10.125
OK PHOTOS_MERGED,OK PHOTOS_MERGED/20260129075756.470_h18v10.125mm.jpg,1280,720,18.0,1,18.0,10.125
OK PHOTOS_MERGED,OK PHOTOS_MERGED/20260129075817.869_h18v10.125mm.jpg,1280,720,18.0,1,18.0,10.125
OK PHOTOS_MERGED,OK PHOTOS_MERGED/20260129080016.960_h15v8.438mm.jpg,1280,720,15.0,1,15.0,8.438
OK PHOTOS_MERGED,OK PHOTOS_MERGED/20260129080043.393_h18v10.125mm.jpg,1280,720,18.0,1,18.0,10.125
OK PHOTOS_MERGED,OK PHOTOS_MERGED/20260129080128.257_h20v11.25mm.jpg,1280,720,20.0,1,20.0,11.25
OK PHOTOS_MERGED,OK PHOTOS_MERGED/20260129080200.342_h18v10.125mm.jpg,1280,720,18.0,1,18.0,10.125
OK PHOTOS_MERGED,OK PHOTOS_MERGED/20260129080228.571_h18v10.125mm.jpg,1280,720,18.0,1,18.0,10.125
OK PHOTOS_MERGED,OK PHOTOS_MERGED/20260129080244.920_h18v10.125mm.jpg,1280,720,18.0,1,18.0,10.125
OK PHOTOS_MERGED,OK PHOTOS_MERGED/20260129080404.822_h25v14.062mm.jpg,1280,720,25.0,1,25.0,14.062
OK PHOTOS_MERGED,OK PHOTOS_MERGED/20260129080517.349_h15v8.438mm.jpg,1280,720,15.0,1,15.0,8.438
OK PHOTOS_MERGED,OK PHOTOS_MERGED/20260129080616.332_h18v10.125mm.jpg,1280,720,18.0,1,18.0,10.125
OK PHOTOS_MERGED,OK PHOTOS_MERGED/20260129080617.720_h18v10.125mm.jpg,1280,720,18.0,1,18.0,10.125
OK PHOTOS_MERGED,OK PHOTOS_MERGED/20260129134136.616_h13v7.312mm.jpg,1280,720,13.0,1,13.0,7.312
OK PHOTOS_MERGED,OK PHOTOS_MERGED/20260129134138.796_h13v7.312mm.jpg,1280,720,13.0,1,13.0,7.312
OK PHOTOS_MERGED,OK PHOTOS_MERGED/20260129134152.084_h13v7.312mm.jpg,1280,720,13.0,1,13.0,7.312
OK PHOTOS_MERGED,OK PHOTOS_MERGED/20260130082027.753_h30v16.875mm.jpg,1280,720,30.0,1,30.0,16.875
OK PHOTOS_MERGED,OK PHOTOS_MERGED/20260130082141.688_h25v14.062mm.jpg,1280,720,25.0,1,25.0,14.062
OK PHOTOS_MERGED,OK PHOTOS_MERGED/20260130082143.437_h25v14.062mm.jpg,1280,720,25.0,1,25.0,14.062
OK PHOTOS_MERGED,OK PHOTOS_MERGED/20260130082218.254_h16v9mm.jpg,1280,720,16.0,1,16.0,9.0
OK PHOTOS_MERGED,OK PHOTOS_MERGED/20260130082220.005_h16v9mm.jpg,1280,720,16.0,1,16.0,9.0
OK PHOTOS_MERGED,OK PHOTOS_MERGED/20260130082330.641_h25v14.062mm.jpg,1280,720,25.0,1,25.0,14.062
OK PHOTOS_MERGED,OK PHOTOS_MERGED/20260130082357.166_h30v16.875mm.jpg,1280,720,30.0,1,30.0,16.875
OK PHOTOS_MERGED,OK PHOTOS_MERGED/20260130082447.532_h30v16.875mm.jpg,1280,720,30.0,1,30.0,16.875
OK PHOTOS_MERGED,OK PHOTOS_MERGED/20260130082520.822_h25v14.062mm.jpg,1280,720,25.0,1,25.0,14.062
OK PHOTOS_MERGED,OK PHOTOS_MERGED/20260130082551.772_h30v16.875mm.jpg,1280,720,30.0,1,30.0,16.875
OK PHOTOS_MERGED,OK PHOTOS_MERGED/20260130082610.205_h25v14.062mm.jpg,1280,720,25.0,1,25.0,14.062
OK PHOTOS_MERGED,OK PHOTOS_MERGED/20260130082615.689_h30v16.875mm.jpg,1280,720,30.0,1,30.0,16.875
OK PHOTOS_MERGED,OK PHOTOS_MERGED/20260131082258.305_h40v22.5mm.jpg,1280,720,40.0,1,40.0,22.5
OK PHOTOS_MERGED,OK PHOTOS_MERGED/20260131082328.969_h40v22.5mm.jpg,1280,720,40.0,1,40.0,22.5
OK PHOTOS_MERGED,OK PHOTOS_MERGED/20260131082336.930_h40v22.5mm.jpg,1280,720,40.0,1,40.0,22.5
OK PHOTOS_MERGED,OK PHOTOS_MERGED/20260131082442.332_h40v22.5mm.jpg,1280,720,40.0,1,40.0,22.5
OK PHOTOS_MERGED,OK PHOTOS_MERGED/20260131082453.361_h40v22.5mm.jpg,1280,720,40.0,1,40.0,22.5
OK PHOTOS_MERGED,OK PHOTOS_MERGED/20260131082536.110_h35v19.688mm.jpg,1280,720,35.0,1,35.0,19.688
OK PHOTOS_MERGED,OK PHOTOS_MERGED/20260131082613.657_h35v19.688mm.jpg,1280,720,35.0,1,35.0,19.688
OK PHOTOS_MERGED,OK PHOTOS_MERGED/20260131082714.783_h40v22.5mm.jpg,1280,720,40.0,1,40.0,22.5
OK PHOTOS_MERGED,OK PHOTOS_MERGED/20260131082716.741_h40v22.5mm.jpg,1280,720,40.0,1,40.0,22.5
OK PHOTOS_MERGED,OK PHOTOS_MERGED/20260131082735.326_h40v22.5mm.jpg,1280,720,40.0,1,40.0,22.5
OK PHOTOS_MERGED,OK PHOTOS_MERGED/20260131082958.991_h35v19.688mm.jpg,1280,720,35.0,1,35.0,19.688
OK PHOTOS_MERGED,OK PHOTOS_MERGED/20260131083033.670_h25v14.062mm.jpg,1280,720,25.0,1,25.0,14.062
OK PHOTOS_MERGED,OK PHOTOS_MERGED/20260131083035.942_h25v14.062mm.jpg,1280,720,25.0,1,25.0,14.062
OK PHOTOS_MERGED,OK PHOTOS_MERGED/20260131083223.632_h14v7.875mm.jpg,1280,720,14.0,1,14.0,7.875
OK PHOTOS_MERGED,OK PHOTOS_MERGED/20260131083236.439_h14v7.875mm.jpg,1280,720,14.0,1,14.0,7.875
OK PHOTOS_MERGED,OK PHOTOS_MERGED/20260131083306.888_h11v6.188mm.jpg,1280,720,11.0,1,11.0,6.188
OK PHOTOS_MERGED,OK PHOTOS_MERGED/20260131083326.369_h11v6.188mm.jpg,1280,720,11.0,1,11.0,6.188
OK PHOTOS_MERGED,OK PHOTOS_MERGED/20260202082624.689_h30v16.875mm.jpg,1280,720,30.0,1,30.0,16.875
OK PHOTOS_MERGED,OK PHOTOS_MERGED/20260202082630.727_h30v16.875mm.jpg,1280,720,30.0,1,30.0,16.875
OK PHOTOS_MERGED,OK PHOTOS_MERGED/20260202083037.376_h25v14.062mm.jpg,1280,720,25.0,1,25.0,14.062
OK PHOTOS_MERGED,OK PHOTOS_MERGED/20260202083100.110_h25v14.062mm.jpg,1280,720,25.0,1,25.0,14.062
OK PHOTOS_MERGED,OK PHOTOS_MERGED/20260202083229.702_h35v19.688mm.jpg,1280,720,35.0,1,35.0,19.688
OK PHOTOS_MERGED,OK PHOTOS_MERGED/20260202083255.906_h30v16.875mm.jpg,1280,720,30.0,1,30.0,16.875
OK PHOTOS_MERGED,OK PHOTOS_MERGED/20260202083722.123_h9v5.062mm.jpg,1280,720,9.0,1,9.0,5.062
OK PHOTOS_MERGED,OK PHOTOS_MERGED/20260202083729.175_h9v5.062mm.jpg,1280,720,9.0,1,9.0,5.062
OK PHOTOS_MERGED,OK PHOTOS_MERGED/20260202083817.089_h20v11.25mm.jpg,1280,720,20.0,1,20.0,11.25
OK PHOTOS_MERGED,OK PHOTOS_MERGED/20260202083837.939_h25v14.062mm.jpg,1280,720,25.0,1,25.0,14.062
OK PHOTOS_MERGED,OK PHOTOS_MERGED/20260202083906.460_h35v19.688mm.jpg,1280,720,35.0,1,35.0,19.688
OK PHOTOS_MERGED,OK PHOTOS_MERGED/20260202083931.846_h35v19.688mm.jpg,1280,720,35.0,1,35.0,19.688
OK PHOTOS_MERGED,OK PHOTOS_MERGED/20260202083932.689_h35v19.688mm.jpg,1280,720,35.0,1,35.0,19.688
OK PHOTOS_MERGED,OK PHOTOS_MERGED/20260202083956.691_h35v19.688mm.jpg,1280,720,35.0,1,35.0,19.688
OK PHOTOS_MERGED,OK PHOTOS_MERGED/20260202084023.806_h35v19.688mm.jpg,1280,720,35.0,1,35.0,19.688
OK PHOTOS_MERGED,OK PHOTOS_MERGED/20260202084024.887_h35v19.688mm.jpg,1280,720,35.0,1,35.0,19.688
OK PHOTOS_MERGED,OK PHOTOS_MERGED/20260202084059.357_h35v19.688mm.jpg,1280,720,35.0,1,35.0,19.688
OK PHOTOS_MERGED,OK PHOTOS_MERGED/20260202084236.262_h25v14.062mm.jpg,1280,720,25.0,1,25.0,14.062
OK PHOTOS_MERGED,OK PHOTOS_MERGED/20260202084637.573_h35v19.688mm.jpg,1280,720,35.0,1,35.0,19.688
OK PHOTOS_MERGED,OK PHOTOS_MERGED/20260202084738.672_h30v16.875mm.jpg,1280,720,30.0,1,30.0,16.875
OK PHOTOS_MERGED,OK PHOTOS_MERGED/20260202084739.303_h30v16.875mm.jpg,1280,720,30.0,1,30.0,16.875
OK PHOTOS_MERGED,OK PHOTOS_MERGED/20260203084336.121_h30v16.875mm.jpg,1280,720,30.0,1,30.0,16.875
OK PHOTOS_MERGED,OK PHOTOS_MERGED/20260203085014.109_h25v14.062mm.jpg,1280,720,25.0,1,25.0,14.062
OK PHOTOS_MERGED,OK PHOTOS_MERGED/20260203085030.252_h20v11.25mm.jpg,1280,720,20.0,1,20.0,11.25
OK PHOTOS_MERGED,OK PHOTOS_MERGED/20260203085058.969_h25v14.062mm.jpg,1280,720,25.0,1,25.0,14.062
OK PHOTOS_MERGED,OK PHOTOS_MERGED/20260203085100.438_h25v14.062mm.jpg,1280,720,25.0,1,25.0,14.062
OK PHOTOS_MERGED,OK PHOTOS_MERGED/20260203085340.438_h20v11.25mm.jpg,1280,720,20.0,1,20.0,11.25
OK PHOTOS_MERGED,OK PHOTOS_MERGED/20260203085345.787_h20v11.25mm.jpg,1280,720,20.0,1,20.0,11.25
OK PHOTOS_MERGED,OK PHOTOS_MERGED/20260203085559.653_h11v6.188mm.jpg,1280,720,11.0,1,11.0,6.188
OK PHOTOS_MERGED,OK PHOTOS_MERGED/20260203085609.471_h12v6.75mm.jpg,1280,720,12.0,1,12.0,6.75
OK PHOTOS_MERGED,OK PHOTOS_MERGED/20260203085617.537_h12v6.75mm.jpg,1280,720,12.0,1,12.0,6.75
OK PHOTOS_MERGED,OK PHOTOS_MERGED/20260203085748.120_h7.5v4.219mm.jpg,1280,720,7.5,1,7.5,4.219
OK PHOTOS_MERGED,OK PHOTOS_MERGED/20260203085853.472_h7.5v4.219mm.jpg,1280,720,7.5,1,7.5,4.219
OK PHOTOS_MERGED,OK PHOTOS_MERGED/20260203090015.254_h30v16.875mm.jpg,1280,720,30.0,1,30.0,16.875
OK PHOTOS_MERGED,OK PHOTOS_MERGED/20260203090023.103_h25v14.062mm.jpg,1280,720,25.0,1,25.0,14.062
OK PHOTOS_MERGED,OK PHOTOS_MERGED/20260203090056.203_h20v11.25mm.jpg,1280,720,20.0,1,20.0,11.25
OK PHOTOS_MERGED,OK PHOTOS_MERGED/20260203090103.784_h20v11.25mm.jpg,1280,720,20.0,1,20.0,11.25
OK PHOTOS_MERGED,OK PHOTOS_MERGED/20260203090158.320_h20v11.25mm.jpg,1280,720,20.0,1,20.0,11.25
OK PHOTOS_MERGED,OK PHOTOS_MERGED/20260203090159.238_h20v11.25mm.jpg,1280,720,20.0,1,20.0,11.25
OK PHOTOS_MERGED,OK PHOTOS_MERGED/20260203090336.901_h25v14.062mm.jpg,1280,720,25.0,1,25.0,14.062
OK PHOTOS_MERGED,OK PHOTOS_MERGED/20260203090340.634_h25v14.062mm.jpg,1280,720,25.0,1,25.0,14.062
OK PHOTOS_MERGED,OK PHOTOS_MERGED/20260203090427.301_h25v14.062mm.jpg,1280,720,25.0,1,25.0,14.062
OK PHOTOS_MERGED,OK PHOTOS_MERGED/20260203090442.986_h25v14.062mm.jpg,1280,720,25.0,1,25.0,14.062
OK PHOTOS_MERGED,OK PHOTOS_MERGED/20260203090512.046_h25v14.062mm.jpg,1280,720,25.0,1,25.0,14.062
OK PHOTOS_MERGED,OK PHOTOS_MERGED/20260203090547.600_h18v10.125mm.jpg,1280,720,18.0,1,18.0,10.125
OK PHOTOS_MERGED,OK PHOTOS_MERGED/20260203090613.132_h18v10.125mm.jpg,1280,720,18.0,1,18.0,10.125
OK PHOTOS_MERGED,OK PHOTOS_MERGED/20260203090813.517_h25v14.062mm.jpg,1280,720,25.0,1,25.0,14.062
OK PHOTOS_MERGED,OK PHOTOS_MERGED/20260203091013.664_h20v11.25mm.jpg,1280,720,20.0,1,20.0,11.25
OK PHOTOS_MERGED,OK PHOTOS_MERGED/20260203091113.418_h18v10.125mm.jpg,1280,720,18.0,1,18.0,10.125
OK PHOTOS_MERGED,OK PHOTOS_MERGED/20260203091130.788_h15v8.438mm.jpg,1280,720,15.0,1,15.0,8.438
OK PHOTOS_MERGED,OK PHOTOS_MERGED/20260203091333.972_h25v14.062mm.jpg,1280,720,25.0,1,25.0,14.062
OK PHOTOS_MERGED,OK PHOTOS_MERGED/20260203091347.222_h25v14.062mm.jpg,1280,720,25.0,1,25.0,14.062
OK PHOTOS_MERGED,OK PHOTOS_MERGED/20260203091531.147_h16v9mm.jpg,1280,720,16.0,1,16.0,9.0
OK PHOTOS_MERGED,OK PHOTOS_MERGED/20260203091535.371_h16v9mm.jpg,1280,720,16.0,1,16.0,9.0
OK PHOTOS_MERGED,OK PHOTOS_MERGED/20260203091624.575_h40v22.5mm.jpg,1280,720,40.0,1,40.0,22.5
OK PHOTOS_MERGED,OK PHOTOS_MERGED/20260203091647.054_h40v22.5mm.jpg,1280,720,40.0,1,40.0,22.5
OK PHOTOS_MERGED,OK PHOTOS_MERGED/20260204081249.368_h25v14.062mm.jpg,1280,720,25.0,1,25.0,14.062
OK PHOTOS_MERGED,OK PHOTOS_MERGED/20260204081310.588_h25v14.062mm.jpg,1280,720,25.0,1,25.0,14.062
OK PHOTOS_MERGED,OK PHOTOS_MERGED/20260204081314.575_h25v14.062mm.jpg,1280,720,25.0,1,25.0,14.062
OK PHOTOS_MERGED,OK PHOTOS_MERGED/20260204081406.280_h25v14.062mm.jpg,1280,720,25.0,1,25.0,14.062
OK PHOTOS_MERGED,OK PHOTOS_MERGED/20260204081442.327_h25v14.062mm.jpg,1280,720,25.0,1,25.0,14.062
OK PHOTOS_MERGED,OK PHOTOS_MERGED/20260204081448.876_h25v14.062mm.jpg,1280,720,25.0,1,25.0,14.062
OK PHOTOS_MERGED,OK PHOTOS_MERGED/20260204081607.117_h20v11.25mm.jpg,1280,720,20.0,1,20.0,11.25
OK PHOTOS_MERGED,OK PHOTOS_MERGED/20260204081609.023_h20v11.25mm.jpg,1280,720,20.0,1,20.0,11.25
OK PHOTOS_MERGED,OK PHOTOS_MERGED/20260204081636.025_h30v16.875mm.jpg,1280,720,30.0,1,30.0,16.875
OK PHOTOS_MERGED,OK PHOTOS_MERGED/20260204081715.327_h25v14.062mm.jpg,1280,720,25.0,1,25.0,14.062
OK PHOTOS_MERGED,OK PHOTOS_MERGED/20260204081717.397_h25v14.062mm.jpg,1280,720,25.0,1,25.0,14.062
OK PHOTOS_MERGED,OK PHOTOS_MERGED/20260204081822.425_h25v14.062mm.jpg,1280,720,25.0,1,25.0,14.062
OK PHOTOS_MERGED,OK PHOTOS_MERGED/20260204081826.759_h25v14.062mm.jpg,1280,720,25.0,1,25.0,14.062
OK PHOTOS_MERGED,OK PHOTOS_MERGED/20260205092215.347_h2v1.125mm.jpg,1280,720,2.0,1,2.0,1.125
OK PHOTOS_MERGED,OK PHOTOS_MERGED/20260205092234.511_h1.9v1.069mm.jpg,1280,720,1.9,1,1.9,1.069
OK PHOTOS_MERGED,OK PHOTOS_MERGED/20260205092358.966_h1.9v1.069mm.jpg,1280,720,1.9,1,1.9,1.069
OK PHOTOS_MERGED,OK PHOTOS_MERGED/20260205092401.147_h1.9v1.069mm.jpg,1280,720,1.9,1,1.9,1.069
OK PHOTOS_MERGED,OK PHOTOS_MERGED/20260205092421.845_h1.9v1.069mm.jpg,1280,720,1.9,1,1.9,1.069
OK PHOTOS_MERGED,OK PHOTOS_MERGED/20260205092651.843_h2v1.125mm.jpg,1280,720,2.0,1,2.0,1.125
OK PHOTOS_MERGED,OK PHOTOS_MERGED/20260205092713.259_h2v1.125mm.jpg,1280,720,2.0,1,2.0,1.125
OK PHOTOS_MERGED,OK PHOTOS_MERGED/20260205092945.575_h1.6v0.9mm.jpg,1280,720,1.6,1,1.6,0.9
OK PHOTOS_MERGED,OK PHOTOS_MERGED/20260205093030.276_h1.6v0.9mm.jpg,1280,720,1.6,1,1.6,0.9
OK PHOTOS_MERGED,OK PHOTOS_MERGED/20260205093202.041_h1.6v0.9mm.jpg,1280,720,1.6,1,1.6,0.9
OK PHOTOS_MERGED,OK PHOTOS_MERGED/20260205093209.741_h1.6v0.9mm.jpg,1280,720,1.6,1,1.6,0.9
OK PHOTOS_MERGED,OK PHOTOS_MERGED/20260205093216.107_h1.6v0.9mm.jpg,1280,720,1.6,1,1.6,0.9
OK PHOTOS_MERGED,OK PHOTOS_MERGED/20260205093457.310_h1.9v1.069mm.jpg,1280,720,1.9,1,1.9,1.069
OK PHOTOS_MERGED,OK PHOTOS_MERGED/20260205093510.755_h1.9v1.069mm.jpg,1280,720,1.9,1,1.9,1.069
OK PHOTOS_MERGED,OK PHOTOS_MERGED/20260205093740.516_h1.5v0.844mm.jpg,1280,720,1.5,1,1.5,0.844
OK PHOTOS_MERGED,OK PHOTOS_MERGED/20260205093742.519_h1.5v0.844mm.jpg,1280,720,1.5,1,1.5,0.844
OK PHOTOS_MERGED,OK PHOTOS_MERGED/20260205093802.559_h1.5v0.844mm.jpg,1280,720,1.5,1,1.5,0.844
OK PHOTOS_MERGED,OK PHOTOS_MERGED/20260205094245.831_h1.9v1.069mm.jpg,1280,720,1.9,1,1.9,1.069
OK PHOTOS_MERGED,OK PHOTOS_MERGED/20260205094303.370_h1.9v1.069mm.jpg,1280,720,1.9,1,1.9,1.069
OK PHOTOS_MERGED,OK PHOTOS_MERGED/20260205094516.368_h1.9v1.069mm.jpg,1280,720,1.9,1,1.9,1.069
OK PHOTOS_MERGED,OK PHOTOS_MERGED/20260205094529.091_h1.9v1.069mm.jpg,1280,720,1.9,1,1.9,1.069
OK PHOTOS_MERGED,OK PHOTOS_MERGED/20260205094638.130_h1.6v0.9mm.jpg,1280,720,1.6,1,1.6,0.9
OK PHOTOS_MERGED,OK PHOTOS_MERGED/20260205094705.253_h1.6v0.9mm.jpg,1280,720,1.6,1,1.6,0.9
OK PHOTOS_MERGED,OK PHOTOS_MERGED/20260205094936.117_h1.5v0.844mm.jpg,1280,720,1.5,1,1.5,0.844
OK PHOTOS_MERGED,OK PHOTOS_MERGED/20260205095021.666_h1.5v0.844mm.jpg,1280,720,1.5,1,1.5,0.844
OK PHOTOS_MERGED,OK PHOTOS_MERGED/20260205095037.783_h1.5v0.844mm.jpg,1280,720,1.5,1,1.5,0.844
OK PHOTOS_MERGED,OK PHOTOS_MERGED/20260205095143.383_h1.7v0.956mm.jpg,1280,720,1.7,1,1.7,0.956
OK PHOTOS_MERGED,OK PHOTOS_MERGED/20260205095206.657_h1.6v0.9mm.jpg,1280,720,1.6,1,1.6,0.9
OK PHOTOS_MERGED,OK PHOTOS_MERGED/20260205095207.744_h1.6v0.9mm.jpg,1280,720,1.6,1,1.6,0.9
OK PHOTOS_MERGED,OK PHOTOS_MERGED/20260206091912.804_h25v14.062mm.jpg,1280,720,25.0,1,25.0,14.062
OK PHOTOS_MERGED,OK PHOTOS_MERGED/20260206091918.372_h25v14.062mm.jpg,1280,720,25.0,1,25.0,14.062
OK PHOTOS_MERGED,OK PHOTOS_MERGED/20260206092030.656_h25v14.062mm.jpg,1280,720,25.0,1,25.0,14.062
OK PHOTOS_MERGED,OK PHOTOS_MERGED/20260206092043.156_h25v14.062mm.jpg,1280,720,25.0,1,25.0,14.062
OK PHOTOS_MERGED,OK PHOTOS_MERGED/20260206092248.895_h20v11.25mm.jpg,1280,720,20.0,1,20.0,11.25
OK PHOTOS_MERGED,OK PHOTOS_MERGED/20260206092356.736_h18v10.125mm.jpg,1280,720,18.0,1,18.0,10.125
OK PHOTOS_MERGED,OK PHOTOS_MERGED/20260206092450.805_h16v9mm.jpg,1280,720,16.0,1,16.0,9.0
OK PHOTOS_MERGED,OK PHOTOS_MERGED/20260206092632.384_h20v11.25mm.jpg,1280,720,20.0,1,20.0,11.25
OK PHOTOS_MERGED,OK PHOTOS_MERGED/20260206092638.371_h20v11.25mm.jpg,1280,720,20.0,1,20.0,11.25
OK PHOTOS_MERGED,OK PHOTOS_MERGED/20260206092727.854_h30v16.875mm.jpg,1280,720,30.0,1,30.0,16.875
OK PHOTOS_MERGED,OK PHOTOS_MERGED/20260206092746.824_h35v19.688mm.jpg,1280,720,35.0,1,35.0,19.688
OK PHOTOS_MERGED,OK PHOTOS_MERGED/20260206092757.325_h35v19.688mm.jpg,1280,720,35.0,1,35.0,19.688
OK PHOTOS_MERGED,OK PHOTOS_MERGED/20260206092839.934_h35v19.688mm.jpg,1280,720,35.0,1,35.0,19.688
OK PHOTOS_MERGED,OK PHOTOS_MERGED/20260206092919.804_h35v19.688mm.jpg,1280,720,35.0,1,35.0,19.688
OK PHOTOS_MERGED,OK PHOTOS_MERGED/20260206093056.918_h18v10.125mm.jpg,1280,720,18.0,1,18.0,10.125
OK PHOTOS_MERGED,OK PHOTOS_MERGED/20260206093109.820_h18v10.125mm.jpg,1280,720,18.0,1,18.0,10.125
OK PHOTOS_MERGED,OK PHOTOS_MERGED/20260206093244.567_h20v11.25mm.jpg,1280,720,20.0,1,20.0,11.25
OK PHOTOS_MERGED,OK PHOTOS_MERGED/20260206093258.954_h20v11.25mm.jpg,1280,720,20.0,1,20.0,11.25
OK PHOTOS_MERGED,OK PHOTOS_MERGED/20260206093349.697_h12v6.75mm.jpg,1280,720,12.0,1,12.0,6.75
OK PHOTOS_MERGED,OK PHOTOS_MERGED/20260206093400.101_h12v6.75mm.jpg,1280,720,12.0,1,12.0,6.75
OK PHOTOS_MERGED,OK PHOTOS_MERGED/20260206093524.368_h12v6.75mm.jpg,1280,720,12.0,1,12.0,6.75
OK PHOTOS_MERGED,OK PHOTOS_MERGED/20260206093539.065_h12v6.75mm.jpg,1280,720,12.0,1,12.0,6.75
OK PHOTOS_MERGED,OK PHOTOS_MERGED/20260206093707.080_h20v11.25mm.jpg,1280,720,20.0,1,20.0,11.25
OK PHOTOS_MERGED,OK PHOTOS_MERGED/20260206093717.122_h25v14.062mm.jpg,1280,720,25.0,1,25.0,14.062
OK PHOTOS_MERGED,OK PHOTOS_MERGED/20260206093805.909_h20v11.25mm.jpg,1280,720,20.0,1,20.0,11.25
OK PHOTOS_MERGED,OK PHOTOS_MERGED/20260206093828.934_h25v14.062mm.jpg,1280,720,25.0,1,25.0,14.062
OK PHOTOS_MERGED,OK PHOTOS_MERGED/20260206093947.445_h12v6.75mm.jpg,1280,720,12.0,1,12.0,6.75
OK PHOTOS_MERGED,OK PHOTOS_MERGED/20260206093954.078_h12v6.75mm.jpg,1280,720,12.0,1,12.0,6.75
OK PHOTOS_MERGED,OK PHOTOS_MERGED/20260206094453.666_h13v7.312mm.jpg,1280,720,13.0,1,13.0,7.312
OK PHOTOS_MERGED,OK PHOTOS_MERGED/20260206094503.926_h13v7.312mm.jpg,1280,720,13.0,1,13.0,7.312
OK PHOTOS_MERGED,OK PHOTOS_MERGED/20260206094800.124_h15v8.438mm.jpg,1280,720,15.0,1,15.0,8.438
OK PHOTOS_MERGED,OK PHOTOS_MERGED/20260206094817.591_h16v9mm.jpg,1280,720,16.0,1,16.0,9.0
OK PHOTOS_MERGED,OK PHOTOS_MERGED/20260206094843.875_h18v10.125mm.jpg,1280,720,18.0,1,18.0,10.125
OK PHOTOS_MERGED,OK PHOTOS_MERGED/20260206094844.775_h18v10.125mm.jpg,1280,720,18.0,1,18.0,10.125
OK PHOTOS_MERGED,OK PHOTOS_MERGED/20260207083007.509_h30v16.875mm.jpg,1280,720,30.0,1,30.0,16.875
OK PHOTOS_MERGED,OK PHOTOS_MERGED/20260207083027.337_h30v16.875mm.jpg,1280,720,30.0,1,30.0,16.875
OK PHOTOS_MERGED,OK PHOTOS_MERGED/20260207083131.658_h30v16.875mm.jpg,1280,720,30.0,1,30.0,16.875
OK PHOTOS_MERGED,OK PHOTOS_MERGED/20260207083207.425_h35v19.688mm.jpg,1280,720,35.0,1,35.0,19.688
OK PHOTOS_MERGED,OK PHOTOS_MERGED/20260207083353.524_h8v4.5mm.jpg,1280,720,8.0,1,8.0,4.5
OK PHOTOS_MERGED,OK PHOTOS_MERGED/20260207083416.056_h8v4.5mm.jpg,1280,720,8.0,1,8.0,4.5
OK PHOTOS_MERGED,OK PHOTOS_MERGED/20260207083945.770_h20v11.25mm.jpg,1280,720,20.0,1,20.0,11.25
OK PHOTOS_MERGED,OK PHOTOS_MERGED/20260207084017.276_h20v11.25mm.jpg,1280,720,20.0,1,20.0,11.25
OK PHOTOS_MERGED,OK PHOTOS_MERGED/20260207084201.454_h14v7.875mm.jpg,1280,720,14.0,1,14.0,7.875
OK PHOTOS_MERGED,OK PHOTOS_MERGED/20260207084226.670_h14v7.875mm.jpg,1280,720,14.0,1,14.0,7.875
OK PHOTOS_MERGED,OK PHOTOS_MERGED/20260207084329.871_h9.5v5.344mm.jpg,1280,720,9.5,1,9.5,5.344
OK PHOTOS_MERGED,OK PHOTOS_MERGED/20260207084608.151_h25v14.062mm.jpg,1280,720,25.0,1,25.0,14.062
OK PHOTOS_MERGED,OK PHOTOS_MERGED/20260207084635.838_h25v14.062mm.jpg,1280,720,25.0,1,25.0,14.062
OK PHOTOS_MERGED,OK PHOTOS_MERGED/20260207084735.233_h20v11.25mm.jpg,1280,720,20.0,1,20.0,11.25
OK PHOTOS_MERGED,OK PHOTOS_MERGED/20260207084926.311_h30v16.875mm.jpg,1280,720,30.0,1,30.0,16.875
OK PHOTOS_MERGED,OK PHOTOS_MERGED/20260207085006.720_h30v16.875mm.jpg,1280,720,30.0,1,30.0,16.875
OK PHOTOS_MERGED,OK PHOTOS_MERGED/20260207085348.894_h7v3.938mm.jpg,1280,720,7.0,1,7.0,3.938
OK PHOTOS_MERGED,OK PHOTOS_MERGED/20260207085421.566_h7v3.938mm.jpg,1280,720,7.0,1,7.0,3.938
OK PHOTOS_MERGED,OK PHOTOS_MERGED/20260209082042.106_h35v19.688mm.jpg,1280,720,35.0,1,35.0,19.688
OK PHOTOS_MERGED,OK PHOTOS_MERGED/20260209082055.784_h35v19.688mm.jpg,1280,720,35.0,1,35.0,19.688
OK PHOTOS_MERGED,OK PHOTOS_MERGED/20260209082125.102_h30v16.875mm.jpg,1280,720,30.0,1,30.0,16.875
OK PHOTOS_MERGED,OK PHOTOS_MERGED/20260209082135.502_h30v16.875mm.jpg,1280,720,30.0,1,30.0,16.875
OK PHOTOS_MERGED,OK PHOTOS_MERGED/20260209082427.122_h35v19.688mm.jpg,1280,720,35.0,1,35.0,19.688
OK PHOTOS_MERGED,OK PHOTOS_MERGED/20260209082439.017_h35v19.688mm.jpg,1280,720,35.0,1,35.0,19.688
OK PHOTOS_MERGED,OK PHOTOS_MERGED/20260209082622.623_h18v10.125mm.jpg,1280,720,18.0,1,18.0,10.125
OK PHOTOS_MERGED,OK PHOTOS_MERGED/20260209082633.150_h20v11.25mm.jpg,1280,720,20.0,1,20.0,11.25
OK PHOTOS_MERGED,OK PHOTOS_MERGED/20260209082728.599_h20v11.25mm.jpg,1280,720,20.0,1,20.0,11.25
OK PHOTOS_MERGED,OK PHOTOS_MERGED/20260209082739.782_h20v11.25mm.jpg,1280,720,20.0,1,20.0,11.25
OK PHOTOS_MERGED,OK PHOTOS_MERGED/20260209082903.648_h9.5v5.344mm.jpg,1280,720,9.5,1,9.5,5.344
OK PHOTOS_MERGED,OK PHOTOS_MERGED/20260209082913.802_h9v5.062mm.jpg,1280,720,9.0,1,9.0,5.062
OK PHOTOS_MERGED,OK PHOTOS_MERGED/20260209083111.100_h20v11.25mm.jpg,1280,720,20.0,1,20.0,11.25
OK PHOTOS_MERGED,OK PHOTOS_MERGED/20260209083125.289_h20v11.25mm.jpg,1280,720,20.0,1,20.0,11.25
OK PHOTOS_MERGED,OK PHOTOS_MERGED/20260209083251.343_h20v11.25mm.jpg,1280,720,20.0,1,20.0,11.25
OK PHOTOS_MERGED,OK PHOTOS_MERGED/20260210083133.603_h9v5.062mm.jpg,1280,720,9.0,1,9.0,5.062
OK PHOTOS_MERGED,OK PHOTOS_MERGED/20260210083155.566_h8v4.5mm.jpg,1280,720,8.0,1,8.0,4.5
OK PHOTOS_MERGED,OK PHOTOS_MERGED/20260210083522.588_h16v9mm.jpg,1280,720,16.0,1,16.0,9.0
OK PHOTOS_MERGED,OK PHOTOS_MERGED/20260210083534.612_h16v9mm.jpg,1280,720,16.0,1,16.0,9.0
OK PHOTOS_MERGED,OK PHOTOS_MERGED/20260210083907.675_h12v6.75mm.jpg,1280,720,12.0,1,12.0,6.75
OK PHOTOS_MERGED,OK PHOTOS_MERGED/20260210083920.252_h12v6.75mm.jpg,1280,720,12.0,1,12.0,6.75
OK PHOTOS_MERGED,OK PHOTOS_MERGED/20260210083954.000_h11v6.188mm.jpg,1280,720,11.0,1,11.0,6.188
OK PHOTOS_MERGED,OK PHOTOS_MERGED/20260210083955.468_h11v6.188mm.jpg,1280,720,11.0,1,11.0,6.188
OK PHOTOS_MERGED,OK PHOTOS_MERGED/20260211083651.264_h13v7.312mm.jpg,1280,720,13.0,1,13.0,7.312
OK PHOTOS_MERGED,OK PHOTOS_MERGED/20260211083700.412_h14v7.875mm.jpg,1280,720,14.0,1,14.0,7.875
OK PHOTOS_MERGED,OK PHOTOS_MERGED/20260211083951.714_h20v11.25mm.jpg,1280,720,20.0,1,20.0,11.25
OK PHOTOS_MERGED,OK PHOTOS_MERGED/20260211083953.184_h20v11.25mm.jpg,1280,720,20.0,1,20.0,11.25
OK PHOTOS_MERGED,OK PHOTOS_MERGED/20260211084044.145_h30v16.875mm.jpg,1280,720,30.0,1,30.0,16.875
OK PHOTOS_MERGED,OK PHOTOS_MERGED/20260211084055.095_h30v16.875mm.jpg,1280,720,30.0,1,30.0,16.875
OK PHOTOS_MERGED,OK PHOTOS_MERGED/20260211084142.280_h20v11.25mm.jpg,1280,720,20.0,1,20.0,11.25
OK PHOTOS_MERGED,OK PHOTOS_MERGED/20260211084144.431_h20v11.25mm.jpg,1280,720,20.0,1,20.0,11.25
OK PHOTOS_MERGED,OK PHOTOS_MERGED/20260211084308.814_h18v10.125mm.jpg,1280,720,18.0,1,18.0,10.125
OK PHOTOS_MERGED,OK PHOTOS_MERGED/20260211084339.712_h16v9mm.jpg,1280,720,16.0,1,16.0,9.0
OK PHOTOS_MERGED,OK PHOTOS_MERGED/20260211084459.144_h12v6.75mm.jpg,1280,720,12.0,1,12.0,6.75
OK PHOTOS_MERGED,OK PHOTOS_MERGED/20260211084506.793_h12v6.75mm.jpg,1280,720,12.0,1,12.0,6.75
OK PHOTOS_MERGED,OK PHOTOS_MERGED/20260211084544.400_h9v5.062mm.jpg,1280,720,9.0,1,9.0,5.062
OK PHOTOS_MERGED,OK PHOTOS_MERGED/20260211084553.145_h9v5.062mm.jpg,1280,720,9.0,1,9.0,5.062
OK PHOTOS_MERGED,OK PHOTOS_MERGED/20260211084727.147_h25v14.062mm.jpg,1280,720,25.0,1,25.0,14.062
OK PHOTOS_MERGED,OK PHOTOS_MERGED/20260211084733.209_h25v14.062mm.jpg,1280,720,25.0,1,25.0,14.062
OK PHOTOS_MERGED,OK PHOTOS_MERGED/20260211084805.193_h25v14.062mm.jpg,1280,720,25.0,1,25.0,14.062
OK PHOTOS_MERGED,OK PHOTOS_MERGED/20260211084811.092_h25v14.062mm.jpg,1280,720,25.0,1,25.0,14.062
OK PHOTOS_MERGED,OK PHOTOS_MERGED/20260211084848.275_h25v14.062mm.jpg,1280,720,25.0,1,25.0,14.062
OK PHOTOS_MERGED,OK PHOTOS_MERGED/20260211084849.225_h25v14.062mm.jpg,1280,720,25.0,1,25.0,14.062
OK PHOTOS_MERGED,OK PHOTOS_MERGED/20260212083407.222_h18v10.125mm.jpg,1280,720,18.0,1,18.0,10.125
OK PHOTOS_MERGED,OK PHOTOS_MERGED/20260212083419.918_h18v10.125mm.jpg,1280,720,18.0,1,18.0,10.125
OK PHOTOS_MERGED,OK PHOTOS_MERGED/20260212083511.031_h30v16.875mm.jpg,1280,720,30.0,1,30.0,16.875
OK PHOTOS_MERGED,OK PHOTOS_MERGED/20260212083513.188_h30v16.875mm.jpg,1280,720,30.0,1,30.0,16.875
OK PHOTOS_MERGED,OK PHOTOS_MERGED/20260212083539.052_h25v14.062mm.jpg,1280,720,25.0,1,25.0,14.062
OK PHOTOS_MERGED,OK PHOTOS_MERGED/20260212083554.338_h25v14.062mm.jpg,1280,720,25.0,1,25.0,14.062
OK PHOTOS_MERGED,OK PHOTOS_MERGED/20260212083729.351_h10v5.625mm.jpg,1280,720,10.0,1,10.0,5.625
OK PHOTOS_MERGED,OK PHOTOS_MERGED/20260212083737.802_h9.5v5.344mm.jpg,1280,720,9.5,1,9.5,5.344
OK PHOTOS_MERGED,OK PHOTOS_MERGED/20260212083914.218_h7v3.938mm.jpg,1280,720,7.0,1,7.0,3.938
OK PHOTOS_MERGED,OK PHOTOS_MERGED/20260212084012.134_h7.5v4.219mm.jpg,1280,720,7.5,1,7.5,4.219
OK PHOTOS_MERGED,OK PHOTOS_MERGED/20260212084021.870_h7.5v4.219mm.jpg,1280,720,7.5,1,7.5,4.219
OK PHOTOS_MERGED,OK PHOTOS_MERGED/20260212084125.085_h6.5v3.656mm.jpg,1280,720,6.5,1,6.5,3.656
OK PHOTOS_MERGED,OK PHOTOS_MERGED/20260212084318.893_h15v8.438mm.jpg,1280,720,15.0,1,15.0,8.438
OK PHOTOS_MERGED,OK PHOTOS_MERGED/20260212084329.866_h14v7.875mm.jpg,1280,720,14.0,1,14.0,7.875
OK PHOTOS_MERGED,OK PHOTOS_MERGED/20260212084353.651_h18v10.125mm.jpg,1280,720,18.0,1,18.0,10.125
OK PHOTOS_MERGED,OK PHOTOS_MERGED/20260212084541.750_h8v4.5mm.jpg,1280,720,8.0,1,8.0,4.5
OK PHOTOS_MERGED,OK PHOTOS_MERGED/20260212084545.765_h8v4.5mm.jpg,1280,720,8.0,1,8.0,4.5
OK PHOTOS_MERGED,OK PHOTOS_MERGED/20260213081550.385_h14v7.875mm.jpg,1280,720,14.0,1,14.0,7.875
OK PHOTOS_MERGED,OK PHOTOS_MERGED/20260213081551.779_h14v7.875mm.jpg,1280,720,14.0,1,14.0,7.875
OK PHOTOS_MERGED,OK PHOTOS_MERGED/20260213082246.369_h35v19.688mm.jpg,1280,720,35.0,1,35.0,19.688
OK PHOTOS_MERGED,OK PHOTOS_MERGED/20260213082304.435_h18v10.125mm.jpg,1280,720,18.0,1,18.0,10.125
OK PHOTOS_MERGED,OK PHOTOS_MERGED/20260213082338.789_h30v16.875mm.jpg,1280,720,30.0,1,30.0,16.875
OK PHOTOS_MERGED,OK PHOTOS_MERGED/20260213082353.420_h30v16.875mm.jpg,1280,720,30.0,1,30.0,16.875
OK PHOTOS_MERGED,OK PHOTOS_MERGED/20260213082552.470_h14v7.875mm.jpg,1280,720,14.0,1,14.0,7.875
OK PHOTOS_MERGED,OK PHOTOS_MERGED/20260213082607.370_h14v7.875mm.jpg,1280,720,14.0,1,14.0,7.875
OK PHOTOS_MERGED,OK PHOTOS_MERGED/20260213082718.120_h25v14.062mm.jpg,1280,720,25.0,1,25.0,14.062
OK PHOTOS_MERGED,OK PHOTOS_MERGED/20260213082730.062_h20v11.25mm.jpg,1280,720,20.0,1,20.0,11.25
OK PHOTOS_MERGED,OK PHOTOS_MERGED/20260213082835.442_h40v22.5mm.jpg,1280,720,40.0,1,40.0,22.5
OK PHOTOS_MERGED,OK PHOTOS_MERGED/20260213082853.075_h40v22.5mm.jpg,1280,720,40.0,1,40.0,22.5
OK PHOTOS_MERGED,OK PHOTOS_MERGED/20260213083008.240_h40v22.5mm.jpg,1280,720,40.0,1,40.0,22.5
OK PHOTOS_MERGED,OK PHOTOS_MERGED/20260213083025.512_h40v22.5mm.jpg,1280,720,40.0,1,40.0,22.5
OK PHOTOS_MERGED,OK PHOTOS_MERGED/20260213083138.056_h40v22.5mm.jpg,1280,720,40.0,1,40.0,22.5
OK PHOTOS_MERGED,OK PHOTOS_MERGED/20260214080805.069_h13v7.312mm.jpg,1280,720,13.0,1,13.0,7.312
OK PHOTOS_MERGED,OK PHOTOS_MERGED/20260214080808.920_h13v7.312mm.jpg,1280,720,13.0,1,13.0,7.312
OK PHOTOS_MERGED,OK PHOTOS_MERGED/20260214081006.447_h13v7.312mm.jpg,1280,720,13.0,1,13.0,7.312
OK PHOTOS_MERGED,OK PHOTOS_MERGED/20260214081015.901_h13v7.312mm.jpg,1280,720,13.0,1,13.0,7.312
OK PHOTOS_MERGED,OK PHOTOS_MERGED/20260214081041.639_h16v9mm.jpg,1280,720,16.0,1,16.0,9.0
OK PHOTOS_MERGED,OK PHOTOS_MERGED/20260214081105.619_h18v10.125mm.jpg,1280,720,18.0,1,18.0,10.125
OK PHOTOS_MERGED,OK PHOTOS_MERGED/20260214081134.669_h8.5v4.781mm.jpg,1280,720,8.5,1,8.5,4.781
OK PHOTOS_MERGED,OK PHOTOS_MERGED/20260214081340.301_h14v7.875mm.jpg,1280,720,14.0,1,14.0,7.875
OK PHOTOS_MERGED,OK PHOTOS_MERGED/20260214081407.267_h6.5v3.656mm.jpg,1280,720,6.5,1,6.5,3.656
OK PHOTOS_MERGED,OK PHOTOS_MERGED/20260216083141.353_h11v6.188mm.jpg,1280,720,11.0,1,11.0,6.188
OK PHOTOS_MERGED,OK PHOTOS_MERGED/20260216083142.285_h11v6.188mm.jpg,1280,720,11.0,1,11.0,6.188
OK PHOTOS_MERGED,OK PHOTOS_MERGED/20260216083214.258_h16v9mm.jpg,1280,720,16.0,1,16.0,9.0
OK PHOTOS_MERGED,OK PHOTOS_MERGED/20260216083215.432_h16v9mm.jpg,1280,720,16.0,1,16.0,9.0
OK PHOTOS_MERGED,OK PHOTOS_MERGED/20260216083259.901_h8v4.5mm.jpg,1280,720,8.0,1,8.0,4.5
OK PHOTOS_MERGED,OK PHOTOS_MERGED/20260216083306.118_h8v4.5mm.jpg,1280,720,8.0,1,8.0,4.5
OK PHOTOS_MERGED,OK PHOTOS_MERGED/20260216083338.434_h15v8.438mm.jpg,1280,720,15.0,1,15.0,8.438
OK PHOTOS_MERGED,OK PHOTOS_MERGED/20260216083341.954_h15v8.438mm.jpg,1280,720,15.0,1,15.0,8.438
OK PHOTOS_MERGED,OK PHOTOS_MERGED/20260216083508.400_h20v11.25mm.jpg,1280,720,20.0,1,20.0,11.25
OK PHOTOS_MERGED,OK PHOTOS_MERGED/20260216083541.834_h20v11.25mm.jpg,1280,720,20.0,1,20.0,11.25
OK PHOTOS_MERGED,OK PHOTOS_MERGED/20260217083553.063_h8v4.5mm.jpg,1280,720,8.0,1,8.0,4.5
OK PHOTOS_MERGED,OK PHOTOS_MERGED/20260217083606.845_h8.5v4.781mm.jpg,1280,720,8.5,1,8.5,4.781
OK PHOTOS_MERGED,OK PHOTOS_MERGED/20260217083646.460_h30v16.875mm.jpg,1280,720,30.0,1,30.0,16.875
OK PHOTOS_MERGED,OK PHOTOS_MERGED/20260217083654.260_h30v16.875mm.jpg,1280,720,30.0,1,30.0,16.875
OK PHOTOS_MERGED,OK PHOTOS_MERGED/20260217083755.577_h8.5v4.781mm.jpg,1280,720,8.5,1,8.5,4.781
OK PHOTOS_MERGED,OK PHOTOS_MERGED/20260217083807.277_h8.5v4.781mm.jpg,1280,720,8.5,1,8.5,4.781
OK PHOTOS_MERGED,OK PHOTOS_MERGED/20260217083825.789_h8.5v4.781mm.jpg,1280,720,8.5,1,8.5,4.781
OK PHOTOS_MERGED,OK PHOTOS_MERGED/20260217084015.627_h5.5v3.094mm.jpg,1280,720,5.5,1,5.5,3.094
OK PHOTOS_MERGED,OK PHOTOS_MERGED/20260217084103.308_h5.5v3.094mm.jpg,1280,720,5.5,1,5.5,3.094
OK PHOTOS_MERGED,OK PHOTOS_MERGED/20260217084213.290_h13v7.312mm.jpg,1280,720,13.0,1,13.0,7.312
OK PHOTOS_MERGED,OK PHOTOS_MERGED/20260217084214.707_h13v7.312mm.jpg,1280,720,13.0,1,13.0,7.312
OK PHOTOS_MERGED,OK PHOTOS_MERGED/20260217084300.374_h25v14.062mm.jpg,1280,720,25.0,1,25.0,14.062
OK PHOTOS_MERGED,OK PHOTOS_MERGED/20260217084314.740_h25v14.062mm.jpg,1280,720,25.0,1,25.0,14.062
OK PHOTOS_MERGED,OK PHOTOS_MERGED/20260217084342.889_h15v8.438mm.jpg,1280,720,15.0,1,15.0,8.438
OK PHOTOS_MERGED,OK PHOTOS_MERGED/20260217084353.573_h15v8.438mm.jpg,1280,720,15.0,1,15.0,8.438
OK PHOTOS_MERGED,OK PHOTOS_MERGED/20260217084450.207_h35v19.688mm.jpg,1280,720,35.0,1,35.0,19.688
OK PHOTOS_MERGED,OK PHOTOS_MERGED/20260217084507.490_h35v19.688mm.jpg,1280,720,35.0,1,35.0,19.688
OK PHOTOS_MERGED,OK PHOTOS_MERGED/20260217084603.468_h25v14.062mm.jpg,1280,720,25.0,1,25.0,14.062
OK PHOTOS_MERGED,OK PHOTOS_MERGED/20260217084610.255_h25v14.062mm.jpg,1280,720,25.0,1,25.0,14.062
OK PHOTOS_MERGED,OK PHOTOS_MERGED/20260217084744.056_h13v7.312mm.jpg,1280,720,13.0,1,13.0,7.312
OK PHOTOS_MERGED,OK PHOTOS_MERGED/20260217084748.520_h13v7.312mm.jpg,1280,720,13.0,1,13.0,7.312
OK PHOTOS_MERGED,OK PHOTOS_MERGED/20260218081645.010_h14v7.875mm.jpg,1280,720,14.0,1,14.0,7.875
OK PHOTOS_MERGED,OK PHOTOS_MERGED/20260218081646.672_h14v7.875mm.jpg,1280,720,14.0,1,14.0,7.875
OK PHOTOS_MERGED,OK PHOTOS_MERGED/20260218081756.961_h25v14.062mm.jpg,1280,720,25.0,1,25.0,14.062
OK PHOTOS_MERGED,OK PHOTOS_MERGED/20260218081837.177_h25v14.062mm.jpg,1280,720,25.0,1,25.0,14.062
OK PHOTOS_MERGED,OK PHOTOS_MERGED/20260218081934.696_h13v7.312mm.jpg,1280,720,13.0,1,13.0,7.312
OK PHOTOS_MERGED,OK PHOTOS_MERGED/20260218081945.644_h13v7.312mm.jpg,1280,720,13.0,1,13.0,7.312
OK PHOTOS_MERGED,OK PHOTOS_MERGED/20260218082058.160_h18v10.125mm.jpg,1280,720,18.0,1,18.0,10.125
OK PHOTOS_MERGED,OK PHOTOS_MERGED/20260218082059.561_h18v10.125mm.jpg,1280,720,18.0,1,18.0,10.125
OK PHOTOS_MERGED,OK PHOTOS_MERGED/20260218082145.844_h12v6.75mm.jpg,1280,720,12.0,1,12.0,6.75
OK PHOTOS_MERGED,OK PHOTOS_MERGED/20260218082242.243_h18v10.125mm.jpg,1280,720,18.0,1,18.0,10.125
OK PHOTOS_MERGED,OK PHOTOS_MERGED/20260218082245.893_h18v10.125mm.jpg,1280,720,18.0,1,18.0,10.125
OK PHOTOS_MERGED,OK PHOTOS_MERGED/20260218082314.376_h18v10.125mm.jpg,1280,720,18.0,1,18.0,10.125
OK PHOTOS_MERGED,OK PHOTOS_MERGED/20260218082316.259_h18v10.125mm.jpg,1280,720,18.0,1,18.0,10.125
OK PHOTOS_MERGED,OK PHOTOS_MERGED/20260219083121.599_h12v6.75mm.jpg,1280,720,12.0,1,12.0,6.75
OK PHOTOS_MERGED,OK PHOTOS_MERGED/20260219083154.125_h12v6.75mm.jpg,1280,720,12.0,1,12.0,6.75
OK PHOTOS_MERGED,OK PHOTOS_MERGED/20260219083242.716_h18v10.125mm.jpg,1280,720,18.0,1,18.0,10.125
OK PHOTOS_MERGED,OK PHOTOS_MERGED/20260219083250.549_h18v10.125mm.jpg,1280,720,18.0,1,18.0,10.125
OK PHOTOS_MERGED,OK PHOTOS_MERGED/20260219083438.914_h14v7.875mm.jpg,1280,720,14.0,1,14.0,7.875
OK PHOTOS_MERGED,OK PHOTOS_MERGED/20260219083452.643_h14v7.875mm.jpg,1280,720,14.0,1,14.0,7.875
OK PHOTOS_MERGED,OK PHOTOS_MERGED/20260219083631.461_h12v6.75mm.jpg,1280,720,12.0,1,12.0,6.75
OK PHOTOS_MERGED,OK PHOTOS_MERGED/20260219083640.547_h12v6.75mm.jpg,1280,720,12.0,1,12.0,6.75
OK PHOTOS_MERGED,OK PHOTOS_MERGED/20260219083752.168_h18v10.125mm.jpg,1280,720,18.0,1,18.0,10.125
OK PHOTOS_MERGED,OK PHOTOS_MERGED/20260219083817.740_h16v9mm.jpg,1280,720,16.0,1,16.0,9.0
OK PHOTOS_MERGED,OK PHOTOS_MERGED/20260219083840.513_h30v16.875mm.jpg,1280,720,30.0,1,30.0,16.875
OK PHOTOS_MERGED,OK PHOTOS_MERGED/20260219083928.698_h16v9mm.jpg,1280,720,16.0,1,16.0,9.0
OK PHOTOS_MERGED,OK PHOTOS_MERGED/20260219083937.660_h15v8.438mm.jpg,1280,720,15.0,1,15.0,8.438
OK PHOTOS_MERGED,OK PHOTOS_MERGED/20260219084027.730_h12v6.75mm.jpg,1280,720,12.0,1,12.0,6.75
OK PHOTOS_MERGED,OK PHOTOS_MERGED/20260219084040.003_h14v7.875mm.jpg,1280,720,14.0,1,14.0,7.875
OK PHOTOS_MERGED,OK PHOTOS_MERGED/20260219084124.877_h14v7.875mm.jpg,1280,720,14.0,1,14.0,7.875
OK PHOTOS_MERGED,OK PHOTOS_MERGED/20260219084216.700_h18v10.125mm.jpg,1280,720,18.0,1,18.0,10.125
OK PHOTOS_MERGED,OK PHOTOS_MERGED/20260219084310.215_h18v10.125mm.jpg,1280,720,18.0,1,18.0,10.125
OK PHOTOS_MERGED,OK PHOTOS_MERGED/20260219084318.366_h18v10.125mm.jpg,1280,720,18.0,1,18.0,10.125
OK PHOTOS_MERGED,OK PHOTOS_MERGED/20260219084528.835_h11v6.188mm.jpg,1280,720,11.0,1,11.0,6.188
OK PHOTOS_MERGED,OK PHOTOS_MERGED/20260219084553.909_h6.5v3.656mm.jpg,1280,720,6.5,1,6.5,3.656
OK PHOTOS_MERGED,OK PHOTOS_MERGED/20260219084909.072_h30v16.875mm.jpg,1280,720,30.0,1,30.0,16.875
OK PHOTOS_MERGED,OK PHOTOS_MERGED/20260219085024.022_h30v16.875mm.jpg,1280,720,30.0,1,30.0,16.875
OK PHOTOS_MERGED,OK PHOTOS_MERGED/20260219085046.208_h30v16.875mm.jpg,1280,720,30.0,1,30.0,16.875
OK PHOTOS_MERGED,OK PHOTOS_MERGED/20260219085216.357_h8.5v4.781mm.jpg,1280,720,8.5,1,8.5,4.781
OK PHOTOS_MERGED,OK PHOTOS_MERGED/20260219085222.902_h8.5v4.781mm.jpg,1280,720,8.5,1,8.5,4.781
OK PHOTOS_MERGED,OK PHOTOS_MERGED/20260220082821.841_h20v11.25mm.jpg,1280,720,20.0,1,20.0,11.25
OK PHOTOS_MERGED,OK PHOTOS_MERGED/20260220082834.234_h20v11.25mm.jpg,1280,720,20.0,1,20.0,11.25
OK PHOTOS_MERGED,OK PHOTOS_MERGED/20260220083001.212_h13v7.312mm.jpg,1280,720,13.0,1,13.0,7.312
OK PHOTOS_MERGED,OK PHOTOS_MERGED/20260220083002.163_h13v7.312mm.jpg,1280,720,13.0,1,13.0,7.312
OK PHOTOS_MERGED,OK PHOTOS_MERGED/20260220083244.223_h13v7.312mm.jpg,1280,720,13.0,1,13.0,7.312
OK PHOTOS_MERGED,OK PHOTOS_MERGED/20260220083246.467_h13v7.312mm.jpg,1280,720,13.0,1,13.0,7.312
OK PHOTOS_MERGED,OK PHOTOS_MERGED/20260220083337.576_h30v16.875mm.jpg,1280,720,30.0,1,30.0,16.875
OK PHOTOS_MERGED,OK PHOTOS_MERGED/20260220083556.941_h18v10.125mm.jpg,1280,720,18.0,1,18.0,10.125
OK PHOTOS_MERGED,OK PHOTOS_MERGED/20260220083658.675_h12v6.75mm.jpg,1280,720,12.0,1,12.0,6.75
OK PHOTOS_MERGED,OK PHOTOS_MERGED/20260220083704.594_h11v6.188mm.jpg,1280,720,11.0,1,11.0,6.188
OK PHOTOS_MERGED,OK PHOTOS_MERGED/20260220083936.491_h25v14.062mm.jpg,1280,720,25.0,1,25.0,14.062
OK PHOTOS_MERGED,OK PHOTOS_MERGED/20260220083946.670_h30v16.875mm.jpg,1280,720,30.0,1,30.0,16.875
OK PHOTOS_MERGED,OK PHOTOS_MERGED/20260220084002.525_h25v14.062mm.jpg,1280,720,25.0,1,25.0,14.062
OK PHOTOS_MERGED,OK PHOTOS_MERGED/20260220084257.858_h20v11.25mm.jpg,1280,720,20.0,1,20.0,11.25
OK PHOTOS_MERGED,OK PHOTOS_MERGED/20260220084259.723_h20v11.25mm.jpg,1280,720,20.0,1,20.0,11.25
OK PHOTOS_MERGED,OK PHOTOS_MERGED/20260221081447.812_h10v5.625mm.jpg,1280,720,10.0,1,10.0,5.625
OK PHOTOS_MERGED,OK PHOTOS_MERGED/20260221081454.627_h10v5.625mm.jpg,1280,720,10.0,1,10.0,5.625
OK PHOTOS_MERGED,OK PHOTOS_MERGED/20260221081552.376_h18v10.125mm.jpg,1280,720,18.0,1,18.0,10.125
OK PHOTOS_MERGED,OK PHOTOS_MERGED/20260221081555.223_h18v10.125mm.jpg,1280,720,18.0,1,18.0,10.125
OK PHOTOS_MERGED,OK PHOTOS_MERGED/20260221081634.526_h20v11.25mm.jpg,1280,720,20.0,1,20.0,11.25
OK PHOTOS_MERGED,OK PHOTOS_MERGED/20260221081642.629_h25v14.062mm.jpg,1280,720,25.0,1,25.0,14.062
OK PHOTOS_MERGED,OK PHOTOS_MERGED/20260221081955.361_h16v9mm.jpg,1280,720,16.0,1,16.0,9.0
OK PHOTOS_MERGED,OK PHOTOS_MERGED/20260221082003.473_h16v9mm.jpg,1280,720,16.0,1,16.0,9.0
OK PHOTOS_MERGED,OK PHOTOS_MERGED/20260221082115.141_h16v9mm.jpg,1280,720,16.0,1,16.0,9.0
OK PHOTOS_MERGED,OK PHOTOS_MERGED/20260221082119.989_h16v9mm.jpg,1280,720,16.0,1,16.0,9.0
OK PHOTOS_MERGED,OK PHOTOS_MERGED/20260221082348.222_h15v8.438mm.jpg,1280,720,15.0,1,15.0,8.438
OK PHOTOS_MERGED,OK PHOTOS_MERGED/20260221082359.554_h14v7.875mm.jpg,1280,720,14.0,1,14.0,7.875
OK PHOTOS_MERGED,OK PHOTOS_MERGED/20260221082527.371_h20v11.25mm.jpg,1280,720,20.0,1,20.0,11.25
OK PHOTOS_MERGED,OK PHOTOS_MERGED/20260221082531.603_h18v10.125mm.jpg,1280,720,18.0,1,18.0,10.125
OK PHOTOS_MERGED,OK PHOTOS_MERGED/20260221082723.370_h25v14.062mm.jpg,1280,720,25.0,1,25.0,14.062
OK PHOTOS_MERGED,OK PHOTOS_MERGED/20260221082736.278_h25v14.062mm.jpg,1280,720,25.0,1,25.0,14.062
OK PHOTOS_MERGED,OK PHOTOS_MERGED/20260221083014.775_h13v7.312mm.jpg,1280,720,13.0,1,13.0,7.312
OK PHOTOS_MERGED,OK PHOTOS_MERGED/20260221083023.632_h13v7.312mm.jpg,1280,720,13.0,1,13.0,7.312
OK PHOTOS_MERGED,OK PHOTOS_MERGED/20260224082021.499_h30v16.875mm.jpg,1280,720,30.0,1,30.0,16.875
OK PHOTOS_MERGED,OK PHOTOS_MERGED/20260224082030.887_h30v16.875mm.jpg,1280,720,30.0,1,30.0,16.875
OK PHOTOS_MERGED,OK PHOTOS_MERGED/20260224082129.511_h20v11.25mm.jpg,1280,720,20.0,1,20.0,11.25
OK PHOTOS_MERGED,OK PHOTOS_MERGED/20260224082151.982_h20v11.25mm.jpg,1280,720,20.0,1,20.0,11.25
OK PHOTOS_MERGED,OK PHOTOS_MERGED/20260224082254.949_h5.5v3.094mm.jpg,1280,720,5.5,1,5.5,3.094
OK PHOTOS_MERGED,OK PHOTOS_MERGED/20260224082301.188_h5.5v3.094mm.jpg,1280,720,5.5,1,5.5,3.094
OK PHOTOS_MERGED,OK PHOTOS_MERGED/20260224082934.516_h20v11.25mm.jpg,1280,720,20.0,1,20.0,11.25
OK PHOTOS_MERGED,OK PHOTOS_MERGED/20260224082940.716_h20v11.25mm.jpg,1280,720,20.0,1,20.0,11.25
OK PHOTOS_MERGED,OK PHOTOS_MERGED/20260224083030.951_h20v11.25mm.jpg,1280,720,20.0,1,20.0,11.25
OK PHOTOS_MERGED,OK PHOTOS_MERGED/20260224083038.847_h20v11.25mm.jpg,1280,720,20.0,1,20.0,11.25
OK PHOTOS_MERGED,OK PHOTOS_MERGED/20260224083125.215_h12v6.75mm.jpg,1280,720,12.0,1,12.0,6.75
OK PHOTOS_MERGED,OK PHOTOS_MERGED/20260224083126.349_h12v6.75mm.jpg,1280,720,12.0,1,12.0,6.75
OK PHOTOS_MERGED,OK PHOTOS_MERGED/20260224083226.198_h16v9mm.jpg,1280,720,16.0,1,16.0,9.0
OK PHOTOS_MERGED,OK PHOTOS_MERGED/20260224083247.578_h20v11.25mm.jpg,1280,720,20.0,1,20.0,11.25
OK PHOTOS_MERGED,OK PHOTOS_MERGED/20260225081101.462_h9v5.062mm.jpg,1280,720,9.0,1,9.0,5.062
OK PHOTOS_MERGED,OK PHOTOS_MERGED/20260225081131.859_h9v5.062mm.jpg,1280,720,9.0,1,9.0,5.062
OK PHOTOS_MERGED,OK PHOTOS_MERGED/20260225081136.422_h9v5.062mm.jpg,1280,720,9.0,1,9.0,5.062
OK PHOTOS_MERGED,OK PHOTOS_MERGED/20260225084948.031_h18v10.125mm.jpg,1280,720,18.0,1,18.0,10.125
OK PHOTOS_MERGED,OK PHOTOS_MERGED/20260225084959.794_h18v10.125mm.jpg,1280,720,18.0,1,18.0,10.125
OK PHOTOS_MERGED,OK PHOTOS_MERGED/20260225085451.380_h15v8.438mm.jpg,1280,720,15.0,1,15.0,8.438
OK PHOTOS_MERGED,OK PHOTOS_MERGED/20260225085452.475_h15v8.438mm.jpg,1280,720,15.0,1,15.0,8.438
OK PHOTOS_MERGED,OK PHOTOS_MERGED/20260225085615.404_h15v8.438mm.jpg,1280,720,15.0,1,15.0,8.438
OK PHOTOS_MERGED,OK PHOTOS_MERGED/20260225085615.936_h15v8.438mm.jpg,1280,720,15.0,1,15.0,8.438
OK PHOTOS_MERGED,OK PHOTOS_MERGED/20260225085650.987_h16v9mm.jpg,1280,720,16.0,1,16.0,9.0
OK PHOTOS_MERGED,OK PHOTOS_MERGED/20260225085651.626_h16v9mm.jpg,1280,720,16.0,1,16.0,9.0
OK PHOTOS_MERGED,OK PHOTOS_MERGED/20260225085747.707_h15v8.438mm.jpg,1280,720,15.0,1,15.0,8.438
OK PHOTOS_MERGED,OK PHOTOS_MERGED/20260225085749.291_h15v8.438mm.jpg,1280,720,15.0,1,15.0,8.438
OK PHOTOS_MERGED,OK PHOTOS_MERGED/20260225085855.556_h15v8.438mm.jpg,1280,720,15.0,1,15.0,8.438
OK PHOTOS_MERGED,OK PHOTOS_MERGED/20260225085907.711_h15v8.438mm.jpg,1280,720,15.0,1,15.0,8.438
OK PHOTOS_MERGED,OK PHOTOS_MERGED/20260225090036.146_h12v6.75mm.jpg,1280,720,12.0,1,12.0,6.75
OK PHOTOS_MERGED,OK PHOTOS_MERGED/20260225090040.760_h11v6.188mm.jpg,1280,720,11.0,1,11.0,6.188
OK PHOTOS_MERGED,OK PHOTOS_MERGED/20260225090041.332_h11v6.188mm.jpg,1280,720,11.0,1,11.0,6.188
OK PHOTOS_MERGED,OK PHOTOS_MERGED/20260225090111.721_h20v11.25mm.jpg,1280,720,20.0,1,20.0,11.25
OK PHOTOS_MERGED,OK PHOTOS_MERGED/20260225090126.922_h20v11.25mm.jpg,1280,720,20.0,1,20.0,11.25
OK PHOTOS_MERGED,OK PHOTOS_MERGED/20260225090210.218_h20v11.25mm.jpg,1280,720,20.0,1,20.0,11.25
OK PHOTOS_MERGED,OK PHOTOS_MERGED/20260225090213.452_h20v11.25mm.jpg,1280,720,20.0,1,20.0,11.25
OK PHOTOS_MERGED,OK PHOTOS_MERGED/20260225090256.455_h30v16.875mm.jpg,1280,720,30.0,1,30.0,16.875
OK PHOTOS_MERGED,OK PHOTOS_MERGED/20260225090301.968_h30v16.875mm.jpg,1280,720,30.0,1,30.0,16.875
OK PHOTOS_MERGED,OK PHOTOS_MERGED/20260225090347.922_h11v6.188mm.jpg,1280,720,11.0,1,11.0,6.188
OK PHOTOS_MERGED,OK PHOTOS_MERGED/20260225090348.440_h11v6.188mm.jpg,1280,720,11.0,1,11.0,6.188
OK PHOTOS_MERGED,OK PHOTOS_MERGED/20260225090427.440_h35v19.688mm.jpg,1280,720,35.0,1,35.0,19.688
OK PHOTOS_MERGED,OK PHOTOS_MERGED/20260225090428.057_h35v19.688mm.jpg,1280,720,35.0,1,35.0,19.688
OK PHOTOS_MERGED,OK PHOTOS_MERGED/20260225090549.021_h13v7.312mm.jpg,1280,720,13.0,1,13.0,7.312
OK PHOTOS_MERGED,OK PHOTOS_MERGED/20260225090635.343_h12v6.75mm.jpg,1280,720,12.0,1,12.0,6.75
OK PHOTOS_MERGED,OK PHOTOS_MERGED/20260225090818.628_h11v6.188mm.jpg,1280,720,11.0,1,11.0,6.188
OK PHOTOS_MERGED,OK PHOTOS_MERGED/20260225090825.254_h10v5.625mm.jpg,1280,720,10.0,1,10.0,5.625
OK PHOTOS_MERGED,OK PHOTOS_MERGED/20260227084904.774_h8v4.5mm.jpg,1280,720,8.0,1,8.0,4.5
OK PHOTOS_MERGED,OK PHOTOS_MERGED/20260227084907.807_h8v4.5mm.jpg,1280,720,8.0,1,8.0,4.5
OK PHOTOS_MERGED,OK PHOTOS_MERGED/20260227085001.623_h10v5.625mm.jpg,1280,720,10.0,1,10.0,5.625
OK PHOTOS_MERGED,OK PHOTOS_MERGED/20260227085011.074_h10v5.625mm.jpg,1280,720,10.0,1,10.0,5.625
OK PHOTOS_MERGED,OK PHOTOS_MERGED/20260227085058.608_h13v7.312mm.jpg,1280,720,13.0,1,13.0,7.312
OK PHOTOS_MERGED,OK PHOTOS_MERGED/20260227085101.305_h13v7.312mm.jpg,1280,720,13.0,1,13.0,7.312
OK PHOTOS_MERGED,OK PHOTOS_MERGED/20260227085153.973_h16v9mm.jpg,1280,720,16.0,1,16.0,9.0
OK PHOTOS_MERGED,OK PHOTOS_MERGED/20260227085157.873_h16v9mm.jpg,1280,720,16.0,1,16.0,9.0
OK PHOTOS_MERGED,OK PHOTOS_MERGED/20260227085249.705_h25v14.062mm.jpg,1280,720,25.0,1,25.0,14.062
OK PHOTOS_MERGED,OK PHOTOS_MERGED/20260227085250.326_h25v14.062mm.jpg,1280,720,25.0,1,25.0,14.062
OK PHOTOS_MERGED,OK PHOTOS_MERGED/20260227085345.591_h9.5v5.344mm.jpg,1280,720,9.5,1,9.5,5.344
OK PHOTOS_MERGED,OK PHOTOS_MERGED/20260227085407.155_h18v10.125mm.jpg,1280,720,18.0,1,18.0,10.125
OK PHOTOS_MERGED,OK PHOTOS_MERGED/20260227085535.938_h25v14.062mm.jpg,1280,720,25.0,1,25.0,14.062
OK PHOTOS_MERGED,OK PHOTOS_MERGED/20260227085536.987_h25v14.062mm.jpg,1280,720,25.0,1,25.0,14.062
OK PHOTOS_MERGED,OK PHOTOS_MERGED/20260227085608.752_h30v16.875mm.jpg,1280,720,30.0,1,30.0,16.875
OK PHOTOS_MERGED,OK PHOTOS_MERGED/20260227085609.956_h30v16.875mm.jpg,1280,720,30.0,1,30.0,16.875
OK PHOTOS_MERGED,OK PHOTOS_MERGED/20260228084018.384_h40v22.5mm.jpg,1280,720,40.0,1,40.0,22.5
OK PHOTOS_MERGED,OK PHOTOS_MERGED/20260228084042.001_h40v22.5mm.jpg,1280,720,40.0,1,40.0,22.5
OK PHOTOS_MERGED,OK PHOTOS_MERGED/20260228084154.364_h40v22.5mm.jpg,1280,720,40.0,1,40.0,22.5
OK PHOTOS_MERGED,OK PHOTOS_MERGED/20260228084208.049_h40v22.5mm.jpg,1280,720,40.0,1,40.0,22.5
OK PHOTOS_MERGED,OK PHOTOS_MERGED/20260228084445.053_h5.5v3.094mm.jpg,1280,720,5.5,1,5.5,3.094
OK PHOTOS_MERGED,OK PHOTOS_MERGED/20260228084447.833_h5.5v3.094mm.jpg,1280,720,5.5,1,5.5,3.094
OK PHOTOS_MERGED,OK PHOTOS_MERGED/20260228084658.396_h15v8.438mm.jpg,1280,720,15.0,1,15.0,8.438
OK PHOTOS_MERGED,OK PHOTOS_MERGED/20260228084659.930_h15v8.438mm.jpg,1280,720,15.0,1,15.0,8.438
OK PHOTOS_MERGED,OK PHOTOS_MERGED/20260228084744.631_h15v8.438mm.jpg,1280,720,15.0,1,15.0,8.438
OK PHOTOS_MERGED,OK PHOTOS_MERGED/20260228084745.845_h15v8.438mm.jpg,1280,720,15.0,1,15.0,8.438
OK PHOTOS_MERGED,OK PHOTOS_MERGED/20260228084843.883_h16v9mm.jpg,1280,720,16.0,1,16.0,9.0
OK PHOTOS_MERGED,OK PHOTOS_MERGED/20260228084844.699_h16v9mm.jpg,1280,720,16.0,1,16.0,9.0
OK PHOTOS_MERGED,OK PHOTOS_MERGED/20260228084925.899_h16v9mm.jpg,1280,720,16.0,1,16.0,9.0
OK PHOTOS_MERGED,OK PHOTOS_MERGED/20260228084939.563_h16v9mm.jpg,1280,720,16.0,1,16.0,9.0
OK PHOTOS_MERGED,OK PHOTOS_MERGED/20260228085101.752_h20v11.25mm.jpg,1280,720,20.0,1,20.0,11.25
OK PHOTOS_MERGED,OK PHOTOS_MERGED/20260228085102.200_h20v11.25mm.jpg,1280,720,20.0,1,20.0,11.25
OK PHOTOS_MERGED,OK PHOTOS_MERGED/20260228085143.364_h20v11.25mm.jpg,1280,720,20.0,1,20.0,11.25
OK PHOTOS_MERGED,OK PHOTOS_MERGED/20260228085144.499_h20v11.25mm.jpg,1280,720,20.0,1,20.0,11.25
OK PHOTOS_MERGED,OK PHOTOS_MERGED/20260228085308.949_h25v14.062mm.jpg,1280,720,25.0,1,25.0,14.062
OK PHOTOS_MERGED,OK PHOTOS_MERGED/20260228085351.103_h30v16.875mm.jpg,1280,720,30.0,1,30.0,16.875
OK PHOTOS_MERGED,OK PHOTOS_MERGED/20260228085351.812_h30v16.875mm.jpg,1280,720,30.0,1,30.0,16.875
OK PHOTOS_MERGED,OK PHOTOS_MERGED/20260228085534.097_h9.5v5.344mm.jpg,1280,720,9.5,1,9.5,5.344
OK PHOTOS_MERGED,OK PHOTOS_MERGED/20260228085534.599_h9.5v5.344mm.jpg,1280,720,9.5,1,9.5,5.344
OK PHOTOS_MERGED,OK PHOTOS_MERGED/20260228085622.494_h11v6.188mm.jpg,1280,720,11.0,1,11.0,6.188
OK PHOTOS_MERGED,OK PHOTOS_MERGED/20260228085629.679_h12v6.75mm.jpg,1280,720,12.0,1,12.0,6.75
OK PHOTOS_MERGED,OK PHOTOS_MERGED/20260228085656.896_h12v6.75mm.jpg,1280,720,12.0,1,12.0,6.75
OK PHOTOS_MERGED,OK PHOTOS_MERGED/20260228085657.297_h12v6.75mm.jpg,1280,720,12.0,1,12.0,6.75
OK PHOTOS_MERGED,OK PHOTOS_MERGED/20260228085939.996_h25v14.062mm.jpg,1280,720,25.0,1,25.0,14.062
OK PHOTOS_MERGED,OK PHOTOS_MERGED/20260228085958.395_h30v16.875mm.jpg,1280,720,30.0,1,30.0,16.875
OK PHOTOS_MERGED,OK PHOTOS_MERGED/20260228085958.982_h30v16.875mm.jpg,1280,720,30.0,1,30.0,16.875
OK PHOTOS_MERGED,OK PHOTOS_MERGED/20260306082448.998_h18v10.125mm.jpg,1280,720,18.0,1,18.0,10.125
OK PHOTOS_MERGED,OK PHOTOS_MERGED/20260306082459.018_h16v9mm.jpg,1280,720,16.0,1,16.0,9.0
OK PHOTOS_MERGED,OK PHOTOS_MERGED/20260306082526.284_h18v10.125mm.jpg,1280,720,18.0,1,18.0,10.125
OK PHOTOS_MERGED,OK PHOTOS_MERGED/20260306082536.798_h18v10.125mm.jpg,1280,720,18.0,1,18.0,10.125
OK PHOTOS_MERGED,OK PHOTOS_MERGED/20260306082726.448_h15v8.438mm.jpg,1280,720,15.0,1,15.0,8.438
OK PHOTOS_MERGED,OK PHOTOS_MERGED/20260306082734.060_h15v8.438mm.jpg,1280,720,15.0,1,15.0,8.438
OK PHOTOS_MERGED,OK PHOTOS_MERGED/20260306083008.290_h18v10.125mm.jpg,1280,720,18.0,1,18.0,10.125
OK PHOTOS_MERGED,OK PHOTOS_MERGED/20260306083015.953_h18v10.125mm.jpg,1280,720,18.0,1,18.0,10.125
OK PHOTOS_MERGED,OK PHOTOS_MERGED/20260308083431.234_h25v14.062mm.jpg,1280,720,25.0,1,25.0,14.062
OK PHOTOS_MERGED,OK PHOTOS_MERGED/20260308083431.935_h25v14.062mm.jpg,1280,720,25.0,1,25.0,14.062
OK PHOTOS_MERGED,OK PHOTOS_MERGED/20260308083509.201_h18v10.125mm.jpg,1280,720,18.0,1,18.0,10.125
OK PHOTOS_MERGED,OK PHOTOS_MERGED/20260308083539.401_h25v14.062mm.jpg,1280,720,25.0,1,25.0,14.062
OK PHOTOS_MERGED,OK PHOTOS_MERGED/20260308083608.284_h16v9mm.jpg,1280,720,16.0,1,16.0,9.0
OK PHOTOS_MERGED,OK PHOTOS_MERGED/20260308083609.069_h16v9mm.jpg,1280,720,16.0,1,16.0,9.0
OK PHOTOS_MERGED,OK PHOTOS_MERGED/20260308083837.261_h8.5v4.781mm.jpg,1280,720,8.5,1,8.5,4.781
OK PHOTOS_MERGED,OK PHOTOS_MERGED/20260308083837.784_h8.5v4.781mm.jpg,1280,720,8.5,1,8.5,4.781
OK PHOTOS_MERGED,OK PHOTOS_MERGED/20260308083931.650_h8.5v4.781mm.jpg,1280,720,8.5,1,8.5,4.781
OK PHOTOS_MERGED,OK PHOTOS_MERGED/20260308083933.073_h8.5v4.781mm.jpg,1280,720,8.5,1,8.5,4.781
OK PHOTOS_MERGED,OK PHOTOS_MERGED/20260308084047.860_h13v7.312mm.jpg,1280,720,13.0,1,13.0,7.312
OK PHOTOS_MERGED,OK PHOTOS_MERGED/20260308084048.489_h13v7.312mm.jpg,1280,720,13.0,1,13.0,7.312
OK PHOTOS_MERGED,OK PHOTOS_MERGED/20260308084154.862_h35v19.688mm.jpg,1280,720,35.0,1,35.0,19.688
OK PHOTOS_MERGED,OK PHOTOS_MERGED/20260308084155.477_h35v19.688mm.jpg,1280,720,35.0,1,35.0,19.688
OK PHOTOS_MERGED,OK PHOTOS_MERGED/20260308084214.596_h35v19.688mm.jpg,1280,720,35.0,1,35.0,19.688
OK PHOTOS_MERGED,OK PHOTOS_MERGED/20260308084215.190_h35v19.688mm.jpg,1280,720,35.0,1,35.0,19.688
OK PHOTOS_MERGED,OK PHOTOS_MERGED/20260308084312.457_h7.5v4.219mm.jpg,1280,720,7.5,1,7.5,4.219
OK PHOTOS_MERGED,OK PHOTOS_MERGED/20260308084329.168_h7.5v4.219mm.jpg,1280,720,7.5,1,7.5,4.219
OK PHOTOS_MERGED,OK PHOTOS_MERGED/20260308084419.149_h25v14.062mm.jpg,1280,720,25.0,1,25.0,14.062
OK PHOTOS_MERGED,OK PHOTOS_MERGED/20260308084424.549_h25v14.062mm.jpg,1280,720,25.0,1,25.0,14.062
OK PHOTOS_MERGED,OK PHOTOS_MERGED/20260308084529.753_h15v8.438mm.jpg,1280,720,15.0,1,15.0,8.438
OK PHOTOS_MERGED,OK PHOTOS_MERGED/20260308084535.824_h15v8.438mm.jpg,1280,720,15.0,1,15.0,8.438
OK PHOTOS_MERGED,OK PHOTOS_MERGED/20260309085001.091_h35v19.688mm.jpg,1280,720,35.0,1,35.0,19.688
OK PHOTOS_MERGED,OK PHOTOS_MERGED/20260309085201.255_h30v16.875mm.jpg,1280,720,30.0,1,30.0,16.875
OK PHOTOS_MERGED,OK PHOTOS_MERGED/20260309085319.204_h25v14.062mm.jpg,1280,720,25.0,1,25.0,14.062
OK PHOTOS_MERGED,OK PHOTOS_MERGED/20260309085339.676_h40v22.5mm.jpg,1280,720,40.0,1,40.0,22.5
OK PHOTOS_MERGED,OK PHOTOS_MERGED/20260309085421.702_h25v14.062mm.jpg,1280,720,25.0,1,25.0,14.062
OK PHOTOS_MERGED,OK PHOTOS_MERGED/20260309085430.251_h25v14.062mm.jpg,1280,720,25.0,1,25.0,14.062
OK PHOTOS_MERGED,OK PHOTOS_MERGED/20260309085529.140_h35v19.688mm.jpg,1280,720,35.0,1,35.0,19.688
OK PHOTOS_MERGED,OK PHOTOS_MERGED/20260309085617.637_h30v16.875mm.jpg,1280,720,30.0,1,30.0,16.875
OK PHOTOS_MERGED,OK PHOTOS_MERGED/20260309085634.154_h35v19.688mm.jpg,1280,720,35.0,1,35.0,19.688
OK PHOTOS_MERGED,OK PHOTOS_MERGED/20260309085652.986_h35v19.688mm.jpg,1280,720,35.0,1,35.0,19.688
OK PHOTOS_MERGED,OK PHOTOS_MERGED/20260309085714.253_h35v19.688mm.jpg,1280,720,35.0,1,35.0,19.688
OK PHOTOS_MERGED,OK PHOTOS_MERGED/20260309085715.469_h35v19.688mm.jpg,1280,720,35.0,1,35.0,19.688
OK PHOTOS_MERGED,OK PHOTOS_MERGED/20260309085852.669_h35v19.688mm.jpg,1280,720,35.0,1,35.0,19.688
OK PHOTOS_MERGED,OK PHOTOS_MERGED/20260309085927.963_h35v19.688mm.jpg,1280,720,35.0,1,35.0,19.688
OK PHOTOS_MERGED,OK PHOTOS_MERGED/20260309090002.985_h25v14.062mm.jpg,1280,720,25.0,1,25.0,14.062
OK PHOTOS_MERGED,OK PHOTOS_MERGED/20260309090004.235_h25v14.062mm.jpg,1280,720,25.0,1,25.0,14.062
OK PHOTOS_MERGED,OK PHOTOS_MERGED/20260309090017.231_h30v16.875mm.jpg,1280,720,30.0,1,30.0,16.875
OK PHOTOS_MERGED,OK PHOTOS_MERGED/20260309090037.350_h20v11.25mm.jpg,1280,720,20.0,1,20.0,11.25
OK PHOTOS_MERGED,OK PHOTOS_MERGED/20260309090114.972_h20v11.25mm.jpg,1280,720,20.0,1,20.0,11.25
OK PHOTOS_MERGED,OK PHOTOS_MERGED/20260310084549.713_h20v11.25mm.jpg,1280,720,20.0,1,20.0,11.25
OK PHOTOS_MERGED,OK PHOTOS_MERGED/20260310084550.425_h20v11.25mm.jpg,1280,720,20.0,1,20.0,11.25
OK PHOTOS_MERGED,OK PHOTOS_MERGED/20260310084621.628_h20v11.25mm.jpg,1280,720,20.0,1,20.0,11.25
OK PHOTOS_MERGED,OK PHOTOS_MERGED/20260310084622.089_h20v11.25mm.jpg,1280,720,20.0,1,20.0,11.25
OK PHOTOS_MERGED,OK PHOTOS_MERGED/20260310084740.849_h16v9mm.jpg,1280,720,16.0,1,16.0,9.0
OK PHOTOS_MERGED,OK PHOTOS_MERGED/20260310084741.444_h16v9mm.jpg,1280,720,16.0,1,16.0,9.0
OK PHOTOS_MERGED,OK PHOTOS_MERGED/20260310084900.170_h16v9mm.jpg,1280,720,16.0,1,16.0,9.0
OK PHOTOS_MERGED,OK PHOTOS_MERGED/20260310084901.539_h16v9mm.jpg,1280,720,16.0,1,16.0,9.0
OK PHOTOS_MERGED,OK PHOTOS_MERGED/20260310085017.704_h25v14.062mm.jpg,1280,720,25.0,1,25.0,14.062
OK PHOTOS_MERGED,OK PHOTOS_MERGED/20260310085018.589_h25v14.062mm.jpg,1280,720,25.0,1,25.0,14.062
OK PHOTOS_MERGED,OK PHOTOS_MERGED/20260310085114.622_h20v11.25mm.jpg,1280,720,20.0,1,20.0,11.25
OK PHOTOS_MERGED,OK PHOTOS_MERGED/20260310085115.952_h20v11.25mm.jpg,1280,720,20.0,1,20.0,11.25
OK PHOTOS_MERGED,OK PHOTOS_MERGED/20260310085402.642_h15v8.438mm.jpg,1280,720,15.0,1,15.0,8.438
OK PHOTOS_MERGED,OK PHOTOS_MERGED/20260310085924.236_h25v14.062mm.jpg,1280,720,25.0,1,25.0,14.062
OK PHOTOS_MERGED,OK PHOTOS_MERGED/20260310085936.835_h25v14.062mm.jpg,1280,720,25.0,1,25.0,14.062
OK PHOTOS_MERGED,OK PHOTOS_MERGED/20260310090153.100_h15v8.438mm.jpg,1280,720,15.0,1,15.0,8.438
OK PHOTOS_MERGED,OK PHOTOS_MERGED/20260310090507.531_h30v16.875mm.jpg,1280,720,30.0,1,30.0,16.875
OK PHOTOS_MERGED,OK PHOTOS_MERGED/20260310090517.700_h30v16.875mm.jpg,1280,720,30.0,1,30.0,16.875
OK PHOTOS_MERGED,OK PHOTOS_MERGED/20260310090553.129_h25v14.062mm.jpg,1280,720,25.0,1,25.0,14.062
OK PHOTOS_MERGED,OK PHOTOS_MERGED/20260310090613.766_h20v11.25mm.jpg,1280,720,20.0,1,20.0,11.25
OK PHOTOS_MERGED,OK PHOTOS_MERGED/20260310090618.369_h20v11.25mm.jpg,1280,720,20.0,1,20.0,11.25
OK PHOTOS_MERGED,OK PHOTOS_MERGED/20260310090711.350_h35v19.688mm.jpg,1280,720,35.0,1,35.0,19.688
OK PHOTOS_MERGED,OK PHOTOS_MERGED/20260310090729.483_h35v19.688mm.jpg,1280,720,35.0,1,35.0,19.688
OK PHOTOS_MERGED,OK PHOTOS_MERGED/20260310090819.883_h35v19.688mm.jpg,1280,720,35.0,1,35.0,19.688
OK PHOTOS_MERGED,OK PHOTOS_MERGED/20260310090831.381_h35v19.688mm.jpg,1280,720,35.0,1,35.0,19.688
OK PHOTOS_MERGED,OK PHOTOS_MERGED/20260310091000.900_h40v22.5mm.jpg,1280,720,40.0,1,40.0,22.5
OK PHOTOS_MERGED,OK PHOTOS_MERGED/20260310091006.414_h40v22.5mm.jpg,1280,720,40.0,1,40.0,22.5
OK PHOTOS_MERGED,OK PHOTOS_MERGED/20260310091010.584_h40v22.5mm.jpg,1280,720,40.0,1,40.0,22.5
OK PHOTOS_MERGED,OK PHOTOS_MERGED/20260310091059.449_h40v22.5mm.jpg,1280,720,40.0,1,40.0,22.5
OK PHOTOS_MERGED,OK PHOTOS_MERGED/20260310091152.433_h30v16.875mm.jpg,1280,720,30.0,1,30.0,16.875
OK PHOTOS_MERGED,OK PHOTOS_MERGED/20260310091154.134_h30v16.875mm.jpg,1280,720,30.0,1,30.0,16.875
OK PHOTOS_MERGED,OK PHOTOS_MERGED/20260310091234.101_h20v11.25mm.jpg,1280,720,20.0,1,20.0,11.25
OK PHOTOS_MERGED,OK PHOTOS_MERGED/20260312084033.052_h20v11.25mm.jpg,1280,720,20.0,1,20.0,11.25
OK PHOTOS_MERGED,OK PHOTOS_MERGED/20260312084044.735_h20v11.25mm.jpg,1280,720,20.0,1,20.0,11.25
OK PHOTOS_MERGED,OK PHOTOS_MERGED/20260312084128.736_h11v6.188mm.jpg,1280,720,11.0,1,11.0,6.188
OK PHOTOS_MERGED,OK PHOTOS_MERGED/20260312084130.217_h11v6.188mm.jpg,1280,720,11.0,1,11.0,6.188
OK PHOTOS_MERGED,OK PHOTOS_MERGED/20260312084217.034_h12v6.75mm.jpg,1280,720,12.0,1,12.0,6.75
OK PHOTOS_MERGED,OK PHOTOS_MERGED/20260312084458.049_h14v7.875mm.jpg,1280,720,14.0,1,14.0,7.875
OK PHOTOS_MERGED,OK PHOTOS_MERGED/20260312084458.735_h14v7.875mm.jpg,1280,720,14.0,1,14.0,7.875
OK PHOTOS_MERGED,OK PHOTOS_MERGED/20260312084637.800_h35v19.688mm.jpg,1280,720,35.0,1,35.0,19.688
OK PHOTOS_MERGED,OK PHOTOS_MERGED/20260312084638.666_h35v19.688mm.jpg,1280,720,35.0,1,35.0,19.688
OK PHOTOS_MERGED,OK PHOTOS_MERGED/20260312084802.821_h16v9mm.jpg,1280,720,16.0,1,16.0,9.0
OK PHOTOS_MERGED,OK PHOTOS_MERGED/20260312084812.134_h15v8.438mm.jpg,1280,720,15.0,1,15.0,8.438
OK PHOTOS_MERGED,OK PHOTOS_MERGED/20260312084900.857_h11v6.188mm.jpg,1280,720,11.0,1,11.0,6.188
OK PHOTOS_MERGED,OK PHOTOS_MERGED/20260312084932.749_h11v6.188mm.jpg,1280,720,11.0,1,11.0,6.188
OK PHOTOS_MERGED,OK PHOTOS_MERGED/20260312084933.471_h11v6.188mm.jpg,1280,720,11.0,1,11.0,6.188
OK PHOTOS_MERGED,OK PHOTOS_MERGED/20260312085004.935_h10v5.625mm.jpg,1280,720,10.0,1,10.0,5.625
OK PHOTOS_MERGED,OK PHOTOS_MERGED/20260312085028.619_h12v6.75mm.jpg,1280,720,12.0,1,12.0,6.75
OK PHOTOS_MERGED,OK PHOTOS_MERGED/20260312085104.234_h35v19.688mm.jpg,1280,720,35.0,1,35.0,19.688
OK PHOTOS_MERGED,OK PHOTOS_MERGED/20260312085124.600_h35v19.688mm.jpg,1280,720,35.0,1,35.0,19.688
OK PHOTOS_MERGED,OK PHOTOS_MERGED/20260313084433.656_h8v4.5mm.jpg,1280,720,8.0,1,8.0,4.5
OK PHOTOS_MERGED,OK PHOTOS_MERGED/20260313084434.833_h8v4.5mm.jpg,1280,720,8.0,1,8.0,4.5
OK PHOTOS_MERGED,OK PHOTOS_MERGED/20260313084529.128_h8.5v4.781mm.jpg,1280,720,8.5,1,8.5,4.781
OK PHOTOS_MERGED,OK PHOTOS_MERGED/20260313084531.121_h8.5v4.781mm.jpg,1280,720,8.5,1,8.5,4.781
OK PHOTOS_MERGED,OK PHOTOS_MERGED/20260313084651.936_h11v6.188mm.jpg,1280,720,11.0,1,11.0,6.188
OK PHOTOS_MERGED,OK PHOTOS_MERGED/20260313084652.728_h11v6.188mm.jpg,1280,720,11.0,1,11.0,6.188
OK PHOTOS_MERGED,OK PHOTOS_MERGED/20260313085441.996_h20v11.25mm.jpg,1280,720,20.0,1,20.0,11.25
OK PHOTOS_MERGED,OK PHOTOS_MERGED/20260313085442.976_h20v11.25mm.jpg,1280,720,20.0,1,20.0,11.25
OK PHOTOS_MERGED,OK PHOTOS_MERGED/20260313085521.223_h30v16.875mm.jpg,1280,720,30.0,1,30.0,16.875
OK PHOTOS_MERGED,OK PHOTOS_MERGED/20260313085552.495_h30v16.875mm.jpg,1280,720,30.0,1,30.0,16.875
OK PHOTOS_MERGED,OK PHOTOS_MERGED/20260313085553.496_h30v16.875mm.jpg,1280,720,30.0,1,30.0,16.875
OK PHOTOS_MERGED,OK PHOTOS_MERGED/20260313085602.846_h30v16.875mm.jpg,1280,720,30.0,1,30.0,16.875
OK PHOTOS_MERGED,OK PHOTOS_MERGED/20260313085658.599_h30v16.875mm.jpg,1280,720,30.0,1,30.0,16.875
OK PHOTOS_MERGED,OK PHOTOS_MERGED/20260313085659.056_h30v16.875mm.jpg,1280,720,30.0,1,30.0,16.875
OK PHOTOS_MERGED,OK PHOTOS_MERGED/20260313085758.558_h9.5v5.344mm.jpg,1280,720,9.5,1,9.5,5.344
OK PHOTOS_MERGED,OK PHOTOS_MERGED/20260313085806.314_h10v5.625mm.jpg,1280,720,10.0,1,10.0,5.625
OK PHOTOS_MERGED,OK PHOTOS_MERGED/20260313085902.877_h20v11.25mm.jpg,1280,720,20.0,1,20.0,11.25
OK PHOTOS_MERGED,OK PHOTOS_MERGED/20260313085903.646_h20v11.25mm.jpg,1280,720,20.0,1,20.0,11.25
OK PHOTOS_MERGED,OK PHOTOS_MERGED/20260313090704.425_h20v11.25mm.jpg,1280,720,20.0,1,20.0,11.25
OK PHOTOS_MERGED,OK PHOTOS_MERGED/20260313090705.063_h20v11.25mm.jpg,1280,720,20.0,1,20.0,11.25
OK PHOTOS_MERGED,OK PHOTOS_MERGED/20260314094653.002_h15v8.438mm.jpg,1280,720,15.0,1,15.0,8.438
OK PHOTOS_MERGED,OK PHOTOS_MERGED/20260314094655.174_h15v8.438mm.jpg,1280,720,15.0,1,15.0,8.438
OK PHOTOS_MERGED,OK PHOTOS_MERGED/20260314094701.636_h15v8.438mm.jpg,1280,720,15.0,1,15.0,8.438
OK PHOTOS_MERGED,OK PHOTOS_MERGED/20260314094840.007_h25v14.062mm.jpg,1280,720,25.0,1,25.0,14.062
OK PHOTOS_MERGED,OK PHOTOS_MERGED/20260314095240.497_h16v9mm.jpg,1280,720,16.0,1,16.0,9.0
OK PHOTOS_MERGED,OK PHOTOS_MERGED/20260314095242.742_h16v9mm.jpg,1280,720,16.0,1,16.0,9.0
OK PHOTOS_MERGED,OK PHOTOS_MERGED/20260314095437.911_h18v10.125mm.jpg,1280,720,18.0,1,18.0,10.125
OK PHOTOS_MERGED,OK PHOTOS_MERGED/20260314095640.138_h30v16.875mm.jpg,1280,720,30.0,1,30.0,16.875
OK PHOTOS_MERGED,OK PHOTOS_MERGED/20260314095643.606_h30v16.875mm.jpg,1280,720,30.0,1,30.0,16.875
OK PHOTOS_MERGED,OK PHOTOS_MERGED/20260314095738.890_h20v11.25mm.jpg,1280,720,20.0,1,20.0,11.25
OK PHOTOS_MERGED,OK PHOTOS_MERGED/20260314095848.357_h30v16.875mm.jpg,1280,720,30.0,1,30.0,16.875
OK PHOTOS_MERGED,OK PHOTOS_MERGED/20260314095917.442_h20v11.25mm.jpg,1280,720,20.0,1,20.0,11.25
OK PHOTOS_MERGED,OK PHOTOS_MERGED/20260314100025.691_h30v16.875mm.jpg,1280,720,30.0,1,30.0,16.875
OK PHOTOS_MERGED,OK PHOTOS_MERGED/20260314100032.823_h35v19.688mm.jpg,1280,720,35.0,1,35.0,19.688
OK PHOTOS_MERGED,OK PHOTOS_MERGED/20260314100257.822_h30v16.875mm.jpg,1280,720,30.0,1,30.0,16.875
OK PHOTOS_MERGED,OK PHOTOS_MERGED/20260314100300.269_h30v16.875mm.jpg,1280,720,30.0,1,30.0,16.875
OK PHOTOS_MERGED,OK PHOTOS_MERGED/20260314100334.088_h30v16.875mm.jpg,1280,720,30.0,1,30.0,16.875
OK PHOTOS_MERGED,OK PHOTOS_MERGED/20260314100353.357_h30v16.875mm.jpg,1280,720,30.0,1,30.0,16.875
OK PHOTOS_MERGED,OK PHOTOS_MERGED/20260314100424.191_h35v19.688mm.jpg,1280,720,35.0,1,35.0,19.688
OK PHOTOS_MERGED,OK PHOTOS_MERGED/20260314100456.470_h40v22.5mm.jpg,1280,720,40.0,1,40.0,22.5
OK PHOTOS_MERGED,OK PHOTOS_MERGED/20260314100511.268_h35v19.688mm.jpg,1280,720,35.0,1,35.0,19.688
OK PHOTOS_MERGED,OK PHOTOS_MERGED/20260314100535.724_h30v16.875mm.jpg,1280,720,30.0,1,30.0,16.875
OK PHOTOS_MERGED,OK PHOTOS_MERGED/20260316091640.453_h25v14.062mm.jpg,1280,720,25.0,1,25.0,14.062
OK PHOTOS_MERGED,OK PHOTOS_MERGED/20260316091714.195_h12v6.75mm.jpg,1280,720,12.0,1,12.0,6.75
OK PHOTOS_MERGED,OK PHOTOS_MERGED/20260316091843.083_h30v16.875mm.jpg,1280,720,30.0,1,30.0,16.875
OK PHOTOS_MERGED,OK PHOTOS_MERGED/20260316091849.231_h35v19.688mm.jpg,1280,720,35.0,1,35.0,19.688
OK PHOTOS_MERGED,OK PHOTOS_MERGED/20260316091902.595_h30v16.875mm.jpg,1280,720,30.0,1,30.0,16.875
OK PHOTOS_MERGED,OK PHOTOS_MERGED/20260316091903.063_h30v16.875mm.jpg,1280,720,30.0,1,30.0,16.875
OK PHOTOS_MERGED,OK PHOTOS_MERGED/20260316091949.980_h20v11.25mm.jpg,1280,720,20.0,1,20.0,11.25
OK PHOTOS_MERGED,OK PHOTOS_MERGED/20260316091950.544_h20v11.25mm.jpg,1280,720,20.0,1,20.0,11.25
OK PHOTOS_MERGED,OK PHOTOS_MERGED/20260316092020.593_h30v16.875mm.jpg,1280,720,30.0,1,30.0,16.875
OK PHOTOS_MERGED,OK PHOTOS_MERGED/20260316092021.226_h30v16.875mm.jpg,1280,720,30.0,1,30.0,16.875
OK PHOTOS_MERGED,OK PHOTOS_MERGED/20260316092119.190_h20v11.25mm.jpg,1280,720,20.0,1,20.0,11.25
OK PHOTOS_MERGED,OK PHOTOS_MERGED/20260316092120.379_h20v11.25mm.jpg,1280,720,20.0,1,20.0,11.25
OK PHOTOS_MERGED,OK PHOTOS_MERGED/20260316092136.312_h20v11.25mm.jpg,1280,720,20.0,1,20.0,11.25
OK PHOTOS_MERGED,OK PHOTOS_MERGED/20260316092208.073_h18v10.125mm.jpg,1280,720,18.0,1,18.0,10.125
OK PHOTOS_MERGED,OK PHOTOS_MERGED/20260316092223.829_h18v10.125mm.jpg,1280,720,18.0,1,18.0,10.125
OK PHOTOS_MERGED,OK PHOTOS_MERGED/20260316092446.337_h20v11.25mm.jpg,1280,720,20.0,1,20.0,11.25
OK PHOTOS_MERGED,OK PHOTOS_MERGED/20260316092451.845_h20v11.25mm.jpg,1280,720,20.0,1,20.0,11.25
OK PHOTOS_MERGED,OK PHOTOS_MERGED/20260316092607.805_h10v5.625mm.jpg,1280,720,10.0,1,10.0,5.625
OK PHOTOS_MERGED,OK PHOTOS_MERGED/20260316092608.837_h10v5.625mm.jpg,1280,720,10.0,1,10.0,5.625
OK PHOTOS_MERGED,OK PHOTOS_MERGED/20260316092759.769_h30v16.875mm.jpg,1280,720,30.0,1,30.0,16.875
OK PHOTOS_MERGED,OK PHOTOS_MERGED/20260316092808.188_h30v16.875mm.jpg,1280,720,30.0,1,30.0,16.875
OK PHOTOS_MERGED,OK PHOTOS_MERGED/20260316092819.361_h30v16.875mm.jpg,1280,720,30.0,1,30.0,16.875
OK PHOTOS_MERGED,OK PHOTOS_MERGED/20260316093021.586_h13v7.312mm.jpg,1280,720,13.0,1,13.0,7.312
OK PHOTOS_MERGED,OK PHOTOS_MERGED/20260316093027.918_h13v7.312mm.jpg,1280,720,13.0,1,13.0,7.312
OK PHOTOS_MERGED,OK PHOTOS_MERGED/20260317085404.854_h25v14.062mm.jpg,1280,720,25.0,1,25.0,14.062
OK PHOTOS_MERGED,OK PHOTOS_MERGED/20260317085532.472_h13v7.312mm.jpg,1280,720,13.0,1,13.0,7.312
OK PHOTOS_MERGED,OK PHOTOS_MERGED/20260317085533.672_h13v7.312mm.jpg,1280,720,13.0,1,13.0,7.312
OK PHOTOS_MERGED,OK PHOTOS_MERGED/20260317085603.292_h25v14.062mm.jpg,1280,720,25.0,1,25.0,14.062
OK PHOTOS_MERGED,OK PHOTOS_MERGED/20260317085604.079_h25v14.062mm.jpg,1280,720,25.0,1,25.0,14.062
OK PHOTOS_MERGED,OK PHOTOS_MERGED/20260317085750.340_h18v10.125mm.jpg,1280,720,18.0,1,18.0,10.125
OK PHOTOS_MERGED,OK PHOTOS_MERGED/20260317085751.505_h18v10.125mm.jpg,1280,720,18.0,1,18.0,10.125
OK PHOTOS_MERGED,OK PHOTOS_MERGED/20260317085823.973_h35v19.688mm.jpg,1280,720,35.0,1,35.0,19.688
OK PHOTOS_MERGED,OK PHOTOS_MERGED/20260317085826.492_h35v19.688mm.jpg,1280,720,35.0,1,35.0,19.688
OK PHOTOS_MERGED,OK PHOTOS_MERGED/20260317085844.458_h35v19.688mm.jpg,1280,720,35.0,1,35.0,19.688
OK PHOTOS_MERGED,OK PHOTOS_MERGED/20260317085846.191_h35v19.688mm.jpg,1280,720,35.0,1,35.0,19.688
OK PHOTOS_MERGED,OK PHOTOS_MERGED/20260317085952.723_h18v10.125mm.jpg,1280,720,18.0,1,18.0,10.125
OK PHOTOS_MERGED,OK PHOTOS_MERGED/20260317090000.156_h18v10.125mm.jpg,1280,720,18.0,1,18.0,10.125
OK PHOTOS_MERGED,OK PHOTOS_MERGED/20260317090154.841_h20v11.25mm.jpg,1280,720,20.0,1,20.0,11.25
OK PHOTOS_MERGED,OK PHOTOS_MERGED/20260317090216.061_h20v11.25mm.jpg,1280,720,20.0,1,20.0,11.25
OK PHOTOS_MERGED,OK PHOTOS_MERGED/20260317090247.906_h35v19.688mm.jpg,1280,720,35.0,1,35.0,19.688
OK PHOTOS_MERGED,OK PHOTOS_MERGED/20260317090254.072_h35v19.688mm.jpg,1280,720,35.0,1,35.0,19.688
OK PHOTOS_MERGED,OK PHOTOS_MERGED/20260317090254.974_h35v19.688mm.jpg,1280,720,35.0,1,35.0,19.688
OK PHOTOS_MERGED,OK PHOTOS_MERGED/20260317090711.917_h18v10.125mm.jpg,1280,720,18.0,1,18.0,10.125
OK PHOTOS_MERGED,OK PHOTOS_MERGED/20260317090713.519_h18v10.125mm.jpg,1280,720,18.0,1,18.0,10.125
OK PHOTOS_MERGED,OK PHOTOS_MERGED/20260317090719.687_h18v10.125mm.jpg,1280,720,18.0,1,18.0,10.125
OK PHOTOS_MERGED,OK PHOTOS_MERGED/20260317090903.272_h14v7.875mm.jpg,1280,720,14.0,1,14.0,7.875
OK PHOTOS_MERGED,OK PHOTOS_MERGED/20260317090903.904_h14v7.875mm.jpg,1280,720,14.0,1,14.0,7.875
OK PHOTOS_MERGED,OK PHOTOS_MERGED/20260318084706.092_h12v6.75mm.jpg,1280,720,12.0,1,12.0,6.75
OK PHOTOS_MERGED,OK PHOTOS_MERGED/20260318084713.420_h12v6.75mm.jpg,1280,720,12.0,1,12.0,6.75
OK PHOTOS_MERGED,OK PHOTOS_MERGED/20260318084819.416_h25v14.062mm.jpg,1280,720,25.0,1,25.0,14.062
OK PHOTOS_MERGED,OK PHOTOS_MERGED/20260318084820.202_h25v14.062mm.jpg,1280,720,25.0,1,25.0,14.062
OK PHOTOS_MERGED,OK PHOTOS_MERGED/20260318084858.248_h30v16.875mm.jpg,1280,720,30.0,1,30.0,16.875
OK PHOTOS_MERGED,OK PHOTOS_MERGED/20260318084859.277_h30v16.875mm.jpg,1280,720,30.0,1,30.0,16.875
OK PHOTOS_MERGED,OK PHOTOS_MERGED/20260318084924.680_h25v14.062mm.jpg,1280,720,25.0,1,25.0,14.062
OK PHOTOS_MERGED,OK PHOTOS_MERGED/20260318084926.059_h25v14.062mm.jpg,1280,720,25.0,1,25.0,14.062
OK PHOTOS_MERGED,OK PHOTOS_MERGED/20260318085133.079_h8.5v4.781mm.jpg,1280,720,8.5,1,8.5,4.781
OK PHOTOS_MERGED,OK PHOTOS_MERGED/20260318085141.646_h8.5v4.781mm.jpg,1280,720,8.5,1,8.5,4.781
OK PHOTOS_MERGED,OK PHOTOS_MERGED/20260318085217.368_h20v11.25mm.jpg,1280,720,20.0,1,20.0,11.25
OK PHOTOS_MERGED,OK PHOTOS_MERGED/20260318085218.807_h20v11.25mm.jpg,1280,720,20.0,1,20.0,11.25
OK PHOTOS_MERGED,OK PHOTOS_MERGED/20260318085526.444_h14v7.875mm.jpg,1280,720,14.0,1,14.0,7.875
OK PHOTOS_MERGED,OK PHOTOS_MERGED/20260318085529.511_h14v7.875mm.jpg,1280,720,14.0,1,14.0,7.875
OK PHOTOS_MERGED,OK PHOTOS_MERGED/20260318085632.843_h12v6.75mm.jpg,1280,720,12.0,1,12.0,6.75
OK PHOTOS_MERGED,OK PHOTOS_MERGED/20260318085634.794_h12v6.75mm.jpg,1280,720,12.0,1,12.0,6.75
OK PHOTOS_MERGED,OK PHOTOS_MERGED/20260318085709.429_h18v10.125mm.jpg,1280,720,18.0,1,18.0,10.125
OK PHOTOS_MERGED,OK PHOTOS_MERGED/20260318085710.926_h18v10.125mm.jpg,1280,720,18.0,1,18.0,10.125
OK PHOTOS_MERGED,OK PHOTOS_MERGED/20260318085731.710_h25v14.062mm.jpg,1280,720,25.0,1,25.0,14.062
OK PHOTOS_MERGED,OK PHOTOS_MERGED/20260318085732.329_h25v14.062mm.jpg,1280,720,25.0,1,25.0,14.062
OK PHOTOS_MERGED,OK PHOTOS_MERGED/20260318085911.744_h18v10.125mm.jpg,1280,720,18.0,1,18.0,10.125
OK PHOTOS_MERGED,OK PHOTOS_MERGED/20260318085913.121_h18v10.125mm.jpg,1280,720,18.0,1,18.0,10.125
OK PHOTOS_MERGED,OK PHOTOS_MERGED/20260318090139.494_h14v7.875mm.jpg,1280,720,14.0,1,14.0,7.875
OK PHOTOS_MERGED,OK PHOTOS_MERGED/20260318090142.578_h14v7.875mm.jpg,1280,720,14.0,1,14.0,7.875
OK PHOTOS_MERGED,OK PHOTOS_MERGED/20260318090209.711_h25v14.062mm.jpg,1280,720,25.0,1,25.0,14.062
OK PHOTOS_MERGED,OK PHOTOS_MERGED/20260318090211.041_h25v14.062mm.jpg,1280,720,25.0,1,25.0,14.062
OK PHOTOS_MERGED,OK PHOTOS_MERGED/20260323084946.489_h30v16.875mm.jpg,1280,720,30.0,1,30.0,16.875
OK PHOTOS_MERGED,OK PHOTOS_MERGED/20260323084947.905_h30v16.875mm.jpg,1280,720,30.0,1,30.0,16.875
OK PHOTOS_MERGED,OK PHOTOS_MERGED/20260323085037.090_h15v8.438mm.jpg,1280,720,15.0,1,15.0,8.438
OK PHOTOS_MERGED,OK PHOTOS_MERGED/20260323085037.742_h15v8.438mm.jpg,1280,720,15.0,1,15.0,8.438
OK PHOTOS_MERGED,OK PHOTOS_MERGED/20260323085115.050_h20v11.25mm.jpg,1280,720,20.0,1,20.0,11.25
OK PHOTOS_MERGED,OK PHOTOS_MERGED/20260323085115.501_h20v11.25mm.jpg,1280,720,20.0,1,20.0,11.25
OK PHOTOS_MERGED,OK PHOTOS_MERGED/20260323085244.785_h16v9mm.jpg,1280,720,16.0,1,16.0,9.0
OK PHOTOS_MERGED,OK PHOTOS_MERGED/20260323085251.034_h16v9mm.jpg,1280,720,16.0,1,16.0,9.0
OK PHOTOS_MERGED,OK PHOTOS_MERGED/20260323085341.216_h14v7.875mm.jpg,1280,720,14.0,1,14.0,7.875
OK PHOTOS_MERGED,OK PHOTOS_MERGED/20260323085342.280_h14v7.875mm.jpg,1280,720,14.0,1,14.0,7.875
OK PHOTOS_MERGED,OK PHOTOS_MERGED/20260323085550.750_h20v11.25mm.jpg,1280,720,20.0,1,20.0,11.25
OK PHOTOS_MERGED,OK PHOTOS_MERGED/20260323085551.329_h20v11.25mm.jpg,1280,720,20.0,1,20.0,11.25
OK PHOTOS_MERGED,OK PHOTOS_MERGED/20260323085627.717_h30v16.875mm.jpg,1280,720,30.0,1,30.0,16.875
OK PHOTOS_MERGED,OK PHOTOS_MERGED/20260323085643.257_h30v16.875mm.jpg,1280,720,30.0,1,30.0,16.875
OK PHOTOS_MERGED,OK PHOTOS_MERGED/20260323085820.467_h30v16.875mm.jpg,1280,720,30.0,1,30.0,16.875
OK PHOTOS_MERGED,OK PHOTOS_MERGED/20260323085832.666_h30v16.875mm.jpg,1280,720,30.0,1,30.0,16.875
OK PHOTOS_MERGED,OK PHOTOS_MERGED/20260323085909.303_h25v14.062mm.jpg,1280,720,25.0,1,25.0,14.062
OK PHOTOS_MERGED,OK PHOTOS_MERGED/20260323085928.697_h25v14.062mm.jpg,1280,720,25.0,1,25.0,14.062
OK PHOTOS_MERGED,OK PHOTOS_MERGED/20260323085953.149_h30v16.875mm.jpg,1280,720,30.0,1,30.0,16.875
OK PHOTOS_MERGED,OK PHOTOS_MERGED/20260323085953.933_h30v16.875mm.jpg,1280,720,30.0,1,30.0,16.875
OK PHOTOS_MERGED,OK PHOTOS_MERGED/20260323091032.607_h15v8.438mm.jpg,1280,720,15.0,1,15.0,8.438
OK PHOTOS_MERGED,OK PHOTOS_MERGED/20260323091033.134_h15v8.438mm.jpg,1280,720,15.0,1,15.0,8.438
OK PHOTOS_MERGED,OK PHOTOS_MERGED/20260323091121.223_h18v10.125mm.jpg,1280,720,18.0,1,18.0,10.125
OK PHOTOS_MERGED,OK PHOTOS_MERGED/20260323091121.971_h18v10.125mm.jpg,1280,720,18.0,1,18.0,10.125
OK PHOTOS_MERGED,OK PHOTOS_MERGED/20260323091743.509_h10v5.625mm.jpg,1280,720,10.0,1,10.0,5.625
OK PHOTOS_MERGED,OK PHOTOS_MERGED/20260323091745.542_h10v5.625mm.jpg,1280,720,10.0,1,10.0,5.625
OK PHOTOS_MERGED,OK PHOTOS_MERGED/20260323091821.558_h12v6.75mm.jpg,1280,720,12.0,1,12.0,6.75
OK PHOTOS_MERGED,OK PHOTOS_MERGED/20260323091822.307_h12v6.75mm.jpg,1280,720,12.0,1,12.0,6.75
OK PHOTOS_MERGED,OK PHOTOS_MERGED/20260324110924.690_h25v14.062mm.jpg,1280,720,25.0,1,25.0,14.062
OK PHOTOS_MERGED,OK PHOTOS_MERGED/20260324110925.242_h25v14.062mm.jpg,1280,720,25.0,1,25.0,14.062
OK PHOTOS_MERGED,OK PHOTOS_MERGED/20260324110949.691_h20v11.25mm.jpg,1280,720,20.0,1,20.0,11.25
OK PHOTOS_MERGED,OK PHOTOS_MERGED/20260324110950.496_h20v11.25mm.jpg,1280,720,20.0,1,20.0,11.25
OK PHOTOS_MERGED,OK PHOTOS_MERGED/20260324111216.952_h15v8.438mm.jpg,1280,720,15.0,1,15.0,8.438
OK PHOTOS_MERGED,OK PHOTOS_MERGED/20260324111231.167_h15v8.438mm.jpg,1280,720,15.0,1,15.0,8.438
OK PHOTOS_MERGED,OK PHOTOS_MERGED/20260324111353.883_h15v8.438mm.jpg,1280,720,15.0,1,15.0,8.438
OK PHOTOS_MERGED,OK PHOTOS_MERGED/20260324111358.000_h15v8.438mm.jpg,1280,720,15.0,1,15.0,8.438
OK PHOTOS_MERGED,OK PHOTOS_MERGED/20260324111512.218_h25v14.062mm.jpg,1280,720,25.0,1,25.0,14.062
OK PHOTOS_MERGED,OK PHOTOS_MERGED/20260324111512.867_h25v14.062mm.jpg,1280,720,25.0,1,25.0,14.062
OK PHOTOS_MERGED,OK PHOTOS_MERGED/20260324111614.517_h12v6.75mm.jpg,1280,720,12.0,1,12.0,6.75
OK PHOTOS_MERGED,OK PHOTOS_MERGED/20260324111615.186_h12v6.75mm.jpg,1280,720,12.0,1,12.0,6.75
OK PHOTOS_MERGED,OK PHOTOS_MERGED/20260324111710.567_h10v5.625mm.jpg,1280,720,10.0,1,10.0,5.625
OK PHOTOS_MERGED,OK PHOTOS_MERGED/20260324111723.184_h10v5.625mm.jpg,1280,720,10.0,1,10.0,5.625
OK PHOTOS_MERGED,OK PHOTOS_MERGED/20260324111927.200_h12v6.75mm.jpg,1280,720,12.0,1,12.0,6.75
OK PHOTOS_MERGED,OK PHOTOS_MERGED/20260324111927.918_h12v6.75mm.jpg,1280,720,12.0,1,12.0,6.75
OK PHOTOS_MERGED,OK PHOTOS_MERGED/20260324112039.502_h18v10.125mm.jpg,1280,720,18.0,1,18.0,10.125
OK PHOTOS_MERGED,OK PHOTOS_MERGED/20260324112040.250_h18v10.125mm.jpg,1280,720,18.0,1,18.0,10.125
OK PHOTOS_MERGED,OK PHOTOS_MERGED/20260324112450.536_h10v5.625mm.jpg,1280,720,10.0,1,10.0,5.625
OK PHOTOS_MERGED,OK PHOTOS_MERGED/20260324112451.979_h10v5.625mm.jpg,1280,720,10.0,1,10.0,5.625
OK PHOTOS_MERGED,OK PHOTOS_MERGED/20260325084941.748_h35v19.688mm.jpg,1280,720,35.0,1,35.0,19.688
OK PHOTOS_MERGED,OK PHOTOS_MERGED/20260325084942.968_h35v19.688mm.jpg,1280,720,35.0,1,35.0,19.688
OK PHOTOS_MERGED,OK PHOTOS_MERGED/20260325085210.309_h25v14.062mm.jpg,1280,720,25.0,1,25.0,14.062
OK PHOTOS_MERGED,OK PHOTOS_MERGED/20260325085210.982_h25v14.062mm.jpg,1280,720,25.0,1,25.0,14.062
OK PHOTOS_MERGED,OK PHOTOS_MERGED/20260325085323.746_h9.5v5.344mm.jpg,1280,720,9.5,1,9.5,5.344
OK PHOTOS_MERGED,OK PHOTOS_MERGED/20260325085534.594_h14v7.875mm.jpg,1280,720,14.0,1,14.0,7.875
OK PHOTOS_MERGED,OK PHOTOS_MERGED/20260325085535.281_h14v7.875mm.jpg,1280,720,14.0,1,14.0,7.875
OK PHOTOS_MERGED,OK PHOTOS_MERGED/20260325085606.312_h18v10.125mm.jpg,1280,720,18.0,1,18.0,10.125
OK PHOTOS_MERGED,OK PHOTOS_MERGED/20260325085606.849_h18v10.125mm.jpg,1280,720,18.0,1,18.0,10.125
OK PHOTOS_MERGED,OK PHOTOS_MERGED/20260325085634.683_h13v7.312mm.jpg,1280,720,13.0,1,13.0,7.312
OK PHOTOS_MERGED,OK PHOTOS_MERGED/20260325085635.190_h13v7.312mm.jpg,1280,720,13.0,1,13.0,7.312
OK PHOTOS_MERGED,OK PHOTOS_MERGED/20260325085906.844_h25v14.062mm.jpg,1280,720,25.0,1,25.0,14.062
OK PHOTOS_MERGED,OK PHOTOS_MERGED/20260325085907.381_h25v14.062mm.jpg,1280,720,25.0,1,25.0,14.062
OK PHOTOS_MERGED,OK PHOTOS_MERGED/20260325085927.180_h35v19.688mm.jpg,1280,720,35.0,1,35.0,19.688
OK PHOTOS_MERGED,OK PHOTOS_MERGED/20260325085927.686_h35v19.688mm.jpg,1280,720,35.0,1,35.0,19.688
OK PHOTOS_MERGED,OK PHOTOS_MERGED/20260325085937.661_h25v14.062mm.jpg,1280,720,25.0,1,25.0,14.062
OK PHOTOS_MERGED,OK PHOTOS_MERGED/20260325085938.171_h25v14.062mm.jpg,1280,720,25.0,1,25.0,14.062
OK PHOTOS_MERGED,OK PHOTOS_MERGED/20260325090019.694_h25v14.062mm.jpg,1280,720,25.0,1,25.0,14.062
OK PHOTOS_MERGED,OK PHOTOS_MERGED/20260325090020.214_h25v14.062mm.jpg,1280,720,25.0,1,25.0,14.062
OK PHOTOS_MERGED,OK PHOTOS_MERGED/20260326082628.370_h15v8.438mm.jpg,1280,720,15.0,1,15.0,8.438
OK PHOTOS_MERGED,OK PHOTOS_MERGED/20260326082758.584_h20v11.25mm.jpg,1280,720,20.0,1,20.0,11.25
OK PHOTOS_MERGED,OK PHOTOS_MERGED/20260326082759.682_h20v11.25mm.jpg,1280,720,20.0,1,20.0,11.25
OK PHOTOS_MERGED,OK PHOTOS_MERGED/20260326082840.221_h25v14.062mm.jpg,1280,720,25.0,1,25.0,14.062
OK PHOTOS_MERGED,OK PHOTOS_MERGED/20260326082841.272_h25v14.062mm.jpg,1280,720,25.0,1,25.0,14.062
OK PHOTOS_MERGED,OK PHOTOS_MERGED/20260326082922.468_h12v6.75mm.jpg,1280,720,12.0,1,12.0,6.75
OK PHOTOS_MERGED,OK PHOTOS_MERGED/20260326083121.984_h7.5v4.219mm.jpg,1280,720,7.5,1,7.5,4.219
OK PHOTOS_MERGED,OK PHOTOS_MERGED/20260326083124.216_h7.5v4.219mm.jpg,1280,720,7.5,1,7.5,4.219
OK PHOTOS_MERGED,OK PHOTOS_MERGED/20260326083207.776_h14v7.875mm.jpg,1280,720,14.0,1,14.0,7.875
OK PHOTOS_MERGED,OK PHOTOS_MERGED/20260326083209.196_h14v7.875mm.jpg,1280,720,14.0,1,14.0,7.875
OK PHOTOS_MERGED,OK PHOTOS_MERGED/20260326083316.862_h9.5v5.344mm.jpg,1280,720,9.5,1,9.5,5.344
OK PHOTOS_MERGED,OK PHOTOS_MERGED/20260326083403.168_h9.5v5.344mm.jpg,1280,720,9.5,1,9.5,5.344
OK PHOTOS_MERGED,OK PHOTOS_MERGED/20260326083406.335_h9.5v5.344mm.jpg,1280,720,9.5,1,9.5,5.344
OK PHOTOS_MERGED,OK PHOTOS_MERGED/20260326083616.638_h25v14.062mm.jpg,1280,720,25.0,1,25.0,14.062
OK PHOTOS_MERGED,OK PHOTOS_MERGED/20260326083617.286_h25v14.062mm.jpg,1280,720,25.0,1,25.0,14.062
OK PHOTOS_MERGED,OK PHOTOS_MERGED/20260327083047.782_h18v10.125mm.jpg,1280,720,18.0,1,18.0,10.125
OK PHOTOS_MERGED,OK PHOTOS_MERGED/20260327083048.609_h18v10.125mm.jpg,1280,720,18.0,1,18.0,10.125
OK PHOTOS_MERGED,OK PHOTOS_MERGED/20260327083119.416_h12v6.75mm.jpg,1280,720,12.0,1,12.0,6.75
OK PHOTOS_MERGED,OK PHOTOS_MERGED/20260327083120.065_h12v6.75mm.jpg,1280,720,12.0,1,12.0,6.75
OK PHOTOS_MERGED,OK PHOTOS_MERGED/20260327083242.889_h12v6.75mm.jpg,1280,720,12.0,1,12.0,6.75
OK PHOTOS_MERGED,OK PHOTOS_MERGED/20260327083243.607_h12v6.75mm.jpg,1280,720,12.0,1,12.0,6.75
OK PHOTOS_MERGED,OK PHOTOS_MERGED/20260327083337.904_h15v8.438mm.jpg,1280,720,15.0,1,15.0,8.438
OK PHOTOS_MERGED,OK PHOTOS_MERGED/20260327083338.414_h15v8.438mm.jpg,1280,720,15.0,1,15.0,8.438
OK PHOTOS_MERGED,OK PHOTOS_MERGED/20260327083615.628_h8.5v4.781mm.jpg,1280,720,8.5,1,8.5,4.781
OK PHOTOS_MERGED,OK PHOTOS_MERGED/20260327083616.697_h8.5v4.781mm.jpg,1280,720,8.5,1,8.5,4.781
OK PHOTOS_MERGED,OK PHOTOS_MERGED/20260327083857.039_h13v7.312mm.jpg,1280,720,13.0,1,13.0,7.312
OK PHOTOS_MERGED,OK PHOTOS_MERGED/20260327083903.388_h14v7.875mm.jpg,1280,720,14.0,1,14.0,7.875
OK PHOTOS_MERGED,OK PHOTOS_MERGED/20260330083206.174_h15v8.438mm.jpg,1280,720,15.0,1,15.0,8.438
OK PHOTOS_MERGED,OK PHOTOS_MERGED/20260330083207.820_h15v8.438mm.jpg,1280,720,15.0,1,15.0,8.438
OK PHOTOS_MERGED,OK PHOTOS_MERGED/20260330083307.859_h18v10.125mm.jpg,1280,720,18.0,1,18.0,10.125
OK PHOTOS_MERGED,OK PHOTOS_MERGED/20260330083308.446_h18v10.125mm.jpg,1280,720,18.0,1,18.0,10.125
OK PHOTOS_MERGED,OK PHOTOS_MERGED/20260330083355.198_h15v8.438mm.jpg,1280,720,15.0,1,15.0,8.438
OK PHOTOS_MERGED,OK PHOTOS_MERGED/20260330083403.308_h15v8.438mm.jpg,1280,720,15.0,1,15.0,8.438
OK PHOTOS_MERGED,OK PHOTOS_MERGED/20260330083451.940_h25v14.062mm.jpg,1280,720,25.0,1,25.0,14.062
OK PHOTOS_MERGED,OK PHOTOS_MERGED/20260330083514.590_h25v14.062mm.jpg,1280,720,25.0,1,25.0,14.062
OK PHOTOS_MERGED,OK PHOTOS_MERGED/20260330083520.541_h25v14.062mm.jpg,1280,720,25.0,1,25.0,14.062
OK PHOTOS_MERGED,OK PHOTOS_MERGED/20260330083553.352_h35v19.688mm.jpg,1280,720,35.0,1,35.0,19.688
OK PHOTOS_MERGED,OK PHOTOS_MERGED/20260330083554.106_h35v19.688mm.jpg,1280,720,35.0,1,35.0,19.688
OK PHOTOS_MERGED,OK PHOTOS_MERGED/20260330083730.470_h20v11.25mm.jpg,1280,720,20.0,1,20.0,11.25
OK PHOTOS_MERGED,OK PHOTOS_MERGED/20260330083808.559_h20v11.25mm.jpg,1280,720,20.0,1,20.0,11.25
OK PHOTOS_MERGED,OK PHOTOS_MERGED/20260330083809.423_h20v11.25mm.jpg,1280,720,20.0,1,20.0,11.25
OK PHOTOS_MERGED,OK PHOTOS_MERGED/20260330084038.953_h35v19.688mm.jpg,1280,720,35.0,1,35.0,19.688
OK PHOTOS_MERGED,OK PHOTOS_MERGED/20260330084040.963_h35v19.688mm.jpg,1280,720,35.0,1,35.0,19.688
OK PHOTOS_MERGED,OK PHOTOS_MERGED/20260330084135.554_h20v11.25mm.jpg,1280,720,20.0,1,20.0,11.25
OK PHOTOS_MERGED,OK PHOTOS_MERGED/20260330084136.513_h20v11.25mm.jpg,1280,720,20.0,1,20.0,11.25
OK PHOTOS_MERGED,OK PHOTOS_MERGED/20260330084224.874_h12v6.75mm.jpg,1280,720,12.0,1,12.0,6.75
OK PHOTOS_MERGED,OK PHOTOS_MERGED/20260330084404.556_h20v11.25mm.jpg,1280,720,20.0,1,20.0,11.25
OK PHOTOS_MERGED,OK PHOTOS_MERGED/20260330084418.470_h20v11.25mm.jpg,1280,720,20.0,1,20.0,11.25
OK PHOTOS_MERGED,OK PHOTOS_MERGED/20260330084431.460_h25v14.062mm.jpg,1280,720,25.0,1,25.0,14.062
OK PHOTOS_MERGED,OK PHOTOS_MERGED/20260330084433.037_h25v14.062mm.jpg,1280,720,25.0,1,25.0,14.062
OK PHOTOS_MERGED,OK PHOTOS_MERGED/20260330084446.637_h20v11.25mm.jpg,1280,720,20.0,1,20.0,11.25
OK PHOTOS_MERGED,OK PHOTOS_MERGED/20260330084447.124_h20v11.25mm.jpg,1280,720,20.0,1,20.0,11.25
OK PHOTOS_MERGED,OK PHOTOS_MERGED/20260330084552.020_h25v14.062mm.jpg,1280,720,25.0,1,25.0,14.062
OK PHOTOS_MERGED,OK PHOTOS_MERGED/20260330084605.441_h25v14.062mm.jpg,1280,720,25.0,1,25.0,14.062
OK PHOTOS_MERGED,OK PHOTOS_MERGED/20260330084742.253_h25v14.062mm.jpg,1280,720,25.0,1,25.0,14.062
OK PHOTOS_MERGED,OK PHOTOS_MERGED/20260330084743.870_h25v14.062mm.jpg,1280,720,25.0,1,25.0,14.062
OK PHOTOS_MERGED,OK PHOTOS_MERGED/20260330090218.953_h16v9mm.jpg,1280,720,16.0,1,16.0,9.0
OK PHOTOS_MERGED,OK PHOTOS_MERGED/20260330090219.740_h16v9mm.jpg,1280,720,16.0,1,16.0,9.0
OK PHOTOS_MERGED,OK PHOTOS_MERGED/20260330090246.673_h16v9mm.jpg,1280,720,16.0,1,16.0,9.0
OK PHOTOS_MERGED,OK PHOTOS_MERGED/20260330090247.403_h16v9mm.jpg,1280,720,16.0,1,16.0,9.0
OK PHOTOS_MERGED,OK PHOTOS_MERGED/20260330090324.818_h10v5.625mm.jpg,1280,720,10.0,1,10.0,5.625
OK PHOTOS_MERGED,OK PHOTOS_MERGED/20260330090325.935_h10v5.625mm.jpg,1280,720,10.0,1,10.0,5.625
OK PHOTOS_MERGED,OK PHOTOS_MERGED/20260330090358.236_h18v10.125mm.jpg,1280,720,18.0,1,18.0,10.125
OK PHOTOS_MERGED,OK PHOTOS_MERGED/20260330090358.754_h18v10.125mm.jpg,1280,720,18.0,1,18.0,10.125
OK PHOTOS_MERGED,OK PHOTOS_MERGED/20260330090515.649_h20v11.25mm.jpg,1280,720,20.0,1,20.0,11.25
OK PHOTOS_MERGED,OK PHOTOS_MERGED/20260330090516.385_h20v11.25mm.jpg,1280,720,20.0,1,20.0,11.25
OK PHOTOS_MERGED,OK PHOTOS_MERGED/20260330090616.268_h20v11.25mm.jpg,1280,720,20.0,1,20.0,11.25
OK PHOTOS_MERGED,OK PHOTOS_MERGED/20260330090617.051_h20v11.25mm.jpg,1280,720,20.0,1,20.0,11.25
OK PHOTOS_MERGED,OK PHOTOS_MERGED/20260330090709.934_h20v11.25mm.jpg,1280,720,20.0,1,20.0,11.25
OK PHOTOS_MERGED,OK PHOTOS_MERGED/20260330090710.737_h20v11.25mm.jpg,1280,720,20.0,1,20.0,11.25
OK PHOTOS_MERGED,OK PHOTOS_MERGED/20260330090911.288_h11v6.188mm.jpg,1280,720,11.0,1,11.0,6.188
OK PHOTOS_MERGED,OK PHOTOS_MERGED/20260330090912.134_h11v6.188mm.jpg,1280,720,11.0,1,11.0,6.188
OK PHOTOS_MERGED,OK PHOTOS_MERGED/20260330091009.466_h11v6.188mm.jpg,1280,720,11.0,1,11.0,6.188
OK PHOTOS_MERGED,OK PHOTOS_MERGED/20260331083141.863_h9.5v5.344mm.jpg,1280,720,9.5,1,9.5,5.344
OK PHOTOS_MERGED,OK PHOTOS_MERGED/20260331083217.695_h10v5.625mm.jpg,1280,720,10.0,1,10.0,5.625
OK PHOTOS_MERGED,OK PHOTOS_MERGED/20260331083218.425_h10v5.625mm.jpg,1280,720,10.0,1,10.0,5.625
OK PHOTOS_MERGED,OK PHOTOS_MERGED/20260331084920.565_h16v9mm.jpg,1280,720,16.0,1,16.0,9.0
OK PHOTOS_MERGED,OK PHOTOS_MERGED/20260331084923.763_h16v9mm.jpg,1280,720,16.0,1,16.0,9.0
OK PHOTOS_MERGED,OK PHOTOS_MERGED/20260331085001.848_h13v7.312mm.jpg,1280,720,13.0,1,13.0,7.312
OK PHOTOS_MERGED,OK PHOTOS_MERGED/20260331085041.856_h18v10.125mm.jpg,1280,720,18.0,1,18.0,10.125
OK PHOTOS_MERGED,OK PHOTOS_MERGED/20260331085045.794_h18v10.125mm.jpg,1280,720,18.0,1,18.0,10.125
OK PHOTOS_MERGED,OK PHOTOS_MERGED/20260331085137.828_h14v7.875mm.jpg,1280,720,14.0,1,14.0,7.875
OK PHOTOS_MERGED,OK PHOTOS_MERGED/20260331085138.561_h14v7.875mm.jpg,1280,720,14.0,1,14.0,7.875
OK PHOTOS_MERGED,OK PHOTOS_MERGED/20260331085319.008_h11v6.188mm.jpg,1280,720,11.0,1,11.0,6.188
OK PHOTOS_MERGED,OK PHOTOS_MERGED/20260331085319.709_h11v6.188mm.jpg,1280,720,11.0,1,11.0,6.188
OK PHOTOS_MERGED,OK PHOTOS_MERGED/20260331085344.806_h13v7.312mm.jpg,1280,720,13.0,1,13.0,7.312
OK PHOTOS_MERGED,OK PHOTOS_MERGED/20260331085345.925_h13v7.312mm.jpg,1280,720,13.0,1,13.0,7.312
OK PHOTOS_MERGED,OK PHOTOS_MERGED/20260331085420.653_h15v8.438mm.jpg,1280,720,15.0,1,15.0,8.438
OK PHOTOS_MERGED,OK PHOTOS_MERGED/20260331085421.435_h15v8.438mm.jpg,1280,720,15.0,1,15.0,8.438
OK PHOTOS_MERGED,OK PHOTOS_MERGED/20260331085908.295_h18v10.125mm.jpg,1280,720,18.0,1,18.0,10.125
OK PHOTOS_MERGED,OK PHOTOS_MERGED/20260331085909.868_h18v10.125mm.jpg,1280,720,18.0,1,18.0,10.125
OK PHOTOS_MERGED,OK PHOTOS_MERGED/20260403072734.220_h30v16.875mm.jpg,1280,720,30.0,1,30.0,16.875
OK PHOTOS_MERGED,OK PHOTOS_MERGED/20260403135328.162_h30v16.875mm.jpg,1280,720,30.0,1,30.0,16.875
OK PHOTOS_MERGED,OK PHOTOS_MERGED/20260404084932.332_h15v8.438mm.jpg,1280,720,15.0,1,15.0,8.438
OK PHOTOS_MERGED,OK PHOTOS_MERGED/20260404085009.646_h18v10.125mm.jpg,1280,720,18.0,1,18.0,10.125
OK PHOTOS_MERGED,OK PHOTOS_MERGED/20260404085013.103_h18v10.125mm.jpg,1280,720,18.0,1,18.0,10.125
OK PHOTOS_MERGED,OK PHOTOS_MERGED/20260404085153.611_h25v14.062mm.jpg,1280,720,25.0,1,25.0,14.062
OK PHOTOS_MERGED,OK PHOTOS_MERGED/20260404085154.733_h25v14.062mm.jpg,1280,720,25.0,1,25.0,14.062
OK PHOTOS_MERGED,OK PHOTOS_MERGED/20260404085425.735_h13v7.312mm.jpg,1280,720,13.0,1,13.0,7.312
OK PHOTOS_MERGED,OK PHOTOS_MERGED/20260404085603.674_h9.5v5.344mm - Copy.jpg,1280,720,9.5,1,9.5,5.344
OK PHOTOS_MERGED,OK PHOTOS_MERGED/20260404085603.674_h9.5v5.344mm.jpg,1280,720,9.5,1,9.5,5.344
OK PHOTOS_MERGED,OK PHOTOS_MERGED/20260404085811.875_h13v7.312mm.jpg,1280,720,13.0,1,13.0,7.312
OK PHOTOS_MERGED,OK PHOTOS_MERGED/20260404085814.475_h13v7.312mm.jpg,1280,720,13.0,1,13.0,7.312
OK PHOTOS_MERGED,OK PHOTOS_MERGED/20260404085914.658_h30v16.875mm.jpg,1280,720,30.0,1,30.0,16.875
OK PHOTOS_MERGED,OK PHOTOS_MERGED/20260404085932.105_h30v16.875mm.jpg,1280,720,30.0,1,30.0,16.875
OK PHOTOS_MERGED,OK PHOTOS_MERGED/20260404090034.108_h25v14.062mm.jpg,1280,720,25.0,1,25.0,14.062
OK PHOTOS_MERGED,OK PHOTOS_MERGED/20260404090034.708_h25v14.062mm.jpg,1280,720,25.0,1,25.0,14.062
OK PHOTOS_MERGED,OK PHOTOS_MERGED/20260404090035.280_h25v14.062mm.jpg,1280,720,25.0,1,25.0,14.062
OK PHOTOS_MERGED,OK PHOTOS_MERGED/20260404090037.110_h25v14.062mm.jpg,1280,720,25.0,1,25.0,14.062
OK PHOTOS_MERGED,OK PHOTOS_MERGED/20260404090216.213_h25v14.062mm.jpg,1280,720,25.0,1,25.0,14.062
OK PHOTOS_MERGED,OK PHOTOS_MERGED/20260404090216.942_h25v14.062mm.jpg,1280,720,25.0,1,25.0,14.062
OK PHOTOS_MERGED,OK PHOTOS_MERGED/20260405084028.661_h25v14.062mm.jpg,1280,720,25.0,1,25.0,14.062
OK PHOTOS_MERGED,OK PHOTOS_MERGED/20260405084224.910_h11v6.188mm.jpg,1280,720,11.0,1,11.0,6.188
OK PHOTOS_MERGED,OK PHOTOS_MERGED/20260405084259.613_h20v11.25mm.jpg,1280,720,20.0,1,20.0,11.25
OK PHOTOS_MERGED,OK PHOTOS_MERGED/20260405084424.042_h20v11.25mm.jpg,1280,720,20.0,1,20.0,11.25
OK PHOTOS_MERGED,OK PHOTOS_MERGED/20260405084510.959_h11v6.188mm.jpg,1280,720,11.0,1,11.0,6.188
OK PHOTOS_MERGED,OK PHOTOS_MERGED/20260405084513.726_h11v6.188mm.jpg,1280,720,11.0,1,11.0,6.188
OK PHOTOS_MERGED,OK PHOTOS_MERGED/20260405084631.825_h20v11.25mm.jpg,1280,720,20.0,1,20.0,11.25
OK PHOTOS_MERGED,OK PHOTOS_MERGED/20260405084747.136_h14v7.875mm.jpg,1280,720,14.0,1,14.0,7.875
OK PHOTOS_MERGED,OK PHOTOS_MERGED/20260405084747.682_h14v7.875mm.jpg,1280,720,14.0,1,14.0,7.875
OK PHOTOS_MERGED,OK PHOTOS_MERGED/20260405085207.098_h16v9mm.jpg,1280,720,16.0,1,16.0,9.0
OK PHOTOS_MERGED,OK PHOTOS_MERGED/20260405085250.742_h35v19.688mm.jpg,1280,720,35.0,1,35.0,19.688
OK PHOTOS_MERGED,OK PHOTOS_MERGED/20260405085312.796_h35v19.688mm.jpg,1280,720,35.0,1,35.0,19.688
OK PHOTOS_MERGED,OK PHOTOS_MERGED/20260405085449.322_h18v10.125mm.jpg,1280,720,18.0,1,18.0,10.125
OK PHOTOS_MERGED,OK PHOTOS_MERGED/20260405085549.858_h20v11.25mm.jpg,1280,720,20.0,1,20.0,11.25
OK PHOTOS_MERGED,OK PHOTOS_MERGED/20260405085550.386_h20v11.25mm.jpg,1280,720,20.0,1,20.0,11.25
OK PHOTOS_MERGED,OK PHOTOS_MERGED/20260405090107.921_h8v4.5mm.jpg,1280,720,8.0,1,8.0,4.5
OK PHOTOS_MERGED,OK PHOTOS_MERGED/20260405090301.963_h8v4.5mm.jpg,1280,720,8.0,1,8.0,4.5
OK PHOTOS_MERGED,OK PHOTOS_MERGED/20260405090338.267_h10v5.625mm.jpg,1280,720,10.0,1,10.0,5.625
OK PHOTOS_MERGED,OK PHOTOS_MERGED/20260407082613.114_h30v16.875mm.jpg,1280,720,30.0,1,30.0,16.875
OK PHOTOS_MERGED,OK PHOTOS_MERGED/20260407082703.140_h25v14.062mm.jpg,1280,720,25.0,1,25.0,14.062
OK PHOTOS_MERGED,OK PHOTOS_MERGED/20260407082703.920_h25v14.062mm.jpg,1280,720,25.0,1,25.0,14.062
OK PHOTOS_MERGED,OK PHOTOS_MERGED/20260407082735.514_h25v14.062mm.jpg,1280,720,25.0,1,25.0,14.062
OK PHOTOS_MERGED,OK PHOTOS_MERGED/20260407082736.304_h25v14.062mm.jpg,1280,720,25.0,1,25.0,14.062
OK PHOTOS_MERGED,OK PHOTOS_MERGED/20260407082809.288_h20v11.25mm.jpg,1280,720,20.0,1,20.0,11.25
OK PHOTOS_MERGED,OK PHOTOS_MERGED/20260407082849.350_h25v14.062mm.jpg,1280,720,25.0,1,25.0,14.062
OK PHOTOS_MERGED,OK PHOTOS_MERGED/20260407082850.098_h25v14.062mm.jpg,1280,720,25.0,1,25.0,14.062
OK PHOTOS_MERGED,OK PHOTOS_MERGED/20260407082929.613_h30v16.875mm.jpg,1280,720,30.0,1,30.0,16.875
OK PHOTOS_MERGED,OK PHOTOS_MERGED/20260407082930.281_h30v16.875mm.jpg,1280,720,30.0,1,30.0,16.875
OK PHOTOS_MERGED,OK PHOTOS_MERGED/20260407083025.981_h25v14.062mm.jpg,1280,720,25.0,1,25.0,14.062
OK PHOTOS_MERGED,OK PHOTOS_MERGED/20260407083026.653_h25v14.062mm.jpg,1280,720,25.0,1,25.0,14.062
OK PHOTOS_MERGED,OK PHOTOS_MERGED/20260407083112.097_h25v14.062mm.jpg,1280,720,25.0,1,25.0,14.062
OK PHOTOS_MERGED,OK PHOTOS_MERGED/20260407083112.774_h25v14.062mm.jpg,1280,720,25.0,1,25.0,14.062
OK PHOTOS_MERGED,OK PHOTOS_MERGED/20260407083144.296_h20v11.25mm.jpg,1280,720,20.0,1,20.0,11.25
OK PHOTOS_MERGED,OK PHOTOS_MERGED/20260407083144.965_h20v11.25mm.jpg,1280,720,20.0,1,20.0,11.25
OK PHOTOS_MERGED,OK PHOTOS_MERGED/20260407083225.187_h25v14.062mm.jpg,1280,720,25.0,1,25.0,14.062
OK PHOTOS_MERGED,OK PHOTOS_MERGED/20260407083225.875_h25v14.062mm.jpg,1280,720,25.0,1,25.0,14.062
OK PHOTOS_MERGED,OK PHOTOS_MERGED/20260407083304.796_h30v16.875mm.jpg,1280,720,30.0,1,30.0,16.875
OK PHOTOS_MERGED,OK PHOTOS_MERGED/20260407083305.457_h30v16.875mm.jpg,1280,720,30.0,1,30.0,16.875
OK PHOTOS_MERGED,OK PHOTOS_MERGED/20260407083326.824_h25v14.062mm.jpg,1280,720,25.0,1,25.0,14.062
OK PHOTOS_MERGED,OK PHOTOS_MERGED/20260407083327.585_h25v14.062mm.jpg,1280,720,25.0,1,25.0,14.062
OK PHOTOS_MERGED,OK PHOTOS_MERGED/20260407083804.278_h18v10.125mm.jpg,1280,720,18.0,1,18.0,10.125
OK PHOTOS_MERGED,OK PHOTOS_MERGED/20260407083905.313_h30v16.875mm.jpg,1280,720,30.0,1,30.0,16.875
OK PHOTOS_MERGED,OK PHOTOS_MERGED/20260408091701.709_h18v10.125mm.jpg,1280,720,18.0,1,18.0,10.125
OK PHOTOS_MERGED,OK PHOTOS_MERGED/20260408091705.325_h18v10.125mm.jpg,1280,720,18.0,1,18.0,10.125
OK PHOTOS_MERGED,OK PHOTOS_MERGED/20260408091755.681_h10v5.625mm.jpg,1280,720,10.0,1,10.0,5.625
OK PHOTOS_MERGED,OK PHOTOS_MERGED/20260408091830.725_h15v8.438mm.jpg,1280,720,15.0,1,15.0,8.438
OK PHOTOS_MERGED,OK PHOTOS_MERGED/20260408091832.527_h15v8.438mm.jpg,1280,720,15.0,1,15.0,8.438
OK PHOTOS_MERGED,OK PHOTOS_MERGED/20260408091945.409_h20v11.25mm.jpg,1280,720,20.0,1,20.0,11.25
OK PHOTOS_MERGED,OK PHOTOS_MERGED/20260408091948.465_h20v11.25mm.jpg,1280,720,20.0,1,20.0,11.25
OK PHOTOS_MERGED,OK PHOTOS_MERGED/20260408092020.928_h18v10.125mm.jpg,1280,720,18.0,1,18.0,10.125
OK PHOTOS_MERGED,OK PHOTOS_MERGED/20260408092022.447_h18v10.125mm.jpg,1280,720,18.0,1,18.0,10.125
OK PHOTOS_MERGED,OK PHOTOS_MERGED/20260408092203.881_h11v6.188mm.jpg,1280,720,11.0,1,11.0,6.188
OK PHOTOS_MERGED,OK PHOTOS_MERGED/20260408092250.305_h12v6.75mm.jpg,1280,720,12.0,1,12.0,6.75
OK PHOTOS_MERGED,OK PHOTOS_MERGED/20260408092251.071_h12v6.75mm.jpg,1280,720,12.0,1,12.0,6.75
OK PHOTOS_MERGED,OK PHOTOS_MERGED/20260408092323.371_h16v9mm.jpg,1280,720,16.0,1,16.0,9.0
OK PHOTOS_MERGED,OK PHOTOS_MERGED/20260408092354.933_h18v10.125mm.jpg,1280,720,18.0,1,18.0,10.125
OK PHOTOS_MERGED,OK PHOTOS_MERGED/20260408092600.618_h13v7.312mm.jpg,1280,720,13.0,1,13.0,7.312
OK PHOTOS_MERGED,OK PHOTOS_MERGED/20260408092601.148_h13v7.312mm.jpg,1280,720,13.0,1,13.0,7.312
OK PHOTOS_MERGED,OK PHOTOS_MERGED/20260408092703.583_h18v10.125mm.jpg,1280,720,18.0,1,18.0,10.125
OK PHOTOS_MERGED,OK PHOTOS_MERGED/20260408092704.317_h18v10.125mm.jpg,1280,720,18.0,1,18.0,10.125
OK PHOTOS_MERGED,OK PHOTOS_MERGED/20260408092758.320_h30v16.875mm.jpg,1280,720,30.0,1,30.0,16.875
OK PHOTOS_MERGED,OK PHOTOS_MERGED/20260408092759.005_h30v16.875mm.jpg,1280,720,30.0,1,30.0,16.875
OK PHOTOS_MERGED,OK PHOTOS_MERGED/20260408092819.986_h25v14.062mm.jpg,1280,720,25.0,1,25.0,14.062
OK PHOTOS_MERGED,OK PHOTOS_MERGED/20260408092923.668_h20v11.25mm.jpg,1280,720,20.0,1,20.0,11.25
OK PHOTOS_MERGED,OK PHOTOS_MERGED/20260408092924.239_h20v11.25mm.jpg,1280,720,20.0,1,20.0,11.25
OK PHOTOS_MERGED,OK PHOTOS_MERGED/20260408093116.378_h10v5.625mm.jpg,1280,720,10.0,1,10.0,5.625
OK PHOTOS_MERGED,OK PHOTOS_MERGED/20260408093247.747_h10v5.625mm.jpg,1280,720,10.0,1,10.0,5.625
OK PHOTOS_MERGED,OK PHOTOS_MERGED/20260408093248.320_h10v5.625mm.jpg,1280,720,10.0,1,10.0,5.625
OK PHOTOS_MERGED,OK PHOTOS_MERGED/20260408093341.545_h20v11.25mm.jpg,1280,720,20.0,1,20.0,11.25
OK PHOTOS_MERGED,OK PHOTOS_MERGED/20260408093342.578_h20v11.25mm.jpg,1280,720,20.0,1,20.0,11.25
OK PHOTOS_MERGED,OK PHOTOS_MERGED/20260409082801.186_h10v5.625mm.jpg,1280,720,10.0,1,10.0,5.625
OK PHOTOS_MERGED,OK PHOTOS_MERGED/20260409082801.862_h10v5.625mm.jpg,1280,720,10.0,1,10.0,5.625
OK PHOTOS_MERGED,OK PHOTOS_MERGED/20260409082832.163_h30v16.875mm.jpg,1280,720,30.0,1,30.0,16.875
OK PHOTOS_MERGED,OK PHOTOS_MERGED/20260409082832.650_h30v16.875mm.jpg,1280,720,30.0,1,30.0,16.875
OK PHOTOS_MERGED,OK PHOTOS_MERGED/20260409082906.562_h18v10.125mm.jpg,1280,720,18.0,1,18.0,10.125
OK PHOTOS_MERGED,OK PHOTOS_MERGED/20260409082907.137_h18v10.125mm.jpg,1280,720,18.0,1,18.0,10.125
OK PHOTOS_MERGED,OK PHOTOS_MERGED/20260409083010.786_h25v14.062mm.jpg,1280,720,25.0,1,25.0,14.062
OK PHOTOS_MERGED,OK PHOTOS_MERGED/20260409083012.080_h25v14.062mm.jpg,1280,720,25.0,1,25.0,14.062
OK PHOTOS_MERGED,OK PHOTOS_MERGED/20260409083142.435_h16v9mm.jpg,1280,720,16.0,1,16.0,9.0
OK PHOTOS_MERGED,OK PHOTOS_MERGED/20260409083142.936_h16v9mm.jpg,1280,720,16.0,1,16.0,9.0
OK PHOTOS_MERGED,OK PHOTOS_MERGED/20260409083220.380_h12v6.75mm.jpg,1280,720,12.0,1,12.0,6.75
OK PHOTOS_MERGED,OK PHOTOS_MERGED/20260409083221.147_h12v6.75mm.jpg,1280,720,12.0,1,12.0,6.75
OK PHOTOS_MERGED,OK PHOTOS_MERGED/20260409083413.601_h25v14.062mm.jpg,1280,720,25.0,1,25.0,14.062
OK PHOTOS_MERGED,OK PHOTOS_MERGED/20260409083538.931_h25v14.062mm.jpg,1280,720,25.0,1,25.0,14.062
OK PHOTOS_MERGED,OK PHOTOS_MERGED/20260409083539.432_h25v14.062mm.jpg,1280,720,25.0,1,25.0,14.062
OK PHOTOS_MERGED,OK PHOTOS_MERGED/20260409083652.849_h25v14.062mm.jpg,1280,720,25.0,1,25.0,14.062
OK PHOTOS_MERGED,OK PHOTOS_MERGED/20260409083654.164_h25v14.062mm.jpg,1280,720,25.0,1,25.0,14.062
OK PHOTOS_MERGED,OK PHOTOS_MERGED/20260410090214.204_h12v6.75mm.jpg,1280,720,12.0,1,12.0,6.75
OK PHOTOS_MERGED,OK PHOTOS_MERGED/20260414084351.987_h25v14.062mm.jpg,1280,720,25.0,1,25.0,14.062
OK PHOTOS_MERGED,OK PHOTOS_MERGED/20260414084436.000_h30v16.875mm.jpg,1280,720,30.0,1,30.0,16.875
OK PHOTOS_MERGED,OK PHOTOS_MERGED/20260414084437.327_h30v16.875mm.jpg,1280,720,30.0,1,30.0,16.875
OK PHOTOS_MERGED,OK PHOTOS_MERGED/20260414084512.455_h25v14.062mm.jpg,1280,720,25.0,1,25.0,14.062
OK PHOTOS_MERGED,OK PHOTOS_MERGED/20260414084614.390_h16v9mm.jpg,1280,720,16.0,1,16.0,9.0
OK PHOTOS_MERGED,OK PHOTOS_MERGED/20260414084615.213_h16v9mm.jpg,1280,720,16.0,1,16.0,9.0
OK PHOTOS_MERGED,OK PHOTOS_MERGED/20260414084644.433_h18v10.125mm.jpg,1280,720,18.0,1,18.0,10.125
OK PHOTOS_MERGED,OK PHOTOS_MERGED/20260414084645.267_h18v10.125mm.jpg,1280,720,18.0,1,18.0,10.125
OK PHOTOS_MERGED,OK PHOTOS_MERGED/20260414084758.123_h25v14.062mm.jpg,1280,720,25.0,1,25.0,14.062
OK PHOTOS_MERGED,OK PHOTOS_MERGED/20260414084758.973_h25v14.062mm.jpg,1280,720,25.0,1,25.0,14.062
OK PHOTOS_MERGED,OK PHOTOS_MERGED/20260414084824.014_h30v16.875mm.jpg,1280,720,30.0,1,30.0,16.875
OK PHOTOS_MERGED,OK PHOTOS_MERGED/20260414084824.932_h30v16.875mm.jpg,1280,720,30.0,1,30.0,16.875
OK PHOTOS_MERGED,OK PHOTOS_MERGED/20260414084959.395_h12v6.75mm.jpg,1280,720,12.0,1,12.0,6.75
OK PHOTOS_MERGED,OK PHOTOS_MERGED/20260414085000.416_h12v6.75mm.jpg,1280,720,12.0,1,12.0,6.75
OK PHOTOS_MERGED,OK PHOTOS_MERGED/20260414085028.198_h8.5v4.781mm.jpg,1280,720,8.5,1,8.5,4.781
OK PHOTOS_MERGED,OK PHOTOS_MERGED/20260414085028.827_h8.5v4.781mm.jpg,1280,720,8.5,1,8.5,4.781
OK PHOTOS_MERGED,OK PHOTOS_MERGED/20260414085105.948_h16v9mm.jpg,1280,720,16.0,1,16.0,9.0
OK PHOTOS_MERGED,OK PHOTOS_MERGED/20260414085106.852_h16v9mm.jpg,1280,720,16.0,1,16.0,9.0
OK PHOTOS_MERGED,OK PHOTOS_MERGED/20260414085136.939_h11v6.188mm.jpg,1280,720,11.0,1,11.0,6.188
OK PHOTOS_MERGED,OK PHOTOS_MERGED/20260414085137.517_h11v6.188mm.jpg,1280,720,11.0,1,11.0,6.188
OK PHOTOS_MERGED,OK PHOTOS_MERGED/20260414085508.088_h11v6.188mm.jpg,1280,720,11.0,1,11.0,6.188
OK PHOTOS_MERGED,OK PHOTOS_MERGED/20260414085508.808_h11v6.188mm.jpg,1280,720,11.0,1,11.0,6.188
OK PHOTOS_MERGED,OK PHOTOS_MERGED/20260414085547.513_h25v14.062mm.jpg,1280,720,25.0,1,25.0,14.062
OK PHOTOS_MERGED,OK PHOTOS_MERGED/20260414085552.730_h25v14.062mm.jpg,1280,720,25.0,1,25.0,14.062
OK PHOTOS_MERGED,OK PHOTOS_MERGED/20260414085702.879_h25v14.062mm.jpg,1280,720,25.0,1,25.0,14.062
OK PHOTOS_MERGED,OK PHOTOS_MERGED/20260414085708.180_h25v14.062mm.jpg,1280,720,25.0,1,25.0,14.062
OK PHOTOS_MERGED,OK PHOTOS_MERGED/20260416085358.202_h30v16.875mm.jpg,1280,720,30.0,1,30.0,16.875
OK PHOTOS_MERGED,OK PHOTOS_MERGED/20260416085424.128_h20v11.25mm.jpg,1280,720,20.0,1,20.0,11.25
OK PHOTOS_MERGED,OK PHOTOS_MERGED/20260416085425.555_h20v11.25mm.jpg,1280,720,20.0,1,20.0,11.25
OK PHOTOS_MERGED,OK PHOTOS_MERGED/20260416085516.218_h20v11.25mm.jpg,1280,720,20.0,1,20.0,11.25
OK PHOTOS_MERGED,OK PHOTOS_MERGED/20260416085522.702_h20v11.25mm.jpg,1280,720,20.0,1,20.0,11.25
OK PHOTOS_MERGED,OK PHOTOS_MERGED/20260416085612.569_h25v14.062mm.jpg,1280,720,25.0,1,25.0,14.062
OK PHOTOS_MERGED,OK PHOTOS_MERGED/20260416085613.158_h25v14.062mm.jpg,1280,720,25.0,1,25.0,14.062
OK PHOTOS_MERGED,OK PHOTOS_MERGED/20260416085641.592_h25v14.062mm.jpg,1280,720,25.0,1,25.0,14.062
OK PHOTOS_MERGED,OK PHOTOS_MERGED/20260416085642.820_h25v14.062mm.jpg,1280,720,25.0,1,25.0,14.062
OK PHOTOS_MERGED,OK PHOTOS_MERGED/20260416085737.977_h35v19.688mm.jpg,1280,720,35.0,1,35.0,19.688
OK PHOTOS_MERGED,OK PHOTOS_MERGED/20260416085750.486_h35v19.688mm.jpg,1280,720,35.0,1,35.0,19.688
OK PHOTOS_MERGED,OK PHOTOS_MERGED/20260417074805.923_h30v16.875mm.jpg,1280,720,30.0,1,30.0,16.875
OK PHOTOS_MERGED,OK PHOTOS_MERGED/20260417074820.890_h25v14.062mm.jpg,1280,720,25.0,1,25.0,14.062
OK PHOTOS_MERGED,OK PHOTOS_MERGED/20260417074846.857_h15v8.438mm.jpg,1280,720,15.0,1,15.0,8.438
OK PHOTOS_MERGED,OK PHOTOS_MERGED/20260417074847.657_h15v8.438mm.jpg,1280,720,15.0,1,15.0,8.438
OK PHOTOS_MERGED,OK PHOTOS_MERGED/20260417075003.160_h20v11.25mm.jpg,1280,720,20.0,1,20.0,11.25
OK PHOTOS_MERGED,OK PHOTOS_MERGED/20260417075101.342_h20v11.25mm.jpg,1280,720,20.0,1,20.0,11.25
OK PHOTOS_MERGED,OK PHOTOS_MERGED/20260417075101.934_h20v11.25mm.jpg,1280,720,20.0,1,20.0,11.25
OK PHOTOS_MERGED,OK PHOTOS_MERGED/20260417075225.140_h13v7.312mm.jpg,1280,720,13.0,1,13.0,7.312
OK PHOTOS_MERGED,OK PHOTOS_MERGED/20260417075225.872_h13v7.312mm.jpg,1280,720,13.0,1,13.0,7.312
OK PHOTOS_MERGED,OK PHOTOS_MERGED/20260417075303.226_h14v7.875mm.jpg,1280,720,14.0,1,14.0,7.875
OK PHOTOS_MERGED,OK PHOTOS_MERGED/20260417075414.573_h18v10.125mm.jpg,1280,720,18.0,1,18.0,10.125
OK PHOTOS_MERGED,OK PHOTOS_MERGED/20260417075416.080_h18v10.125mm.jpg,1280,720,18.0,1,18.0,10.125
OK PHOTOS_MERGED,OK PHOTOS_MERGED/20260417075641.024_h25v14.062mm.jpg,1280,720,25.0,1,25.0,14.062
OK PHOTOS_MERGED,OK PHOTOS_MERGED/20260417075644.089_h25v14.062mm.jpg,1280,720,25.0,1,25.0,14.062
OK PHOTOS_MERGED,OK PHOTOS_MERGED/20260417075705.790_h20v11.25mm.jpg,1280,720,20.0,1,20.0,11.25
OK PHOTOS_MERGED,OK PHOTOS_MERGED/20260417075735.905_h20v11.25mm.jpg,1280,720,20.0,1,20.0,11.25
OK PHOTOS_MERGED,OK PHOTOS_MERGED/20260417075752.241_h20v11.25mm.jpg,1280,720,20.0,1,20.0,11.25
OK PHOTOS_MERGED,OK PHOTOS_MERGED/20260417080027.872_h18v10.125mm.jpg,1280,720,18.0,1,18.0,10.125
OK PHOTOS_MERGED,OK PHOTOS_MERGED/20260417080028.456_h18v10.125mm.jpg,1280,720,18.0,1,18.0,10.125
OK PHOTOS_MERGED,OK PHOTOS_MERGED/20260419132858.923_h18v10.125mm.jpg,1280,720,18.0,1,18.0,10.125
OK PHOTOS_MERGED,OK PHOTOS_MERGED/20260419132859.500_h18v10.125mm.jpg,1280,720,18.0,1,18.0,10.125
OK PHOTOS_MERGED,OK PHOTOS_MERGED/20260419133234.836_h20v11.25mm.jpg,1280,720,20.0,1,20.0,11.25
OK PHOTOS_MERGED,OK PHOTOS_MERGED/20260419133251.903_h20v11.25mm.jpg,1280,720,20.0,1,20.0,11.25
OK PHOTOS_MERGED,OK PHOTOS_MERGED/20260419133321.904_h18v10.125mm.jpg,1280,720,18.0,1,18.0,10.125
OK PHOTOS_MERGED,OK PHOTOS_MERGED/20260419133322.459_h18v10.125mm.jpg,1280,720,18.0,1,18.0,10.125
OK PHOTOS_MERGED,OK PHOTOS_MERGED/20260419133402.926_h35v19.688mm.jpg,1280,720,35.0,1,35.0,19.688
OK PHOTOS_MERGED,OK PHOTOS_MERGED/20260419133403.753_h35v19.688mm.jpg,1280,720,35.0,1,35.0,19.688
OK PHOTOS_MERGED,OK PHOTOS_MERGED/20260419133714.784_h10v5.625mm.jpg,1280,720,10.0,1,10.0,5.625
OK PHOTOS_MERGED,OK PHOTOS_MERGED/20260419133715.403_h10v5.625mm.jpg,1280,720,10.0,1,10.0,5.625
OK PHOTOS_MERGED,OK PHOTOS_MERGED/20260419133944.550_h10v5.625mm.jpg,1280,720,10.0,1,10.0,5.625
OK PHOTOS_MERGED,OK PHOTOS_MERGED/20260419133945.136_h10v5.625mm.jpg,1280,720,10.0,1,10.0,5.625
OK PHOTOS_MERGED,OK PHOTOS_MERGED/20260419134057.318_h15v8.438mm.jpg,1280,720,15.0,1,15.0,8.438
OK PHOTOS_MERGED,OK PHOTOS_MERGED/20260421074452.885_h35v19.688mm.jpg,1280,720,35.0,1,35.0,19.688
OK PHOTOS_MERGED,OK PHOTOS_MERGED/20260421074503.703_h35v19.688mm.jpg,1280,720,35.0,1,35.0,19.688
OK PHOTOS_MERGED,OK PHOTOS_MERGED/20260421074622.437_h30v16.875mm.jpg,1280,720,30.0,1,30.0,16.875
OK PHOTOS_MERGED,OK PHOTOS_MERGED/20260421074627.306_h30v16.875mm.jpg,1280,720,30.0,1,30.0,16.875
OK PHOTOS_MERGED,OK PHOTOS_MERGED/20260421074709.189_h20v11.25mm.jpg,1280,720,20.0,1,20.0,11.25
OK PHOTOS_MERGED,OK PHOTOS_MERGED/20260421074710.089_h20v11.25mm.jpg,1280,720,20.0,1,20.0,11.25
OK PHOTOS_MERGED,OK PHOTOS_MERGED/20260421074802.636_h20v11.25mm.jpg,1280,720,20.0,1,20.0,11.25
OK PHOTOS_MERGED,OK PHOTOS_MERGED/20260421074849.486_h20v11.25mm.jpg,1280,720,20.0,1,20.0,11.25
OK PHOTOS_MERGED,OK PHOTOS_MERGED/20260421074850.627_h20v11.25mm.jpg,1280,720,20.0,1,20.0,11.25
OK PHOTOS_MERGED,OK PHOTOS_MERGED/20260421074921.346_h18v10.125mm.jpg,1280,720,18.0,1,18.0,10.125
OK PHOTOS_MERGED,OK PHOTOS_MERGED/20260421074922.918_h18v10.125mm.jpg,1280,720,18.0,1,18.0,10.125
OK PHOTOS_MERGED,OK PHOTOS_MERGED/20260421075013.699_h20v11.25mm.jpg,1280,720,20.0,1,20.0,11.25
OK PHOTOS_MERGED,OK PHOTOS_MERGED/20260421075014.553_h20v11.25mm.jpg,1280,720,20.0,1,20.0,11.25
OK PHOTOS_MERGED,OK PHOTOS_MERGED/20260421075111.097_h18v10.125mm.jpg,1280,720,18.0,1,18.0,10.125
OK PHOTOS_MERGED,OK PHOTOS_MERGED/20260421075111.795_h18v10.125mm.jpg,1280,720,18.0,1,18.0,10.125
OK PHOTOS_MERGED,OK PHOTOS_MERGED/20260421075206.500_h20v11.25mm.jpg,1280,720,20.0,1,20.0,11.25
OK PHOTOS_MERGED,OK PHOTOS_MERGED/20260421075207.436_h20v11.25mm.jpg,1280,720,20.0,1,20.0,11.25
OK PHOTOS_MERGED,OK PHOTOS_MERGED/20260421075311.406_h15v8.438mm.jpg,1280,720,15.0,1,15.0,8.438
OK PHOTOS_MERGED,OK PHOTOS_MERGED/20260421075312.053_h15v8.438mm.jpg,1280,720,15.0,1,15.0,8.438
OK PHOTOS_MERGED,OK PHOTOS_MERGED/20260421075403.348_h11v6.188mm.jpg,1280,720,11.0,1,11.0,6.188
OK PHOTOS_MERGED,OK PHOTOS_MERGED/20260421075404.186_h11v6.188mm.jpg,1280,720,11.0,1,11.0,6.188
OK PHOTOS_MERGED,OK PHOTOS_MERGED/20260421075449.369_h9.5v5.344mm.jpg,1280,720,9.5,1,9.5,5.344
OK PHOTOS_MERGED,OK PHOTOS_MERGED/20260421075452.900_h9v5.062mm.jpg,1280,720,9.0,1,9.0,5.062
OK PHOTOS_MERGED,OK PHOTOS_MERGED/20260421075524.632_h9.5v5.344mm.jpg,1280,720,9.5,1,9.5,5.344
OK PHOTOS_MERGED,OK PHOTOS_MERGED/20260421075525.534_h9.5v5.344mm.jpg,1280,720,9.5,1,9.5,5.344
OK PHOTOS_MERGED,OK PHOTOS_MERGED/20260421075635.565_h13v7.312mm.jpg,1280,720,13.0,1,13.0,7.312
OK PHOTOS_MERGED,OK PHOTOS_MERGED/20260421075638.052_h13v7.312mm.jpg,1280,720,13.0,1,13.0,7.312
OK PHOTOS_MERGED,OK PHOTOS_MERGED/20260422083352.865_h30v16.875mm.jpg,1280,720,30.0,1,30.0,16.875
OK PHOTOS_MERGED,OK PHOTOS_MERGED/20260422083527.309_h35v19.688mm.jpg,1280,720,35.0,1,35.0,19.688
OK PHOTOS_MERGED,OK PHOTOS_MERGED/20260422083626.115_h35v19.688mm.jpg,1280,720,35.0,1,35.0,19.688
OK PHOTOS_MERGED,OK PHOTOS_MERGED/20260422083800.276_h25v14.062mm.jpg,1280,720,25.0,1,25.0,14.062
OK PHOTOS_MERGED,OK PHOTOS_MERGED/20260422083846.116_h25v14.062mm.jpg,1280,720,25.0,1,25.0,14.062
OK PHOTOS_MERGED,OK PHOTOS_MERGED/20260422084009.716_h20v11.25mm.jpg,1280,720,20.0,1,20.0,11.25
OK PHOTOS_MERGED,OK PHOTOS_MERGED/20260422084108.337_h35v19.688mm.jpg,1280,720,35.0,1,35.0,19.688
OK PHOTOS_MERGED,OK PHOTOS_MERGED/20260422084209.866_h35v19.688mm.jpg,1280,720,35.0,1,35.0,19.688
OK PHOTOS_MERGED,OK PHOTOS_MERGED/20260422084243.819_h40v22.5mm.jpg,1280,720,40.0,1,40.0,22.5
OK PHOTOS_MERGED,OK PHOTOS_MERGED/20260422084326.616_h40v22.5mm.jpg,1280,720,40.0,1,40.0,22.5
OK PHOTOS_MERGED,OK PHOTOS_MERGED/20260422084446.499_h35v19.688mm.jpg,1280,720,35.0,1,35.0,19.688
OK PHOTOS_MERGED,OK PHOTOS_MERGED/20260422084619.215_h16v9mm.jpg,1280,720,16.0,1,16.0,9.0
OK PHOTOS_MERGED,OK PHOTOS_MERGED/20260422084804.214_h30v16.875mm.jpg,1280,720,30.0,1,30.0,16.875
OK PHOTOS_MERGED,OK PHOTOS_MERGED/20260422084845.028_h30v16.875mm.jpg,1280,720,30.0,1,30.0,16.875
OK PHOTOS_MERGED,OK PHOTOS_MERGED/20260422085043.179_h18v10.125mm.jpg,1280,720,18.0,1,18.0,10.125
OK PHOTOS_MERGED,OK PHOTOS_MERGED/20260422085246.662_h16v9mm.jpg,1280,720,16.0,1,16.0,9.0
OK PHOTOS_MERGED,OK PHOTOS_MERGED/20260422085341.261_h35v19.688mm.jpg,1280,720,35.0,1,35.0,19.688
OK PHOTOS_MERGED,OK PHOTOS_MERGED/20260422085450.979_h25v14.062mm.jpg,1280,720,25.0,1,25.0,14.062
OK PHOTOS_MERGED,OK PHOTOS_MERGED/20260422085710.060_h35v19.688mm.jpg,1280,720,35.0,1,35.0,19.688
OK PHOTOS_MERGED,OK PHOTOS_MERGED/20260422085839.391_h18v10.125mm.jpg,1280,720,18.0,1,18.0,10.125
OK PHOTOS_MERGED,OK PHOTOS_MERGED/20260422085936.878_h20v11.25mm.jpg,1280,720,20.0,1,20.0,11.25
OK PHOTOS_MERGED,OK PHOTOS_MERGED/20260422090025.184_h25v14.062mm.jpg,1280,720,25.0,1,25.0,14.062
OK PHOTOS_MERGED,OK PHOTOS_MERGED/20260422090102.760_h25v14.062mm.jpg,1280,720,25.0,1,25.0,14.062
OK PHOTOS_MERGED,OK PHOTOS_MERGED/20260422090213.324_h20v11.25mm.jpg,1280,720,20.0,1,20.0,11.25
OK PHOTOS_MERGED,OK PHOTOS_MERGED/20260422090344.188_h18v10.125mm.jpg,1280,720,18.0,1,18.0,10.125
OK PHOTOS_MERGED,OK PHOTOS_MERGED/20260422090452.191_h20v11.25mm.jpg,1280,720,20.0,1,20.0,11.25
OK PHOTOS_MERGED,OK PHOTOS_MERGED/20260422090532.657_h25v14.062mm.jpg,1280,720,25.0,1,25.0,14.062
OK PHOTOS_MERGED,OK PHOTOS_MERGED/20260422090628.984_h25v14.062mm.jpg,1280,720,25.0,1,25.0,14.062
OK PHOTOS_MERGED,OK PHOTOS_MERGED/20260422090654.647_h25v14.062mm.jpg,1280,720,25.0,1,25.0,14.062
OK PHOTOS_MERGED,OK PHOTOS_MERGED/20260422090747.335_h30v16.875mm.jpg,1280,720,30.0,1,30.0,16.875
OK PHOTOS_MERGED,OK PHOTOS_MERGED/20260422090901.822_h30v16.875mm.jpg,1280,720,30.0,1,30.0,16.875
OK PHOTOS_MERGED,OK PHOTOS_MERGED/20260422091017.936_h25v14.062mm.jpg,1280,720,25.0,1,25.0,14.062
OK PHOTOS_MERGED,OK PHOTOS_MERGED/20260422091112.702_h25v14.062mm.jpg,1280,720,25.0,1,25.0,14.062
OK PHOTOS_MERGED,OK PHOTOS_MERGED/20260422091202.915_h20v11.25mm.jpg,1280,720,20.0,1,20.0,11.25
OK PHOTOS_MERGED,OK PHOTOS_MERGED/20260422091322.370_h20v11.25mm.jpg,1280,720,20.0,1,20.0,11.25
OK PHOTOS_MERGED,OK PHOTOS_MERGED/20260422091440.365_h25v14.062mm.jpg,1280,720,25.0,1,25.0,14.062
OK PHOTOS_MERGED,OK PHOTOS_MERGED/20260422091521.952_h30v16.875mm.jpg,1280,720,30.0,1,30.0,16.875
OK PHOTOS_MERGED,OK PHOTOS_MERGED/20260422091619.268_h35v19.688mm.jpg,1280,720,35.0,1,35.0,19.688
OK PHOTOS_MERGED,OK PHOTOS_MERGED/20260422091846.204_h40v22.5mm.jpg,1280,720,40.0,1,40.0,22.5
OK PHOTOS_MERGED,OK PHOTOS_MERGED/20260422091937.204_h40v22.5mm.jpg,1280,720,40.0,1,40.0,22.5
OK PHOTOS_MERGED,OK PHOTOS_MERGED/20260422092208.117_h15v8.438mm.jpg,1280,720,15.0,1,15.0,8.438
OK PHOTOS_MERGED,OK PHOTOS_MERGED/20260422092253.001_h25v14.062mm.jpg,1280,720,25.0,1,25.0,14.062
OK PHOTOS_MERGED,OK PHOTOS_MERGED/20260422092638.391_h13v7.312mm.jpg,1280,720,13.0,1,13.0,7.312
OK PHOTOS_MERGED,OK PHOTOS_MERGED/20260422092937.007_h18v10.125mm.jpg,1280,720,18.0,1,18.0,10.125
OK PHOTOS_MERGED,OK PHOTOS_MERGED/20260422092959.500_h18v10.125mm.jpg,1280,720,18.0,1,18.0,10.125
OK PHOTOS_MERGED,OK PHOTOS_MERGED/20260422093134.855_h20v11.25mm.jpg,1280,720,20.0,1,20.0,11.25
OK PHOTOS_MERGED,OK PHOTOS_MERGED/20260422093223.148_h16v9mm.jpg,1280,720,16.0,1,16.0,9.0
OK PHOTOS_MERGED,OK PHOTOS_MERGED/20260422093450.735_h16v9mm.jpg,1280,720,16.0,1,16.0,9.0
OK PHOTOS_MERGED,OK PHOTOS_MERGED/20260422093542.698_h18v10.125mm.jpg,1280,720,18.0,1,18.0,10.125
OK PHOTOS_MERGED,OK PHOTOS_MERGED/20260422093720.144_h18v10.125mm.jpg,1280,720,18.0,1,18.0,10.125
OK PHOTOS_MERGED,OK PHOTOS_MERGED/20260422093825.738_h18v10.125mm.jpg,1280,720,18.0,1,18.0,10.125
OK PHOTOS_MERGED,OK PHOTOS_MERGED/20260422093921.326_h20v11.25mm.jpg,1280,720,20.0,1,20.0,11.25
OK PHOTOS_MERGED,OK PHOTOS_MERGED/20260422094050.560_h20v11.25mm.jpg,1280,720,20.0,1,20.0,11.25
OK PHOTOS_MERGED,OK PHOTOS_MERGED/20260422094336.998_h8.5v4.781mm.jpg,1280,720,8.5,1,8.5,4.781
OK PHOTOS_MERGED,OK PHOTOS_MERGED/20260422094422.606_h9v5.062mm.jpg,1280,720,9.0,1,9.0,5.062
OK PHOTOS_MERGED,OK PHOTOS_MERGED/20260422094608.553_h18v10.125mm.jpg,1280,720,18.0,1,18.0,10.125
OK PHOTOS_MERGED,OK PHOTOS_MERGED/20260422094853.463_h16v9mm.jpg,1280,720,16.0,1,16.0,9.0
OK PHOTOS_MERGED,OK PHOTOS_MERGED/20260422095028.353_h16v9mm.jpg,1280,720,16.0,1,16.0,9.0
OK PHOTOS_MERGED,OK PHOTOS_MERGED/20260422095042.055_h18v10.125mm.jpg,1280,720,18.0,1,18.0,10.125
OK PHOTOS_MERGED,OK PHOTOS_MERGED/20260422095208.569_h16v9mm.jpg,1280,720,16.0,1,16.0,9.0
OK PHOTOS_MERGED,OK PHOTOS_MERGED/20260422095328.718_h25v14.062mm.jpg,1280,720,25.0,1,25.0,14.062
OK PHOTOS_MERGED,OK PHOTOS_MERGED/20260423080909.041_h25v14.062mm.jpg,1280,720,25.0,1,25.0,14.062
OK PHOTOS_MERGED,OK PHOTOS_MERGED/20260424080015.526_h18v10.125mm.jpg,1280,720,18.0,1,18.0,10.125
OK PHOTOS_MERGED,OK PHOTOS_MERGED/20260427081038.509_h18v10.125mm.jpg,1280,720,18.0,1,18.0,10.125
OK PHOTOS_MERGED,OK PHOTOS_MERGED/20260427081057.381_h14v7.875mm.jpg,1280,720,14.0,1,14.0,7.875
OK PHOTOS_MERGED,OK PHOTOS_MERGED/20260427081255.177_h11v6.188mm.jpg,1280,720,11.0,1,11.0,6.188
OK PHOTOS_MERGED,OK PHOTOS_MERGED/20260427081422.548_h35v19.688mm.jpg,1280,720,35.0,1,35.0,19.688
OK PHOTOS_MERGED,OK PHOTOS_MERGED/20260427081459.223_h30v16.875mm.jpg,1280,720,30.0,1,30.0,16.875
OK PHOTOS_MERGED,OK PHOTOS_MERGED/20260427081523.510_h20v11.25mm.jpg,1280,720,20.0,1,20.0,11.25
OK PHOTOS_MERGED,OK PHOTOS_MERGED/20260427081622.170_h18v10.125mm.jpg,1280,720,18.0,1,18.0,10.125
OK PHOTOS_MERGED,OK PHOTOS_MERGED/20260427081746.635_h18v10.125mm.jpg,1280,720,18.0,1,18.0,10.125
OK PHOTOS_MERGED,OK PHOTOS_MERGED/20260427081842.951_h35v19.688mm.jpg,1280,720,35.0,1,35.0,19.688
OK PHOTOS_MERGED,OK PHOTOS_MERGED/20260427081917.958_h16v9mm.jpg,1280,720,16.0,1,16.0,9.0
OK PHOTOS_MERGED,OK PHOTOS_MERGED/20260427082008.564_h30v16.875mm.jpg,1280,720,30.0,1,30.0,16.875
OK PHOTOS_MERGED,OK PHOTOS_MERGED/20260427082209.826_h20v11.25mm.jpg,1280,720,20.0,1,20.0,11.25
OK PHOTOS_MERGED,OK PHOTOS_MERGED/20260427082315.198_h30v16.875mm.jpg,1280,720,30.0,1,30.0,16.875
OK PHOTOS_MERGED,OK PHOTOS_MERGED/20260427082356.592_h13v7.312mm.jpg,1280,720,13.0,1,13.0,7.312
OK PHOTOS_MERGED,OK PHOTOS_MERGED/20260427082420.651_h12v6.75mm.jpg,1280,720,12.0,1,12.0,6.75
OK PHOTOS_MERGED,OK PHOTOS_MERGED/20260427082504.168_h20v11.25mm.jpg,1280,720,20.0,1,20.0,11.25
OK PHOTOS_MERGED,OK PHOTOS_MERGED/20260427082504.809_h20v11.25mm.jpg,1280,720,20.0,1,20.0,11.25
OK PHOTOS_MERGED,OK PHOTOS_MERGED/20260427082548.410_h14v7.875mm.jpg,1280,720,14.0,1,14.0,7.875
OK PHOTOS_MERGED,OK PHOTOS_MERGED/20260427082710.064_h30v16.875mm.jpg,1280,720,30.0,1,30.0,16.875
OK PHOTOS_MERGED,OK PHOTOS_MERGED/20260427082740.884_h16v9mm.jpg,1280,720,16.0,1,16.0,9.0
OK PHOTOS_MERGED,OK PHOTOS_MERGED/20260427082814.164_h15v8.438mm.jpg,1280,720,15.0,1,15.0,8.438
OK PHOTOS_MERGED,OK PHOTOS_MERGED/20260428074004.659_h25v14.062mm.jpg,1280,720,25.0,1,25.0,14.062
OK PHOTOS_MERGED,OK PHOTOS_MERGED/20260428074035.832_h25v14.062mm.jpg,1280,720,25.0,1,25.0,14.062
OK PHOTOS_MERGED,OK PHOTOS_MERGED/20260428074058.595_h25v14.062mm.jpg,1280,720,25.0,1,25.0,14.062
OK PHOTOS_MERGED,OK PHOTOS_MERGED/20260428074135.846_h25v14.062mm.jpg,1280,720,25.0,1,25.0,14.062
OK PHOTOS_MERGED,OK PHOTOS_MERGED/20260428074251.234_h18v10.125mm.jpg,1280,720,18.0,1,18.0,10.125
OK PHOTOS_MERGED,OK PHOTOS_MERGED/20260428074534.754_h18v10.125mm.jpg,1280,720,18.0,1,18.0,10.125
OK PHOTOS_MERGED,OK PHOTOS_MERGED/20260428074535.445_h18v10.125mm.jpg,1280,720,18.0,1,18.0,10.125
OK PHOTOS_MERGED,OK PHOTOS_MERGED/20260428074707.755_h15v8.438mm.jpg,1280,720,15.0,1,15.0,8.438
OK PHOTOS_MERGED,OK PHOTOS_MERGED/20260428075005.446_h18v10.125mm.jpg,1280,720,18.0,1,18.0,10.125
OK PHOTOS_MERGED,OK PHOTOS_MERGED/20260428075042.306_h20v11.25mm.jpg,1280,720,20.0,1,20.0,11.25
OK PHOTOS_MERGED,OK PHOTOS_MERGED/20260428075124.756_h35v19.688mm.jpg,1280,720,35.0,1,35.0,19.688
OK PHOTOS_MERGED,OK PHOTOS_MERGED/20260428075147.090_h30v16.875mm.jpg,1280,720,30.0,1,30.0,16.875
OK PHOTOS_MERGED,OK PHOTOS_MERGED/20260429075637.870_h16v9mm.jpg,1280,720,16.0,1,16.0,9.0
OK PHOTOS_MERGED,OK PHOTOS_MERGED/20260429075638.494_h16v9mm.jpg,1280,720,16.0,1,16.0,9.0
OK PHOTOS_MERGED,OK PHOTOS_MERGED/20260429075713.489_h15v8.438mm.jpg,1280,720,15.0,1,15.0,8.438
OK PHOTOS_MERGED,OK PHOTOS_MERGED/20260429075714.080_h15v8.438mm.jpg,1280,720,15.0,1,15.0,8.438
OK PHOTOS_MERGED,OK PHOTOS_MERGED/20260429075748.203_h14v7.875mm.jpg,1280,720,14.0,1,14.0,7.875
OK PHOTOS_MERGED,OK PHOTOS_MERGED/20260429075748.787_h14v7.875mm.jpg,1280,720,14.0,1,14.0,7.875
OK PHOTOS_MERGED,OK PHOTOS_MERGED/20260429080053.653_h16v9mm.jpg,1280,720,16.0,1,16.0,9.0
OK PHOTOS_MERGED,OK PHOTOS_MERGED/20260429080054.230_h16v9mm.jpg,1280,720,16.0,1,16.0,9.0
OK PHOTOS_MERGED,OK PHOTOS_MERGED/20260429080054.821_h16v9mm.jpg,1280,720,16.0,1,16.0,9.0
OK PHOTOS_MERGED,OK PHOTOS_MERGED/20260429080137.236_h30v16.875mm.jpg,1280,720,30.0,1,30.0,16.875
OK PHOTOS_MERGED,OK PHOTOS_MERGED/20260429080137.868_h30v16.875mm.jpg,1280,720,30.0,1,30.0,16.875
OK PHOTOS_MERGED,OK PHOTOS_MERGED/20260429080230.609_h10v5.625mm.jpg,1280,720,10.0,1,10.0,5.625
OK PHOTOS_MERGED,OK PHOTOS_MERGED/20260429080231.250_h10v5.625mm.jpg,1280,720,10.0,1,10.0,5.625
OK PHOTOS_MERGED,OK PHOTOS_MERGED/20260429080311.942_h8.5v4.781mm.jpg,1280,720,8.5,1,8.5,4.781
OK PHOTOS_MERGED,OK PHOTOS_MERGED/20260429080312.546_h8.5v4.781mm.jpg,1280,720,8.5,1,8.5,4.781
OK PHOTOS_MERGED,OK PHOTOS_MERGED/20260429080525.186_h16v9mm.jpg,1280,720,16.0,1,16.0,9.0
OK PHOTOS_MERGED,OK PHOTOS_MERGED/20260429080525.805_h16v9mm.jpg,1280,720,16.0,1,16.0,9.0
OK PHOTOS_MERGED,OK PHOTOS_MERGED/20260429080605.037_h13v7.312mm.jpg,1280,720,13.0,1,13.0,7.312
OK PHOTOS_MERGED,OK PHOTOS_MERGED/20260429080605.683_h13v7.312mm.jpg,1280,720,13.0,1,13.0,7.312
OK PHOTOS_MERGED,OK PHOTOS_MERGED/20260429080643.788_h18v10.125mm.jpg,1280,720,18.0,1,18.0,10.125
OK PHOTOS_MERGED,OK PHOTOS_MERGED/20260429080644.738_h18v10.125mm.jpg,1280,720,18.0,1,18.0,10.125
OK PHOTOS_MERGED,OK PHOTOS_MERGED/20260429080712.122_h20v11.25mm.jpg,1280,720,20.0,1,20.0,11.25
OK PHOTOS_MERGED,OK PHOTOS_MERGED/20260429080712.777_h20v11.25mm.jpg,1280,720,20.0,1,20.0,11.25
OK PHOTOS_MERGED,OK PHOTOS_MERGED/20260429080751.738_h13v7.312mm.jpg,1280,720,13.0,1,13.0,7.312
OK PHOTOS_MERGED,OK PHOTOS_MERGED/20260429080752.328_h13v7.312mm.jpg,1280,720,13.0,1,13.0,7.312
OK PHOTOS_MERGED,OK PHOTOS_MERGED/20260429080912.737_h5.5v3.094mm.jpg,1280,720,5.5,1,5.5,3.094
OK PHOTOS_MERGED,OK PHOTOS_MERGED/20260429080913.332_h5.5v3.094mm.jpg,1280,720,5.5,1,5.5,3.094
OK PHOTOS_MERGED,OK PHOTOS_MERGED/20260429080914.018_h5.5v3.094mm.jpg,1280,720,5.5,1,5.5,3.094
OK PHOTOS_MERGED,OK PHOTOS_MERGED/BD1 OK.jpg,1280,720,25.0,1,,
OK PHOTOS_MERGED,OK PHOTOS_MERGED/LIFTUP OK.jpg,1280,720,20.0,1,,
OK PHOTOS_MERGED,OK PHOTOS_MERGED/R28OK.jpg,1280,720,14.0,1,,
OK PHOTOS_MERGED,OK PHOTOS_MERGED/R3 OK.jpg,1280,720,16.0,1,,
OK PHOTOS_MERGED,OK PHOTOS_MERGED/R31 OK.jpg,1280,720,13.0,1,,
OK PHOTOS_MERGED,OK PHOTOS_MERGED/R36 OK.jpg,1280,720,13.0,1,,
OK PHOTOS_MERGED,OK PHOTOS_MERGED/R43 OK.jpg,1280,720,13.0,1,,
